v 1.248260021 13.0259304 -1.773615956
vn 0.702462554 -0.08067451417 -0.7071336508
v 1.317379832 17.72592926 -1.702167153
vn 0.7416906953 0.0005580866709 -0.6707418561
v 1.435763955 13.0259304 -1.565193892
vn 0.7721015215 -0.08243044466 -0.6301305294
v 1.435276031 17.72592926 -1.564774871
vn 0.7913950682 0.000737898692 -0.6113045812
v 1.598752975 13.0259304 -1.337088943
vn 0.8362394571 -0.06303174049 -0.5447298288
v 1.446828961 17.72592926 -1.551311016
vn 0.8043850064 -0.0001076271219 -0.5941084027
v 1.56388402 17.72592926 -1.390648007
vn 0.8193775415 0.001226314926 -0.5732529163
v 1.733795047 17.72592926 -1.09146595
vn 0.8913057446 0.002217028057 -0.4533973038
v 1.735177159 13.0259304 -1.092169046
vn 0.9014852643 -0.06428205967 -0.4280094802
v 1.667804003 17.72592926 -1.221192956
vn 0.8733850718 0.000578390318 -0.4870299399
v 1.597283006 17.72592926 -1.336187005
vn 0.8524649739 0.001321202959 -0.5227826238
v 1.757931948 17.72592926 -1.044016004
vn 0.9179810882 0.0005821210216 -0.3966237009
v 1.833698988 17.72592926 -0.8602393866
vn 0.9251710176 0.0004282880982 -0.3795502484
v 1.843320966 13.0259304 -0.8335142732
vn 0.9421337843 -0.08099342883 -0.3253060281
v 1.842399001 17.72592926 -0.8332173824
vn 0.9518716335 0.002095638774 -0.3064898849
v 1.894623876 17.72592926 -0.6710236669
vn 0.9604867697 0.0002286453673 -0.2783255279
v 1.921825051 13.0259304 -0.5643774867
vn 0.9707149267 -0.08121845871 -0.226088658
v 1.919923067 17.72592926 -0.5639284253
vn 0.9732117057 0.002300780965 -0.2298993766
v 1.940323949 17.72592926 -0.4775657952
vn 0.9847921133 0.0002070863266 -0.1737367511
v 1.969701052 13.0259304 -0.2881434858
vn 0.9906445742 -0.05608307198 -0.1244105548
v 1.969431996 17.72592926 -0.2881020904
vn 0.9951524734 0.0007725287578 -0.09834131598
v 1.986347914 13.0259304 -0.008285946213
vn 0.9978526235 -0.06334424764 -0.01666346006
v 1.970510125 17.72592926 -0.2810884118
vn 0.997140348 -5.657600559e-05 -0.07557206601
v 1.984989047 17.72592926 -0.08283385634
vn 0.9986790419 0.001128512435 -0.0513703078
v 1.970231056 17.72592926 0.2715612948
vn 0.9962881804 0.002171436558 0.08605332673
v 1.971557021 13.0259304 0.2716757953
vn 0.9912584424 -0.06383511424 0.1154635027
v 1.983672023 17.72592926 0.115944311
vn 0.9986650944 0.0005755033344 0.05165009201
v 1.984495044 17.72592926 -0.008298244327
vn 0.9999771118 0.001348202815 0.006625820417
v 1.966566086 17.72592926 0.3139894009
vn 0.9885195494 0.0006517245201 0.1510914266
v 1.93377912 17.72592926 0.5100495219
vn 0.9853616953 0.0004468064872 0.1704761982
v 1.925511837 13.0259304 0.5482211113
vn 0.9711033702 -0.08034689724 0.2247280031
v 1.847007155 17.72592926 0.8172705173
vn 0.9477230906 0.002286704257 0.3190858364
v 1.848793983 13.0259304 0.8178722262
vn 0.9387318492 -0.06384600699 0.3386831284
v 1.885519028 17.72592926 0.7028846741
vn 0.9615518451 0.0005738991313 0.274622798
v 1.924301982 17.72592926 0.5479180813
vn 0.9700810313 0.001220877282 0.2427783757
v 1.82209003 17.72592926 0.8912761807
vn 0.927968502 0.000417215022 0.3726583719
v 1.743895054 17.72592926 1.074033022
vn 0.922495544 0.0003978710738 0.3860075772
v 1.742367029 13.0259304 1.077237964
vn 0.8951258659 -0.08031128347 0.4385199547
v 1.742244005 17.72592926 1.077172995
vn 0.8852162361 0.001923034666 0.4651757777
v 1.651425958 17.72592926 1.249999046
vn 0.8752701283 0.0002024536079 0.4836343229
v 1.607568979 13.0259304 1.323057055
vn 0.8449404836 -0.08053263277 0.5287627578
v 1.445243001 17.72592926 1.551597953
vn 0.8003612161 0.002116064075 0.5995143056
v 1.446095824 13.0259304 1.552237988
vn 0.778988421 -0.06400000304 0.6237636209
v 1.545269132 17.72592926 1.418061972
vn 0.8184791803 0.0005698602181 0.5745359063
v 1.605931997 17.72592926 1.322023034
vn 0.8454610705 0.001365764067 0.5340352654
v 1.426096082 17.72592926 1.577160001
vn 0.7574289441 0.0007223372231 0.6529172063
v 1.294657946 17.72592926 1.726287007
vn 0.7439870238 0.0004674227675 0.6681939363
v 1.259977937 13.0259304 1.761898041
vn 0.7034671903 -0.08062811941 0.7061395049
v 1.050428987 17.72592926 1.948034048
vn 0.6359910369 0.002262991155 0.7716931105
v 1.051555872 13.0259304 1.949401975
vn 0.616035521 -0.06410719454 0.7851054072
v 1.151787996 17.72592926 1.864499092
vn 0.6685343981 0.000577551371 0.743680954
v 1.258947849 17.72592926 1.760833025
vn 0.6952933073 0.001270005014 0.7187250257
v 0.9983887672 17.72592926 1.990923047
vn 0.5890629292 0.0004887466202 0.8080869913
v 0.8354297876 17.72592926 2.104759932
vn 0.5757086873 0.0004082752566 0.8176547885
v 0.8234509826 13.0259304 2.112390995
vn 0.5255485773 -0.08072164655 0.8469254375
v 0.8231858611 17.72592926 2.111938
vn 0.5057320595 0.002003579168 0.862688303
v 0.6639416218 17.72592926 2.205291033
vn 0.4843486547 0.0002155995026 0.8748750687
v 0.5785307884 13.0259304 2.24881506
vn 0.4350985289 -0.08096769452 0.8967348933
v 0.5776711106 17.72592926 2.247037888
vn 0.4355860054 0.001373905339 0.9001460671
v 0.4850082994 17.72592926 2.291877985
vn 0.3879414499 0.000561621855 0.9216838479
v 0.3198763132 13.0259304 2.356959105
vn 0.3393084109 -0.08315104246 0.9369928837
v 0.3196020126 17.72592926 2.356254101
vn 0.3150535822 0.0007266546017 0.9490736127
v 0.0507395938 13.0259304 2.435462952
vn 0.2378395647 -0.06308918446 0.9692533612
v 0.2997614145 17.72592926 2.363976002
vn 0.2948649824 -0.0001186127265 0.9555389285
v 0.1093717963 17.72592926 2.421128035
vn 0.2698802352 0.001259374782 0.9628930688
v -0.2257076055 17.72592926 2.481739998
vn 0.1321693808 0.002229957609 0.9912246466
v -0.2254943997 13.0259304 2.483339071
vn 0.1057787985 -0.04425805807 0.9934042692
v -0.08495664597 17.72592926 2.462971926
vn 0.1710282564 0.000578630541 0.9852659702
v 0.05038779974 17.72592926 2.433829069
vn 0.2105010152 0.001310136984 0.9775927663
v -0.2819952965 17.72592926 2.489244938
vn 0.07062608004 0.0005588122294 0.9975026846
v -0.4804984927 17.72592926 2.49977994
vn 0.05259844661 0.0004226168385 0.9986156821
v -0.5053520203 13.0259304 2.499985933
vn -0.004484965932 -0.08028767258 0.99676162
v -0.5053290129 17.72592926 2.499121904
vn -0.02650636062 0.002074146876 0.9996464849
v -0.6792113185 17.72592926 2.494510889
vn -0.05472913384 0.0002258229797 0.9985012412
v -0.7853137255 13.0259304 2.485194921
vn -0.1075802594 -0.08039738983 0.9909403324
v -0.7851055861 17.72592926 2.483238935
vn -0.1058438793 0.002303716494 0.9943801165
v -0.8768771291 17.72592926 2.473470926
vn -0.1614737064 0.0002115334937 0.9868769646
v -1.061859012 13.0259304 2.439150095
vn -0.2098705769 -0.08132571727 0.9743410349
v -1.061784983 17.72592926 2.438755989
vn -0.2364369631 0.0007609360036 0.9716465473
v -1.331509948 13.0259304 2.362432003
vn -0.313942343 -0.06315819919 0.9473390579
v -1.072247028 17.72592926 2.436791897
vn -0.2581159472 -7.696045213e-05 0.966113925
v -1.264083982 17.72592926 2.384707928
vn -0.2819866836 0.001161052962 0.9594176412
v -1.59029603 17.72592926 2.254720926
vn -0.4115729928 0.002187469043 0.9113741517
v -1.590875983 13.0259304 2.256005049
vn -0.4369035065 -0.0639019236 0.8972356915
v -1.451177001 17.72592926 2.317545891
vn -0.3787884414 0.0005767192342 0.9254831076
v -1.330896974 17.72592926 2.360723972
vn -0.3378662765 0.00134034548 0.9411931634
v -1.632343054 17.72592926 2.235732079
vn -0.4695172012 0.0006283647381 0.8829230666
v -1.806435943 17.72592926 2.139782906
vn -0.4864789546 0.0004402656632 0.8736921549
v -1.836694956 13.0259304 2.121206999
vn -0.5331602693 -0.08045937866 0.8421795368
v -1.836055994 17.72592926 2.120239019
vn -0.550737381 0.001202206709 0.8346777558
v -1.972355008 17.72592926 2.030306101
vn -0.5769651532 0.000572020188 0.8167685866
v -2.065876007 13.0259304 1.959733844
vn -0.6174202561 -0.08059376478 0.7824940085
v -2.064697981 17.72592926 1.958225965
vn -0.6153105497 0.002292521764 0.7882814407
v -2.129051924 17.72592926 1.907992959
vn -0.6613067985 0.0001974817278 0.7501155138
v -2.27553606 13.0259304 1.773615956
vn -0.7033108473 -0.06406565011 0.7079896927
v -2.27553606 17.72592926 1.773615956
vn -0.7046036124 0.00142989005 0.7095996737
v -2.410881042 17.72592926 1.628026962
vn -0.7456639409 0.0005364152603 0.6663219929
v -2.463040113 13.0259304 1.565193892
vn -0.7783740759 -0.0807550773 0.622585237
v -2.625065088 17.72592926 1.33644402
vn -0.8310063481 0.002135723829 0.5562588573
v -2.626028061 13.0259304 1.337088943
vn -0.846344471 -0.06420459598 0.5287521482
v -2.534229994 17.72592926 1.472144008
vn -0.8127453327 0.0005721204798 0.5826188326
v -2.46153903 17.72592926 1.564007044
vn -0.7841877341 0.001361086266 0.6205221415
v -2.644804955 17.72592926 1.306953907
vn -0.8666334152 0.0006985780201 0.4989449084
v -2.741904974 17.72592926 1.133501053
vn -0.8765134811 0.0004605505092 0.481377095
v -2.762453079 13.0259304 1.092169046
vn -0.8989928961 -0.08091431856 0.4304238558
v -2.868891954 17.72592926 0.8328896165
vn -0.9389310479 0.002272072714 0.3440977931
v -2.870596886 13.0259304 0.8335142732
vn -0.9446858764 -0.06436474621 0.3215987384
v -2.824918032 17.72592926 0.9528813362
vn -0.9228330255 0.0005768268602 0.385199815
v -2.761172056 17.72592926 1.091580033
vn -0.9086273313 0.00125506171 0.4176059961
v -2.893318892 17.72592926 0.7662374973
vn -0.9574784636 0.0004653240321 0.2885044217
v -2.946674109 17.72592926 0.5747491717
vn -0.9619191885 0.000404264254 0.2733337283
v -2.949100018 13.0259304 0.5643774867
vn -0.9730297327 -0.08107212186 0.2159638852
v -2.948707104 17.72592926 0.5643010139
vn -0.9815835953 0.001977380598 0.1910229623
v -2.984646082 17.72592926 0.379627198
vn -0.9857850075 0.0002113492665 0.1680116206
v -2.996977091 13.0259304 0.2881434858
vn -0.9918745756 -0.05577525124 0.1143411994
v -3.012759924 17.72592926 0.008257233538
vn -0.9994488955 0.002074328018 0.03313064203
v -3.013623953 13.0259304 0.008285946213
vn -0.9979599714 -0.06383769959 -0.0008103602449
v -3.006997108 17.72592926 0.1821050793
vn -0.9981040955 0.000564630318 0.06154602394
v -2.995023012 17.72592926 0.2879224122
vn -0.9936576486 0.001371943741 0.1124394611
v -3.013582945 17.72592926 -0.01656829007
vn -0.9992942214 0.0007708899793 -0.03755641729
v -3.004364014 17.72592926 -0.2151369005
vn -0.9983101487 0.000482352596 -0.05810843781
v -2.998832941 13.0259304 -0.2716757953
vn -0.9903690219 -0.08036407828 -0.1127423495
v -2.951152086 17.72592926 -0.5478801131
vn -0.9789640307 0.002242177958 -0.2040205151
v -2.952788115 13.0259304 -0.5482211113
vn -0.9714279771 -0.06383784115 -0.2285878509
v -2.979398012 17.72592926 -0.4123454988
vn -0.9864284396 0.0005786973634 -0.1641906947
v -2.99723196 17.72592926 -0.2714731991
vn -0.9920807481 0.001297941431 -0.1255949289
v -2.938842058 17.72592926 -0.6069470048
vn -0.9647025466 0.0005355945323 -0.2633413374
v -2.882953882 17.72592926 -0.7977113128
vn -0.9599291086 0.0004174459027 -0.2802427113
v -2.876070023 13.0259304 -0.8178722262
vn -0.9392174482 -0.08032926172 -0.3337929547
v -2.875363111 17.72592926 -0.8176025748
vn -0.9342877865 0.002051631222 -0.3565137684
v -2.812084913 17.72592926 -0.9834321141
vn -0.9243132472 0.0002227538062 -0.3816345632
v -2.769643068 13.0259304 -1.077237964
vn -0.8996343613 -0.08048450202 -0.4291622341
v -2.767859936 17.72592926 -1.076390028
vn -0.9030116796 0.00230521732 -0.4296098053
v -2.726686001 17.72592926 -1.162935019
vn -0.8780665994 0.0002155412658 -0.4785384536
v -2.634845018 13.0259304 -1.323057055
vn -0.8500654101 -0.08182246983 -0.5202825069
v -2.634391069 17.72592926 -1.322795033
vn -0.8387069702 0.0007493008161 -0.5445824862
v -2.473371983 13.0259304 -1.552237988
vn -0.7904253006 -0.06305424869 -0.6093045473
v -2.627295017 17.72592926 -1.335085988
vn -0.8265538812 -9.354251961e-05 -0.5628576279
v -2.514539957 17.72592926 -1.498795986
vn -0.8120680451 0.001193910604 -0.58356148
v -2.286181927 17.72592926 -1.760874987
vn -0.7233172059 0.002202558564 -0.6905124187
v -2.287254095 13.0259304 -1.761898041
vn -0.7021614909 -0.06405088305 -0.7091310024
v -2.389134884 17.72592926 -1.653030038
vn -0.7483007312 0.0005776393227 -0.6633594036
v -2.471997023 17.72592926 -1.551120162
vn -0.7758920193 0.001331335865 -0.6308643222
v -2.251873016 17.72592926 -1.796813011
vn -0.6779392362 0.0006051075761 -0.7351176739
v -2.103621006 17.72592926 -1.929236174
vn -0.6638979316 0.00043408887 -0.7478230596
v -2.078831911 13.0259304 -1.949401975
vn -0.6185271144 -0.08067515492 -0.7816109657
v -2.078186989 17.72592926 -1.948552966
vn -0.6048115492 0.001182702952 -0.7963677645
v -1.94531703 17.72592926 -2.04946208
vn -0.5802009106 0.0005699694157 -0.8144732118
v -1.850726962 13.0259304 -2.112390995
vn -0.5343382359 -0.08085477352 -0.8413947821
v -1.849681973 17.72592926 -2.110759974
vn -0.5396262407 0.002297265921 -0.8419015408
v -1.777961016 17.72592926 -2.15673089
vn -0.4894253612 0.0002025746944 -0.8720451593
v -1.605806947 13.0259304 -2.24881506
vn -0.4442931712 -0.08114558458 -0.8921989799
v -1.605741024 17.72592926 -2.248692036
vn -0.4220409095 0.0007847520756 -0.9065764546
v -1.347151995 13.0259304 -2.356959105
vn -0.3453674018 -0.06412386894 -0.9362742305
v -1.602612019 17.72592926 -2.250364065
vn -0.4007360935 -3.265187479e-05 -0.9161935449
v -1.420377016 17.72592926 -2.329768896
vn -0.3789612651 0.001096036751 -0.92541188
v -1.077703953 17.72592926 -2.434253931
vn -0.2492002845 0.002154030837 -0.9684495926
v -1.07801497 13.0259304 -2.435462952
vn -0.2189719379 -0.06449092925 -0.9735975862
v -1.232411027 17.72592926 -2.394444942
vn -0.2812874615 0.0005740805063 -0.9596233964
v -1.346539021 17.72592926 -2.355175018
vn -0.3253615499 0.001355162007 -0.9455887079
v -1.039898992 17.72592926 -2.443981886
vn -0.1843134761 0.0006749957101 -0.9828673005
v -0.844061017 17.72592926 -2.478068113
vn -0.1646943241 0.0004535065964 -0.9863445759
v -0.8017814159 13.0259304 -2.483339071
vn -0.1091690361 -0.05571375415 -0.9924606085
v -0.5218992829 17.72592926 -2.498132944
vn -0.01325548813 0.002279825043 -0.9999095201
v -0.5219237804 13.0259304 -2.499985933
vn 0.009045591578 -0.06380800903 -0.9979211688
v -0.6461336017 17.72592926 -2.496485949
vn -0.05857867375 0.0005755086313 -0.9982826114
v -0.8016580939 17.72592926 -2.482013941
vn -0.09265289456 0.001238464378 -0.9956976771
v -0.4473685026 17.72592926 -2.499120951
vn 0.04458012432 0.0004413283023 -0.9990057349
v -0.2490223944 17.72592926 -2.485955954
vn 0.05969299003 0.0004008799442 -0.9982166886
v -0.2419620901 13.0259304 -2.485194921
vn 0.1179013327 -0.08023749292 -0.9897783399
v -0.2420016974 17.72592926 -2.484925032
vn 0.1452945918 0.001950829639 -0.9893864989
v -0.05234923959 17.72592926 -2.457073927
vn 0.1672059894 0.0002070773189 -0.985921979
v 0.03458319604 13.0259304 -2.439150095
vn 0.2196647525 -0.08041339368 -0.9722556472
v 0.3039435744 17.72592926 -2.361509085
vn 0.3001763523 0.002095697913 -0.9538814425
v 0.3042343557 13.0259304 -2.362432003
vn 0.3309242725 -0.06387770921 -0.9414928555
v 0.1414073706 17.72592926 -2.412657022
vn 0.2717643678 0.0005674007698 -0.9623636603
v 0.03414673358 17.72592926 -2.437246084
vn 0.2234445661 0.001369401463 -0.9747156501
v 0.3310228288 17.72592926 -2.352987051
vn 0.3657934964 0.0007464772207 -0.9306957126
v 0.5152980089 17.72592926 -2.278439999
vn 0.3847794831 0.0004748919746 -0.9230084419
v 0.5636001229 13.0259304 -2.256005049
vn 0.4338450134 -0.08044454455 -0.8973891139
v 0.8085273504 17.72592926 -2.119730949
vn 0.5171198249 0.002253142884 -0.8559100628
v 0.8094192147 13.0259304 -2.121206999
vn 0.5370957255 -0.06393129379 -0.8410950899
v 0.6930676699 17.72592926 -2.189488888
vn 0.4809592962 0.0005782906082 -0.8767427206
v 0.5629063249 17.72592926 -2.254617929
vn 0.4474796355 0.001284541562 -0.894293189
v 0.8632085323 17.72592926 -2.086694002
vn 0.5676760077 0.0005123157753 -0.8232519031
v 1.024644136 17.72592926 -1.97070694
vn 0.5816010237 0.0004125910054 -0.8134740591
v 1.038599968 13.0259304 -1.959733844
vn 0.6255457997 -0.08047394454 -0.7760260105
v 1.038183928 17.72592926 -1.959244132
vn 0.6461617351 0.002027939539 -0.7631978393
v 1.176355004 17.72592926 -1.842260838
vn 0.6656555533 0.0002191714157 -0.7462590933
v 1.246866941 17.72592926 -1.772214055
vn 0.704760313 0.001374203363 -0.7094441652
v -0.3767119944 13.0259304 2.14563489
vn -0.08333665133 -0.1039298624 -0.991087079
v -0.6363378763 13.0259304 2.146496058
vn 0.03681982309 -0.07741729915 -0.9963186383
v -0.8941748738 13.0259304 2.116055965
vn 0.156645298 -0.07740305364 -0.9846171737
v -1.146463037 13.0259304 2.054759026
vn 0.2741876543 -0.07737455517 -0.9585584402
v -1.389521956 13.0259304 1.963497996
vn 0.3877326846 -0.07733222097 -0.9185222387
v -1.619809985 13.0259304 1.843606114
vn 0.4956196845 -0.07727533579 -0.8650951385
v -1.83396697 13.0259304 1.696830034
vn 0.5962865949 -0.07720433921 -0.7990505695
v -2.028870106 13.0259304 1.52531004
vn 0.6882593036 -0.07711917162 -0.7213541269
v -2.201678038 13.0259304 1.331547856
vn 0.7701961994 -0.07701998204 -0.6331396103
v -2.34987092 13.0259304 1.11836803
vn 0.8409044743 -0.07690631598 -0.5356912017
v -2.471287012 13.0259304 0.8888807893
vn 0.8993521333 -0.07677897066 -0.4304308295
v -2.564157009 13.0259304 0.6464313269
vn 0.9446877837 -0.07663694769 -0.3188914955
v -2.627125025 13.0259304 0.3945553899
vn 0.9762503505 -0.07648081332 -0.202696681
v -2.659272909 13.0259304 0.1369259059
vn 0.991087079 -0.1039298326 -0.08333664387
v 1.631996989 13.0259304 -0.1369259059
vn -0.991087079 -0.1039298624 0.08333664387
v 1.632858038 13.0259304 0.1227001026
vn -0.9963186383 -0.0774172917 -0.03681981564
v 1.602417946 13.0259304 0.3805370033
vn -0.9846171737 -0.07740305364 -0.1566454172
v 1.541121006 13.0259304 0.6328247786
vn -0.9585587978 -0.07737457752 -0.2741863728
v 1.44986105 13.0259304 0.8758845925
vn -0.918522954 -0.07733199745 -0.3877310157
v 1.329968095 13.0259304 1.106171966
vn -0.8650935888 -0.07727528363 -0.4956224561
v 1.183192015 13.0259304 1.320328951
vn -0.7990504503 -0.07720433176 -0.5962867141
v 1.01167202 13.0259304 1.515231967
vn -0.7213539481 -0.07711920142 -0.6882594824
v 0.8179097176 13.0259304 1.688040018
vn -0.6331401467 -0.07701995969 -0.7701957226
v 0.6047304869 13.0259304 1.836233139
vn -0.5356917977 -0.07690648735 -0.840904057
v 0.3752428591 13.0259304 1.957649112
vn -0.4304301441 -0.07677891105 -0.8993524909
v 0.1327934116 13.0259304 2.05051899
vn -0.3188915253 -0.07663697749 -0.9446877837
v -0.1190824881 13.0259304 2.113487005
vn -0.202696681 -0.07648099214 -0.9762503505
v -0.6505637765 13.0259304 -2.14563489
vn 0.08333663642 -0.1039298177 0.991087079
v -0.3909378052 13.0259304 -2.146496058
vn -0.03681981936 -0.0774172917 0.9963186383
v -0.133100912 13.0259304 -2.116055965
vn -0.1566454023 -0.07740306109 0.9846171737
v 0.1191868857 13.0259304 -2.054759026
vn -0.2741876245 -0.07737462968 0.9585584402
v 0.3622466922 13.0259304 -1.963497996
vn -0.3877321482 -0.07733210921 0.9185224771
v 0.5925341249 13.0259304 -1.843606114
vn -0.4956204593 -0.07727539539 0.8650947213
v 0.8066909909 13.0259304 -1.696830034
vn -0.5962862372 -0.07720433176 0.799050808
v 1.00159502 13.0259304 -1.52531004
vn -0.6882581115 -0.07711900771 0.7213552594
v 1.174402952 13.0259304 -1.331547856
vn -0.7701966763 -0.07701979578 0.6331390142
v 1.322595119 13.0259304 -1.11836803
vn -0.8409054875 -0.07690645009 0.535689652
v 1.444011092 13.0259304 -0.8888807893
vn -0.8993523121 -0.07677897066 0.4304305017
v 1.53688097 13.0259304 -0.6464313269
vn -0.9446877837 -0.07663697749 0.3188914955
v 1.599848986 13.0259304 -0.3945553899
vn -0.9762503505 -0.07648102194 0.202696681
v -2.660134077 13.0259304 -0.1227001026
vn 0.9963186383 -0.0774172917 0.03681981564
v -2.629693985 13.0259304 -0.3805370033
vn 0.9846171737 -0.07740306854 0.1566454172
v -2.568397045 13.0259304 -0.6328247786
vn 0.9585583806 -0.07737462968 0.2741878331
v -2.477135897 13.0259304 -0.8758845925
vn 0.9185223579 -0.07733210921 0.3877323568
v -2.357244015 13.0259304 -1.106171966
vn 0.8650949597 -0.07727541029 0.4956200719
v -2.210468054 13.0259304 -1.320328951
vn 0.7990504503 -0.07720433176 0.5962867141
v -2.038948059 13.0259304 -1.515231967
vn 0.7213540077 -0.07711920142 0.6882593632
v -1.845185876 13.0259304 -1.688040018
vn 0.6331399679 -0.07701995224 0.7701959014
v -1.632006049 13.0259304 -1.836233139
vn 0.5356914401 -0.07690646499 0.840904355
v -1.402518988 13.0259304 -1.957649112
vn 0.4304304123 -0.07677897066 0.8993523717
v -1.160068989 13.0259304 -2.05051899
vn 0.3188911974 -0.07663697004 0.9446879029
v -0.9081932902 13.0259304 -2.113487005
vn 0.2026967853 -0.07648102939 0.9762502909
v 1.472991109 18.0259304 0.9451488256
vn 0.0024721066 0.9999961853 0.00121722254
v 1.541803002 18.0259304 0.7843232155
vn 0.002394858515 0.9999966621 0.0009509827942
v -1.651299953 18.0259304 1.883008957
vn -4.430349509e-05 1 7.114636537e-05
v -1.338672996 18.0259304 2.039441109
vn -0.002311097924 0.9999822378 0.005498646758
v -1.174031019 18.0259304 2.098542929
vn -0.002138790442 0.999976635 0.006489896215
v 0.816945672 18.0259304 1.752012014
vn 0.000919592916 0.9999988079 0.00124532613
v -1.005213022 18.0259304 2.144376993
vn -0.00187438319 0.9999685884 0.007698959671
v -0.8332883716 18.0259304 2.1766541
vn -0.001477438956 0.9999566078 0.009196966887
v 0.9519370198 18.0259304 1.640758991
vn 0.002765615005 0.9999911189 0.003181431675
v 1.077663064 18.0259304 1.519132018
vn 0.002727093408 0.9999927282 0.00267454912
v 1.193328023 18.0259304 1.387900949
vn 0.002675328171 0.9999939203 0.002235779073
v 1.59762001 18.0259304 0.6185386777
vn 0.002314819489 0.9999970794 0.0007121705567
v 1.640089035 18.0259304 0.4488435984
vn 0.002232685452 0.9999973774 0.000496768218
v 1.66894114 18.0259304 0.2763108015
vn 0.002148951637 0.9999976158 0.0003015130642
v 1.683995008 18.0259304 0.102031
vn 0.002063953085 0.9999978542 0.0001237042889
v 1.685153842 18.0259304 -0.07289388031
vn 0.001977914013 0.999998033 -3.89102679e-05
v 1.672411919 18.0259304 -0.2473578006
vn 0.001890971093 0.9999982119 -0.0001882086217
v 1.314580917 18.0259304 -1.223770022
vn 0.001350569539 0.9999986887 -0.0008779371856
v 1.211573124 18.0259304 -1.365154028
vn 0.001256625052 0.9999987483 -0.0009671236621
v 1.097658038 18.0259304 -1.497907043
vn 0.001161170541 0.9999987483 -0.001050658408
v 0.9735554457 18.0259304 -1.621189952
vn 0.001064014388 0.9999988079 -0.001128969248
v 0.5482630134 18.0259304 -1.926749945
vn 0.0007599164383 0.9999988079 -0.001335926703
v 0.3918257356 18.0259304 -2.005028009
vn 0.0006534020649 0.9999988079 -0.001396414125
v 0.2296636105 18.0259304 -2.070628881
vn 0.0005437654327 0.9999988079 -0.001452935743
v 0.06280203164 18.0259304 -2.123137951
vn 0.0004306243791 0.9999987483 -0.001505577355
v -1.471935034 18.0259304 -1.980319977
vn -0.0008376665064 0.999998033 -0.001792203402
v -1.626242042 18.0259304 -1.897922993
vn -0.001021555392 0.9999978542 -0.001797674806
v -1.773514986 18.0259304 -1.803526998
vn -0.00121862255 0.9999976158 -0.001795508317
v -1.912822962 18.0259304 -1.697728038
vn -0.001430789125 0.9999973774 -0.001784519642
v -1.498098016 18.0259304 1.967444062
vn -0.002418335294 0.9999861717 0.004674601369
v -0.6593425274 18.0259304 2.195169926
vn -0.000885900401 0.99993819 0.01108519733
v -0.4844751954 18.0259304 2.199806929
vn -2.893524425e-06 0.9999087453 0.01351024956
v -0.3097923994 18.0259304 2.190536022
vn 0.001326415921 0.9998598695 0.01668700948
v 1.298200965 18.0259304 1.247895002
vn 0.002613949589 0.999994874 0.001852743793
v 1.391618013 18.0259304 1.099998951
vn 0.002545590047 0.9999955893 0.00151577068
v 1.645848989 18.0259304 -0.4202579856
vn 0.001803183928 0.9999983311 -0.0003257734352
v 1.60563302 18.0259304 -0.5905010104
vn 0.001714564743 0.9999984503 -0.000452940003
v 1.552018046 18.0259304 -0.7570108175
vn 0.00162508199 0.9999985099 -0.0005708442186
v 0.8400505781 18.0259304 -1.734223008
vn 0.0009649254498 0.9999988079 -0.001202426152
v 0.6979867816 18.0259304 -1.836290956
vn 0.0008636495331 0.9999988079 -0.001271330519
v -2.043284893 18.0259304 -1.581195951
vn -0.001660326263 0.9999970794 -0.00176319899
v -2.16407609 18.0259304 -1.454666972
vn -0.001909962273 0.9999966621 -0.00172967196
v -2.274431944 18.0259304 -1.318940997
vn -0.002182970056 0.9999961853 -0.001681544003
v -2.373656034 18.0259304 -1.174875975
vn -0.002483318793 0.9999955893 -0.001615781104
v -2.46111989 18.0259304 -1.023383021
vn -0.002815884771 0.999994874 -0.001528469031
v -2.536272049 18.0259304 -0.8654201627
vn -0.003186696675 0.9999939203 -0.001414566417
v -0.1363982856 18.0259304 2.167416096
vn 0.003353158012 0.9997752905 0.02093058825
v 0.03461061046 18.0259304 2.130592108
vn 0.006485737395 0.9996227622 0.02668895759
v 0.2021533698 18.0259304 2.080298901
vn 0.01136360597 0.9993390441 0.03453112394
v 0.3651708364 18.0259304 2.016853094
vn 0.018855609 0.9988127947 0.04491573945
v 0.522632122 18.0259304 1.940656066
vn 0.02959204838 0.9979205728 0.05726107955
v 0.6735417247 18.0259304 1.852188945
vn 0.04227012768 0.9967932105 0.06794536859
v 1.485344052 18.0259304 -0.9187344313
vn 0.001534660812 0.9999985695 -0.0006804448785
v 1.406030893 18.0259304 -1.074650049
vn 0.001443199231 0.9999986291 -0.0007825794746
v -0.1077038124 18.0259304 -2.162225008
vn 0.0003135518637 0.9999987483 -0.00155438506
v -0.2807762027 18.0259304 -2.187642097
vn 0.0001920616778 0.9999986887 -0.00159935269
v -0.4553208053 18.0259304 -2.199227095
vn 6.561783084e-05 0.9999986291 -0.001640412025
v -2.598635912 18.0259304 -0.7019857764
vn -0.003603294492 0.9999927282 -0.001267460757
v -2.647818089 18.0259304 -0.5341132879
vn -0.004075189587 0.9999911189 -0.001078413799
v -2.683506012 18.0259304 -0.3628641069
vn -0.004614520818 0.9999890327 -0.0008357106708
v -2.713588953 18.0259304 -0.01458011009
vn -0.002574273385 0.9999966621 -5.174240141e-05
v -2.064107895 18.0259304 1.560781956
vn -0.006653190125 0.9999566078 0.006519414019
v -1.935202122 18.0259304 1.679033995
vn -0.005201096181 0.9999685884 0.005977934226
v -0.6302341223 18.0259304 -2.196907997
vn -6.638389459e-05 0.9999985695 -0.001677433494
v -0.8044102788 18.0259304 -2.180700064
vn -0.00020463494 0.9999985099 -0.001710226759
v -0.9767481089 18.0259304 -2.150703907
vn -0.0003499210288 0.9999984503 -0.001738518476
v -2.705476999 18.0259304 -0.1893205047
vn -0.005237039179 0.9999861717 -0.0005235091667
v -1.797309041 18.0259304 1.786669016
vn -0.004061458167 0.999976635 0.005495175254
v -1.14615798 18.0259304 -2.107110977
vn -0.0005031391047 0.9999983311 -0.001761946012
v -1.311568975 18.0259304 -2.050196886
vn -0.0006653166492 0.9999982119 -0.001780036371
v -2.707793951 18.0259304 0.1602524966
vn -0.01671011373 0.9998598695 0.0009943644982
v -2.291759014 18.0259304 1.295487046
vn -0.006286628079 0.9999703169 0.004451882094
v -2.183211088 18.0259304 1.432662964
vn -0.008536068723 0.99993819 0.007127471734
v -2.688124895 18.0259304 0.3340719938
vn -0.02099323273 0.9997752905 0.002936409321
v -2.654709101 18.0259304 0.505779326
vn -0.02681224421 0.9996227622 0.005953608546
v -2.607757092 18.0259304 0.6742889285
vn -0.03475028276 0.9993389845 0.01067490596
v -2.547564983 18.0259304 0.8385354877
vn -0.04528234527 0.9988127947 0.01795912907
v -2.474513054 18.0259304 0.9974805713
vn -0.05783805624 0.9979205728 0.02844757959
v -2.389065027 18.0259304 1.150118947
vn -0.06877198815 0.9967932105 0.04091051221
v 1.00159502 17.67593002 -1.52531004
vn -0.7182143927 -0.04421212524 0.6944158077
v 0.8066909909 17.67593002 -1.696830034
vn -0.6289557219 -0.05447212979 0.7755304575
v 0.5925341249 17.67593002 -1.843606114
vn -0.5300895572 -0.07727270573 0.8444133997
v 0.3622466922 17.67593002 -1.963497996
vn -0.4234397113 -0.1032639816 0.9000196457
v 0.1191868857 17.67593002 -2.054759026
vn -0.3108035624 -0.1319500655 0.9412705898
v -0.133100912 17.67593002 -2.116055965
vn -0.194173649 -0.1627627015 0.9673700929
v -0.3909378052 17.67593002 -2.146496058
vn -0.0757003054 -0.1950776726 0.9778620601
v -0.6505637765 17.67593002 -2.14563489
vn 0.04240646213 -0.228240639 0.9726808071
v -0.9081932902 17.67593002 -2.113487005
vn 0.1579594463 -0.2615954876 0.9521641731
v -1.160068989 17.67593002 -2.05051899
vn 0.2688990831 -0.2945129871 0.9170361757
v -1.402518988 17.67593002 -1.957649112
vn 0.3733595312 -0.3264135718 0.8683644533
v -1.632006049 17.67593002 -1.836233139
vn 0.4697525799 -0.356796056 0.8074831963
v -1.845185876 17.67593002 -1.688040018
vn 0.5568004847 -0.3852418363 0.7359089255
v -2.038948059 17.67593002 -1.515231967
vn 0.6335397959 -0.4114253819 0.6552529931
v -2.210468054 17.67593002 -1.320328951
vn 0.6993086934 -0.4351063669 0.5671417713
v -2.357244015 17.67593002 -1.106171966
vn 0.7537121177 -0.4561213553 0.4731504321
v -2.477135897 17.67593002 -0.8758845925
vn 0.7965686321 -0.4743703902 0.3747681081
v -2.568397045 17.67593002 -0.6328247786
vn 0.6205833554 -0.7568926215 0.2049142718
v -2.629693985 17.67593002 -0.3805370033
vn 0.8379731178 -0.5191431642 0.1682006717
v -2.660134077 17.67593002 -0.1227001026
vn 0.8495987654 -0.5233126283 0.06577092409
v -2.659272909 17.67593002 0.1369259059
vn 0.2505036294 -0.9680540562 -0.01092133485
v -2.627125025 17.67593002 0.3945553899
vn 0.8968269825 -0.4166126847 -0.1487792432
v -2.564157009 17.67593002 0.6464313269
vn 0.9544667006 -0.1032641754 -0.2798747122
v -2.471287012 17.67593002 0.8888807893
vn 0.9119480848 -0.1208671331 -0.3920992911
v -2.34987092 17.67593002 1.11836803
vn 0.8643721342 -0.002246966353 -0.5028476715
v -2.201678038 17.67593002 1.331547856
vn 0.7974287271 -0.008954797871 -0.6033467054
v -2.028870106 17.67593002 1.52531004
vn 0.7187738419 -0.0200226754 -0.6949555278
v -1.83396697 17.67593002 1.696830034
vn 0.6294999123 -0.03527834266 -0.7761992812
v -1.619809985 17.67593002 1.843606114
vn 0.5308893323 -0.05447239429 -0.8456886411
v -1.389521956 17.67593002 1.963497996
vn 0.4165760577 -0.2060963213 -0.8854313493
v -1.146463037 17.67593002 2.054759026
vn 0.3093645871 -0.1627621949 -0.9369108677
v -0.8941748738 17.67593002 2.116055965
vn 0.1930167675 -0.1950775534 -0.961607635
v -0.6363378763 17.67593002 2.146496058
vn 0.07216872275 -0.3545633256 -0.9322427511
v -0.3767119944 17.67593002 2.14563489
vn -0.04162432998 -0.2945124805 -0.9547407031
v -0.1190824881 17.67593002 2.113487005
vn -0.1546943486 -0.3264132142 -0.9324827194
v 0.1327934116 17.67593002 2.05051899
vn -0.2628592849 -0.3567960858 -0.896438241
v 0.3752428591 17.67593002 1.957649112
vn -0.3645073473 -0.3852420449 -0.8477752805
v 0.6047304869 17.67593002 1.836233139
vn -0.4583180547 -0.4114256799 -0.7878283262
v 0.8179097176 17.67593002 1.688040018
vn -0.5432634354 -0.4351063967 -0.7180162072
v 1.01167202 17.67593002 1.515231967
vn -0.6185773015 -0.4561208189 -0.639778018
v 1.183192015 17.67593002 1.320328951
vn -0.6837333441 -0.4743703902 -0.554510057
v 1.329968095 17.67593002 1.106171966
vn -0.738394618 -0.4898037016 -0.4635361135
v 1.44986105 17.67593002 0.8758845925
vn -0.7823683023 -0.5024048686 -0.3680885434
v 1.541121006 17.67593002 0.6328247786
vn -0.8155686259 -0.5121796727 -0.2692949474
v 1.602417946 17.67593002 0.3805370033
vn -0.8379731178 -0.5191431642 -0.1682006717
v 1.632858038 17.67593002 0.1227001026
vn -0.8495987654 -0.5233126283 -0.06577092409
v 1.631996989 17.67593002 -0.1369259059
vn -0.5494399667 -0.8351897597 0.02395421453
v 1.599848986 17.67593002 -0.3945553899
vn -0.852974534 -0.5024052262 0.1415043324
v 1.53688097 17.67593002 -0.6464313269
vn -0.3240867257 -0.941242218 0.09503074735
v 1.444011092 17.67593002 -0.8888807893
vn -0.9184991121 -0.02002251148 0.3949157596
v 1.322595119 17.67593002 -1.11836803
vn -0.8643402457 -0.008954826742 0.502827704
v 1.174402952 17.67593002 -1.331547856
vn -0.797459662 -0.002247038996 0.6033681035
v -2.126106977 17.7780304 1.904513955
vn -0.6352081299 0.1680023074 0.7538473606
v -1.969696045 17.7780304 2.026604891
vn -0.5718063116 0.1798714995 0.800427258
v -1.804079056 17.7780304 2.135883093
vn -0.5094874501 0.1735304296 0.8427987695
v -1.630303979 17.7780304 2.231656075
vn -0.4398296177 0.1703180373 0.881783247
v -1.449468017 17.7780304 2.313321114
vn -0.367846489 0.1770058721 0.9128843546
v -1.262716055 17.7780304 2.380359888
vn -0.2958626747 0.1735326648 0.9393357635
v -1.071228027 17.7780304 2.43234992
vn -0.219979167 0.1727692336 0.9600833058
v -0.8762149811 17.7780304 2.468961
vn -0.1402737796 0.1680053473 0.9757547975
v -0.6789094806 17.7780304 2.489963055
vn -0.05720609426 0.1679958701 0.9841264486
v -0.480558902 17.7780304 2.495223045
vn 0.01953775808 0.1882434338 0.9819280505
v -0.2824175954 17.7780304 2.484707117
vn 0.09288181365 0.1696106046 0.9811244607
v -0.08573807031 17.7780304 2.458482027
vn 0.1704455018 0.1778467447 0.9691846371
v 0.1082359925 17.7780304 2.416713953
vn 0.24518013 0.1735386401 0.9538192153
v 0.2982783616 17.7780304 2.359666109
vn 0.3209396899 0.1720238924 0.9313460588
v 0.4831877351 17.7780304 2.287699938
vn 0.3937189579 0.1751035005 0.9023991227
v 0.6617947221 17.7780304 2.201270103
vn 0.4693292975 0.1619635671 0.8680425286
v 0.8329703212 17.7780304 2.100923061
vn 0.5357584357 0.1893065125 0.8228766322
v 0.995632112 17.7780304 1.987293959
vn 0.5976293087 0.16891478 0.7837774158
v 1.148751974 17.7780304 1.861100078
vn 0.657030642 0.1787012517 0.7323773503
v 1.291362047 17.7780304 1.723140001
vn 0.7121724486 0.1735340655 0.6802178621
v 1.422559023 17.7780304 1.57428503
vn 0.7649303675 0.171285212 0.6209210157
v 1.541515946 17.7780304 1.415477037
vn 0.8111978173 0.1759060919 0.5576873422
v 1.647479057 17.7780304 1.247720003
vn 0.8573578596 0.1613848805 0.4887662232
v 1.739778996 17.7780304 1.072075009
vn 0.8896946311 0.1903981864 0.4149602652
v 1.817831993 17.7780304 0.8896514177
vn 0.9217630029 0.1682335734 0.3493570983
v 1.881145 17.7780304 0.7016034126
vn 0.9447691441 0.179581061 0.27415663
v 1.929316998 17.7780304 0.5091196895
vn 0.9640623331 0.173537001 0.2011683881
v 1.962044001 17.7780304 0.3134171069
vn 0.9776861072 0.170563072 0.1226299703
v 1.979118824 17.7780304 0.1157329977
vn 0.9832555056 0.1767328531 0.04443050548
v 1.980433941 17.7780304 -0.08268292993
vn 0.9842951894 0.1735351235 -0.03238088638
v 1.965981007 17.7780304 -0.2805759907
vn 0.9786729217 0.1730288416 -0.1107263714
v 1.935850978 17.7780304 -0.4766952097
vn 0.9671006799 0.1680053174 -0.1910248399
v 1.890233994 17.7780304 -0.6698005199
vn 0.9474694729 0.1679969579 -0.2721738517
v 1.829419017 17.7780304 -0.8586711884
vn 0.920003593 0.1878987402 -0.34392941
v 1.753790975 17.7780304 -1.042112947
vn 0.8948127031 0.1698480099 -0.4128703177
v 1.663826942 17.7780304 -1.218966007
vn 0.8579261899 0.1775687188 -0.4821120203
v 1.560096979 17.7780304 -1.388113022
vn 0.8185393214 0.1735384613 -0.5476109385
v 1.443255901 17.7780304 -1.548483014
vn 0.7722532749 0.1722637564 -0.6115145683
v 1.314041972 17.7780304 -1.699064016
vn 0.7208889127 0.1748351008 -0.6706354618
v 1.17327404 17.7780304 -1.838901997
vn 0.6633297801 0.1621556133 -0.7305471897
v 1.021839976 17.7780304 -1.967115045
vn 0.5988166332 0.1889489889 -0.778278172
v 0.8606983423 17.7780304 -2.082890034
vn 0.5413075089 0.1691430211 -0.823636353
v 0.6908679008 17.7780304 -2.185497046
vn 0.4731915593 0.1784136444 -0.8627040982
v 0.5134220719 17.7780304 -2.274286985
vn 0.4055568278 0.1735296398 -0.89744699
v 0.3294829428 17.7780304 -2.348696947
vn 0.3322133422 0.1715279818 -0.9274764061
v 0.1402131915 17.7780304 -2.408258915
vn 0.2572532594 0.1756429374 -0.9502475262
v -0.05319016427 17.7780304 -2.452594995
vn 0.1768745482 0.1615802795 -0.9708796144
v -0.2495048046 17.7780304 -2.481424093
vn 0.09661108255 0.1900242269 -0.9770143628
v -0.4474892914 17.7780304 -2.49456501
vn 0.02401829883 0.1684510559 -0.985417366
v -0.6458920836 17.7780304 -2.491935015
vn -0.05452850088 0.1792757958 -0.9822865129
v -0.8434587121 17.7780304 -2.473550081
vn -0.1299155951 0.1735340953 -0.9762212038
v -1.038939953 17.7780304 -2.439527035
vn -0.208411932 0.1708008051 -0.963011682
v -1.231099963 17.7780304 -2.390079021
vn -0.2840425372 0.1764561981 -0.9424346089
v -1.418723941 17.7780304 -2.325521946
vn -0.356960386 0.1735335588 -0.9178591371
v -1.600625992 17.7780304 -2.246260881
vn -0.4288827479 0.1732776761 -0.8865858316
v -1.775655985 17.7780304 -2.152798891
vn -0.5007330775 0.1680049151 -0.8491411805
v -1.942706943 17.7780304 -2.045726061
vn -0.565592587 0.1801675558 -0.8047637343
v -2.100723028 17.7780304 -1.925719023
vn -0.626152277 0.1735310256 -0.760144949
v -2.248703957 17.7780304 -1.793537974
vn -0.6861371994 0.1700814068 -0.7073104382
v -2.385715961 17.7780304 -1.650017142
vn -0.7392900586 0.1772827059 -0.6496315002
v -2.510891914 17.7780304 -1.496064067
vn -0.7880685329 0.1735338271 -0.5906216502
v -2.623440981 17.7780304 -1.332651973
vn -0.8329039216 0.172523737 -0.5258389115
v -2.722651005 17.7780304 -1.160815001
vn -0.874125123 0.1680060178 -0.4557183683
v -2.807894945 17.7780304 -0.9816390872
vn -0.9095532298 0.167994827 -0.3801192641
v -2.878633976 17.7780304 -0.7962569594
vn -0.9328283668 0.1886010319 -0.3070194423
v -2.934421062 17.7780304 -0.605840385
vn -0.95647192 0.169381395 -0.2376372367
v -2.974901915 17.7780304 -0.4115937948
vn -0.9708350897 0.178131938 -0.160462752
v -2.999823093 17.7780304 -0.2147448063
vn -0.9811527729 0.1735357791 -0.08499761671
v -3.009025097 17.7780304 -0.01653812081
vn -0.9851179719 0.1717762649 -0.005958766211
v -3.002450943 17.7780304 0.1817732155
vn -0.9818425775 0.1753780544 0.07230273634
v -2.980142117 17.7780304 0.3789351881
vn -0.974578619 0.1617709994 0.1550053805
v -2.942238092 17.7780304 0.5737015009
vn -0.9538725615 0.1896712333 0.2327056676
v -2.888979912 17.7780304 0.7648404837
vn -0.9376149178 0.1686891019 0.304010272
v -2.820704937 17.7780304 0.9511439204
vn -0.9087190628 0.1789884567 0.3770846426
v -2.737843037 17.7780304 1.131433964
vn -0.8778974414 0.1735286713 0.4463002384
v -2.64091897 17.7780304 1.304571033
vn -0.8394281268 0.1710442752 0.5158529282
v -2.53054595 17.7780304 1.469460011
vn -0.7950253487 0.1761824191 0.5804260373
v -2.407422066 17.7780304 1.625058055
vn -0.7475455403 0.1735359132 0.6411404014
v -2.272324085 17.7780304 1.770383
vn -0.6942429543 0.1735341847 0.6985074282
v -2.397150993 17.8285408 1.616245031
vn -0.7134978175 0.3418343663 0.6116126776
v -2.519607067 17.8285408 1.461490035
vn -0.7598353028 0.3418366909 0.5529900193
v -2.629381895 17.8285408 1.297495008
vn -0.8013679981 0.3418335319 0.49087587
v -2.72578001 17.8285408 1.125298023
vn -0.8378345966 0.3418357372 0.4256542623
v -2.808192015 17.8285408 0.9459853768
vn -0.8690040708 0.3418385088 0.3577406108
v -2.876096964 17.8285408 0.7606924176
vn -0.8946807981 0.3418337107 0.2875691652
v -2.929065943 17.8285408 0.5705897808
vn -0.9146987796 0.3418371379 0.2155772448
v -2.966763973 17.8285408 0.3768799901
vn -0.9289335608 0.3418413997 0.1422212869
v -2.988951921 17.8285408 0.1807872951
vn -0.9372984767 0.3418358564 0.06796895713
v -2.995491028 17.8285408 -0.01644838974
vn -0.939737618 0.3418306112 -0.006712587085
v -2.986339092 17.8285408 -0.2135799974
vn -0.9362323284 0.3418336511 -0.08135599643
v -2.961553097 17.8285408 -0.4093615115
vn -0.9268084764 0.34183532 -0.1554819047
v -2.921291113 17.8285408 -0.6025546193
vn -0.9115240574 0.3418394923 -0.2286256105
v -2.865807056 17.8285408 -0.7919384241
vn -0.8904794455 0.3418367207 -0.3003231287
v -2.795452118 17.8285408 -0.9763150811
vn -0.8638026714 0.3418387473 -0.3701232076
v -2.710669994 17.8285408 -1.154518962
vn -0.8316664696 0.3418367505 -0.4375826418
v -2.611998081 17.8285408 -1.325424075
vn -0.794271946 0.3418361545 -0.5022749305
v -2.500060081 17.8285408 -1.487949014
vn -0.751855731 0.3418364823 -0.5637914538
v -2.375562906 17.8285408 -1.641067028
vn -0.7046841979 0.3418395519 -0.6217442751
v -2.239294052 17.8285408 -1.7838099
vn -0.6530604959 0.3418373764 -0.6757656336
v -2.092114925 17.8285408 -1.915275097
vn -0.5973035097 0.3418413401 -0.7255156636
v -1.934955955 17.8285408 -2.03463006
vn -0.5377739072 0.3418400884 -0.7706779838
v -1.768810987 17.8285408 -2.141123056
vn -0.4748448133 0.3418354392 -0.8109691143
v -1.594730973 17.8285408 -2.23407793
vn -0.4089119136 0.341835022 -0.8461322784
v -1.413815022 17.8285408 -2.312908888
vn -0.3403917849 0.3418383598 -0.8759452105
v -1.227208972 17.8285408 -2.377115965
vn -0.2697232068 0.3418395817 -0.9002195001
v -1.03609097 17.8285408 -2.426295042
vn -0.1973504424 0.3418344259 -0.9188047051
v -0.8416697979 17.8285408 -2.460134983
vn -0.1237254292 0.3418344855 -0.9315799475
v -0.6451746821 17.8285408 -2.478420019
vn -0.04931997135 0.3418345153 -0.9384650588
v -0.4478481114 17.8285408 -2.481035948
vn 0.02539697662 0.3418355286 -0.9394165874
v -0.2509373128 17.8285408 -2.46796608
vn 0.09995380789 0.3418396413 -0.9344275594
v -0.05568759888 17.8285408 -2.439291954
vn 0.1738795042 0.3418394327 -0.9235321879
v 0.136666894 17.8285408 -2.395196915
vn 0.2467030585 0.3418345749 -0.9068002701
v 0.3249100447 17.8285408 -2.335958958
vn 0.3179675937 0.3418365717 -0.8843327165
v 0.5078517199 17.8285408 -2.261951923
vn 0.3872234225 0.3418384194 -0.8562735915
v 0.6843349934 17.8285408 -2.173644066
vn 0.4540318549 0.3418351412 -0.8228024244
v 0.8532443643 17.8285408 -2.071593046
vn 0.5179675221 0.3418348134 -0.7841292024
v 1.013512015 17.8285408 -1.956446052
vn 0.5786292553 0.3418353498 -0.7404976487
v 1.164124012 17.8285408 -1.828928947
vn 0.635633409 0.3418361843 -0.6921836138
v 1.304129004 17.8285408 -1.689849019
vn 0.6886170506 0.3418382108 -0.6394944787
v 1.432642102 17.8285408 -1.540085077
vn 0.7372472286 0.3418429494 -0.582760632
v 1.548848987 17.8285408 -1.380583882
vn 0.7812182307 0.3418394625 -0.5223445892
v 1.652016997 17.8285408 -1.212355018
vn 0.8202500939 0.3418332338 -0.4586281776
v 1.741492987 17.8285408 -1.036460996
vn 0.8540943265 0.3418381214 -0.3920071125
v 1.816710949 17.8285408 -0.8540139198
vn 0.882540226 0.3418350518 -0.3229111135
v 1.877195954 17.8285408 -0.6661676168
vn 0.9054050446 0.3418376148 -0.2517712116
v 1.922564864 17.8285408 -0.4741095901
vn 0.9225449562 0.341841042 -0.1790405363
v 1.952531934 17.8285408 -0.2790541947
vn 0.9338544607 0.3418379724 -0.1051791459
v 1.966907024 17.8285408 -0.08223441988
vn 0.9392592907 0.3418368995 -0.03065110743
v 1.965598822 17.8285408 0.1151051968
vn 0.9387263656 0.3418343067 0.04406916723
v 1.948616982 17.8285408 0.3117172122
vn 0.9322580099 0.341833204 0.1185119599
v 1.916067004 17.8285408 0.5063583255
vn 0.9198933244 0.3418376148 0.1922064275
v 1.868155956 17.8285408 0.6977980137
vn 0.9017159939 0.3418347239 0.264683336
v 1.805186868 17.8285408 0.8848261833
vn 0.8778361082 0.3418349922 0.335488528
v 1.727556944 17.8285408 1.06625998
vn 0.8484054804 0.3418380618 0.4041717947
v 1.635758042 17.8285408 1.240952969
vn 0.8136134148 0.3418349922 0.4702999294
v 1.530369043 17.8285408 1.407799959
vn 0.7736749053 0.3418354094 0.5334563255
v 1.412057996 17.8285408 1.56574595
vn 0.7288476229 0.34183532 0.5932366848
v 1.281571865 17.8285408 1.713793993
vn 0.6794083118 0.3418417275 0.6492677331
v 1.139735937 17.8285408 1.851006031
vn 0.6256747842 0.3418436944 0.701194644
v 0.9874463677 17.8285408 1.976515055
vn 0.5679878592 0.3418412507 0.7486883998
v 0.8256667256 17.8285408 2.089529037
vn 0.5067096949 0.3418390751 0.7914488912
v 0.6554195881 17.8285408 2.189331055
vn 0.4422261119 0.3418408334 0.8292049766
v 0.4777812362 17.8285408 2.27529192
vn 0.3749496937 0.3418360054 0.8617197275
v 0.2938750088 17.8285408 2.346868038
vn 0.3052994907 0.3418389261 0.8887847662
v 0.1048630923 17.8285408 2.403605938
vn 0.2337201387 0.3418402672 0.9102308154
v -0.08805888146 17.8285408 2.445147991
vn 0.1606643349 0.3418377638 0.9259232879
v -0.2836717069 17.8285408 2.471230984
vn 0.08659161627 0.3418371081 0.9357613325
v -0.480738312 17.8285408 2.48168993
vn 0.01197152492 0.3418320715 0.9396848083
v -0.6780130267 17.8285408 2.476459026
vn -0.06272628158 0.341835022 0.9376642704
v -0.8742485046 17.8285408 2.455569983
vn -0.1370235682 0.3418343365 0.9297170639
v -1.068204045 17.8285408 2.419157982
vn -0.2104563713 0.341834873 0.9158914089
v -1.258653998 17.8285408 2.367449999
vn -0.2825600803 0.3418383002 0.896273613
v -1.444391966 17.8285408 2.300774097
vn -0.3528755009 0.3418366909 0.8709917068
v -1.624246955 17.8285408 2.219552994
vn -0.4209592938 0.3418390751 0.8402019739
v -1.79708004 17.8285408 2.124298096
vn -0.4863832891 0.3418419659 0.8040990829
v -1.961799026 17.8285408 2.015613079
vn -0.5487325191 0.3418343663 0.7629167438
v -2.117362022 17.8285408 1.894184947
vn -0.6076115966 0.3418368101 0.716907084
v -2.262784958 17.8285408 1.76078105
vn -0.6626483798 0.341837585 0.6663663983
v -2.380378962 17.87593079 1.601853132
vn -0.6577934623 0.4997427762 0.563528955
v -2.501744986 17.87593079 1.448475838
vn -0.700488925 0.4997359812 0.5094891787
v -2.610542059 17.87593079 1.285941958
vn -0.7387528419 0.4997371733 0.4522244334
v -2.706082106 17.87593079 1.115277052
vn -0.772346437 0.499738425 0.3921001256
v -2.787760019 17.87593079 0.9375619292
vn -0.8010587096 0.4997356832 0.3294983208
v -2.855061054 17.87593079 0.7539186478
vn -0.8247051239 0.4997358918 0.2648122609
v -2.907557964 17.87593079 0.5655090809
vn -0.843136251 0.4997383654 0.1984510571
v -2.944920063 17.87593079 0.3735240102
vn -0.8562394977 0.4997353852 0.1308375597
v -2.966911077 17.87593079 0.1791773885
vn -0.86392802 0.4997349679 0.06239638105
v -2.97339201 17.87593079 -0.01630192995
vn -0.8661527038 0.4997379184 -0.006440022029
v -2.964320898 17.87593079 -0.2116782069
vn -0.8629031181 0.4997375011 -0.07523719221
v -2.939755917 17.87593079 -0.4057162106
vn -0.8541969061 0.4997387826 -0.143557474
v -2.899852037 17.87593079 -0.597189188
vn -0.8400902748 0.4997404218 -0.2109688818
v -2.844861984 17.87593079 -0.7848864198
vn -0.8206742406 0.4997386932 -0.2770469785
v -2.775132895 17.87593079 -0.9676215053
vn -0.7960684299 0.4997385144 -0.3413744569
v -2.691107035 17.87593079 -1.144238949
vn -0.7664304376 0.4997372627 -0.4035430849
v -2.593312979 17.87593079 -1.313621998
vn -0.7319478393 0.4997344613 -0.4631606936
v -2.482372046 17.87593079 -1.474699974
vn -0.692833364 0.4997380376 -0.5198497772
v -2.35898304 17.87593079 -1.626453996
vn -0.6493428946 0.49973616 -0.5732517242
v -2.223927975 17.87593079 -1.767925978
vn -0.601744175 0.499737829 -0.6230297089
v -2.078058958 17.87593079 -1.898219943
vn -0.5503418446 0.4997372031 -0.6688696146
v -1.9223001 17.87593079 -2.016513109
vn -0.4954617023 0.4997353256 -0.7104803324
v -1.757634997 17.87593079 -2.122056961
vn -0.4374456108 0.4997407794 -0.7475964427
v -1.585103989 17.87593079 -2.214184999
vn -0.3766658008 0.4997409582 -0.7799883485
v -1.405799985 17.87593079 -2.292313099
vn -0.3135033548 0.4997421205 -0.8074487448
v -1.220854998 17.87593079 -2.355948925
vn -0.2483656406 0.4997320771 -0.8298086524
v -1.031438947 17.87593079 -2.404690981
vn -0.1816501766 0.4997360408 -0.8469161987
v -0.8387488127 17.87593079 -2.438227892
vn -0.1137869209 0.4997407198 -0.8586685658
v -0.6440035105 17.87593079 -2.456351042
vn -0.04520654306 0.4997368157 -0.8649967909
v -0.4484339058 17.87593079 -2.45894289
vn 0.02366053127 0.4997359514 -0.8658545613
v -0.2532765865 17.87593079 -2.445990086
vn 0.09237847477 0.4997356236 -0.8612377644
v -0.05976536125 17.87593079 -2.417572021
vn 0.1605121344 0.4997327924 -0.8511773944
v 0.130876407 17.87593079 -2.373868942
vn 0.2276310027 0.4997350276 -0.8357326388
v 0.3174433708 17.87593079 -2.31515789
vn 0.2933092713 0.4997365177 -0.8150049448
v 0.4987557828 17.87593079 -2.241810083
vn 0.3571336567 0.4997372627 -0.7891249657
v 0.6736677289 17.87593079 -2.154289007
vn 0.4187018871 0.4997365773 -0.7582559586
v 0.841072917 17.87593079 -2.053147078
vn 0.4776213467 0.4997370243 -0.7225930691
v 0.9999134541 17.87593079 -1.939025044
vn 0.5335214734 0.4997379482 -0.6823611856
v 1.149185061 17.87593079 -1.812642932
vn 0.5860496759 0.4997381866 -0.637814641
v 1.287943006 17.87593079 -1.674800873
vn 0.6348703504 0.4997403324 -0.5892361403
v 1.415310979 17.87593079 -1.526371002
vn 0.6796790361 0.4997370243 -0.536935091
v 1.530483961 17.87593079 -1.368290901
vn 0.7201903462 0.4997359812 -0.4812378287
v 1.632733107 17.87593079 -1.20156002
vn 0.7561471462 0.499738425 -0.4224961996
v 1.721411943 17.87593079 -1.027232051
vn 0.7873243093 0.4997384846 -0.3610842824
v 1.795961022 17.87593079 -0.8464096189
vn 0.813524425 0.4997365475 -0.297390908
v 1.855906963 17.87593079 -0.6602358222
vn 0.8345799446 0.499738723 -0.2318134755
v 1.900871992 17.87593079 -0.4698880017
vn 0.8503600955 0.4997369051 -0.1647748947
v 1.930572033 17.87593079 -0.2765693069
vn 0.8607631922 0.4997371137 -0.09669305384
v 1.944818974 17.87593079 -0.08150216937
vn 0.8657245636 0.4997369051 -0.0279993806
v 1.94352293 17.87593079 0.1140803024
vn 0.8652137518 0.4997346997 0.04086978734
v 1.926692009 17.87593079 0.3089415133
vn 0.8592299819 0.4997370839 0.109483622
v 1.894431949 17.87593079 0.5018494725
vn 0.8478180766 0.4997324944 0.1774032414
v 1.846948028 17.87593079 0.6915845871
vn 0.8310421109 0.4997344911 0.2442016155
v 1.784538984 17.87593079 0.876947403
vn 0.809011519 0.4997369349 0.3094564974
v 1.707599878 17.87593079 1.056766033
vn 0.7818694711 0.4997350276 0.3727533221
v 1.616618991 17.87593079 1.229902983
vn 0.7497827411 0.4997347593 0.4336945713
v 1.512169003 17.87593079 1.39526403
vn 0.7129541636 0.4997358024 0.4918948412
v 1.394911051 17.87593079 1.551803946
vn 0.6716174483 0.4997397363 0.5469827652
v 1.265586019 17.87593079 1.698533058
vn 0.626036346 0.4997404218 0.5986133814
v 1.125012994 17.87593079 1.834522963
vn 0.5764986277 0.4997369945 0.6464613676
v 0.9740798473 17.87593079 1.958914995
vn 0.5233157277 0.4997362494 0.6902204752
v 0.8137408495 17.87593079 2.070921898
vn 0.4668222368 0.4997380674 0.7296155691
v 0.6450095773 17.87593079 2.169836044
vn 0.4073806405 0.4997338057 0.7643998861
v 0.4689531922 17.87593079 2.255032063
vn 0.3453604877 0.4997341633 0.7943499684
v 0.2866843343 17.87593079 2.325969934
vn 0.2811555564 0.4997373223 0.8192766309
v 0.09935571998 17.87593079 2.382203102
vn 0.2151762396 0.4997379184 0.8390239477
v -0.09184854478 17.87593079 2.423374891
vn 0.1478359699 0.4997383058 0.8534671664
v -0.2857195139 17.87593079 2.449225903
vn 0.07956068963 0.4997394383 0.8625140786
v -0.4810312986 17.87593079 2.459592104
vn 0.01078192238 0.4997399747 0.8661083579
v -0.6765493155 17.87593079 2.454406977
vn -0.05806613341 0.4997360408 0.8642292619
v -0.8710374236 17.87593079 2.433705091
vn -0.1265446991 0.4997351766 0.8568845987
v -1.063266039 17.87593079 2.39761591
vn -0.1942239851 0.4997406602 0.8441186547
v -1.252019048 17.87593079 2.346369028
vn -0.2606760859 0.4997358024 0.8260218501
v -1.436105013 17.87593079 2.280287027
vn -0.3254798949 0.4997367859 0.8026992083
v -1.614357948 17.87593079 2.199788094
vn -0.388225019 0.4997385144 0.7743014693
v -1.785652041 17.87593079 2.105381966
vn -0.4485163093 0.4997349381 0.74101156
v -1.948904037 17.87593079 1.997665048
vn -0.5059710145 0.4997409284 0.7030308247
v -2.103080988 17.87593079 1.877318025
vn -0.5602278113 0.4997390807 0.6606100202
v -2.247210026 17.87593079 1.745102048
vn -0.6109422445 0.4997369051 0.6140134931
v -2.357615948 17.91876984 1.582319975
vn -0.5821352005 0.6424568295 0.4983651638
v -2.477503061 17.91876984 1.430813909
vn -0.6198920608 0.6424537301 0.4505408108
v -2.584973097 17.91876984 1.270261049
vn -0.6537280083 0.6424543262 0.3998651206
v -2.679347992 17.91876984 1.101678014
vn -0.6834297776 0.6424557567 0.3466617167
v -2.760030031 17.91876984 0.9261294603
vn -0.7088107467 0.6424567699 0.291267246
v -2.826509953 17.91876984 0.7447257042
vn -0.7297102809 0.6424584389 0.2340299189
v -2.878366947 17.91876984 0.5586134195
vn -0.745998919 0.6424562335 0.1753158271
v -2.915273905 17.91876984 0.3689694107
vn -0.7575719357 0.6424533129 0.1154924929
v -2.936995983 17.91876984 0.1769925952
vn -0.7643535733 0.6424526572 0.05493808165
v -2.943397999 17.91876984 -0.01610318013
vn -0.7663017511 0.6424531341 -0.005963160656
v -2.93443799 17.91876984 -0.2090971023
vn -0.7634044886 0.6424543858 -0.06682825834
v -2.910171986 17.91876984 -0.4007689953
vn -0.7556820512 0.6424537897 -0.1272703111
v -2.870754957 17.91876984 -0.5899072289
vn -0.7431851029 0.6424500346 -0.1869059056
v -2.816436052 17.91876984 -0.7753158212
vn -0.7259854078 0.6424505115 -0.2453620583
v -2.747556925 17.91876984 -0.9558225274
vn -0.7041960955 0.6424509883 -0.3022657931
v -2.664555073 17.91876984 -1.130285978
vn -0.6779567599 0.6424490213 -0.3572588563
v -2.567955017 17.91876984 -1.297603965
vn -0.6474274397 0.6424511075 -0.4099929929
v -2.458364964 17.91876984 -1.456717968
vn -0.6128053069 0.6424531341 -0.4601343572
v -2.336482048 17.91876984 -1.606621981
vn -0.5743111372 0.6424531341 -0.5073664188
v -2.203073025 17.91876984 -1.746368051
vn -0.5321836472 0.6424549222 -0.5513911843
v -2.058983088 17.91876984 -1.875074029
vn -0.4866946638 0.6424525976 -0.5919315219
v -1.905122995 17.91876984 -1.991924047
vn -0.43812415 0.6424561739 -0.6287267208
v -1.742465019 17.91876984 -2.096180916
vn -0.3867872953 0.6424569488 -0.6615471244
v -1.572039008 17.91876984 -2.187185049
vn -0.3330053389 0.6424550414 -0.690187633
v -1.394920945 17.91876984 -2.264360905
vn -0.2771188021 0.6424513459 -0.7144658566
v -1.21223104 17.91876984 -2.327222109
vn -0.2194792479 0.642452538 -0.7342231274
v -1.025125027 17.91876984 -2.375368118
vn -0.1604482979 0.642455101 -0.7493382096
v -0.8347845078 17.91876984 -2.408497095
vn -0.100407891 0.6424534917 -0.7597182393
v -0.642413795 17.91876984 -2.426398993
vn -0.03972984478 0.6424565315 -0.7652915716
v -0.449229002 17.91876984 -2.428960085
vn 0.0211984776 0.6424571872 -0.766028285
v -0.2564513981 17.91876984 -2.416163921
vn 0.0819920972 0.6424553394 -0.7619241476
v -0.06529971957 17.91876984 -2.388092995
vn 0.1422688067 0.6424550414 -0.7530013919
v 0.1230173036 17.91876984 -2.344923019
vn 0.2016452402 0.642452836 -0.7393196225
v 0.3073092699 17.91876984 -2.286927938
vn 0.2597470582 0.6424533725 -0.7209612727
v 0.4864109159 17.91876984 -2.214473963
vn 0.3162050545 0.6424550414 -0.6980443001
v 0.6591898799 17.91876984 -2.128020048
vn 0.3706651926 0.6424576044 -0.6707127094
v 0.8245539665 17.91876984 -2.028110981
vn 0.4227810502 0.6424571276 -0.6391439438
v 0.9814574718 17.91876984 -1.915380955
vn 0.4722250104 0.6424567699 -0.6035336256
v 1.128908992 17.91876984 -1.79053998
vn 0.5186836123 0.642457962 -0.5641055703
v 1.265974998 17.91876984 -1.654378891
vn 0.5618641973 0.6424527168 -0.5211171508
v 1.391790032 17.91876984 -1.507759094
vn 0.6014909148 0.6424531341 -0.4748290479
v 1.505557895 17.91876984 -1.351606011
vn 0.6373140216 0.6424539089 -0.4255394936
v 1.606560946 17.91876984 -1.186908007
vn 0.669108212 0.642454803 -0.3735585511
v 1.694157958 17.91876984 -1.014706016
vn 0.6966716647 0.6424552202 -0.3192176521
v 1.767797947 17.91876984 -0.836088419
vn 0.7198312879 0.642455399 -0.2628573179
v 1.827013016 17.91876984 -0.6521850824
vn 0.7384408712 0.6424544454 -0.204835102
v 1.871430039 17.91876984 -0.4641582966
vn 0.7523816824 0.6424530149 -0.1455195397
v 1.900768042 17.91876984 -0.2731969059
vn 0.7615656257 0.6424520612 -0.08528269082
v 1.914841056 17.91876984 -0.08050833642
vn 0.7659350038 0.6424508095 -0.02450693399
v 1.913560987 17.91876984 0.1126891896
vn 0.7654594183 0.6424524784 0.03642416
v 1.896934986 17.91876984 0.3051742911
vn 0.7601451874 0.6424531341 0.09712506086
v 1.865069151 17.91876984 0.4957301021
vn 0.7500233054 0.6424558759 0.1572116911
v 1.818163157 17.91876984 0.6831516623
vn 0.7351619005 0.6424558759 0.2163040042
v 1.75651598 17.91876984 0.8662539124
vn 0.7156538963 0.6424539685 0.274029851
v 1.680515051 17.91876984 1.043879986
vn 0.6916190386 0.6424555779 0.3300210536
v 1.590642929 17.91876984 1.214905977
vn 0.6632117629 0.6424564719 0.3839268386
v 1.487466097 17.91876984 1.378250957
vn 0.6306097507 0.6424587369 0.4354057014
v 1.371637821 17.91876984 1.532881975
vn 0.5940265059 0.642455399 0.4841317832
v 1.243891001 17.91876984 1.677822113
vn 0.5536863208 0.6424522996 0.5297985077
v 1.105031967 17.91876984 1.812154055
vn 0.5098424554 0.6424530745 0.5721142888
v 0.9559390545 17.91876984 1.93502903
vn 0.46277529 0.6424543262 0.6108121872
v 0.7975551486 17.91876984 2.045670033
vn 0.4127848148 0.6424526572 0.6456494927
v 0.6308814287 17.91876984 2.143378019
vn 0.3601832986 0.6424525976 0.6764042377
v 0.4569716752 17.91876984 2.227535009
vn 0.3053025305 0.6424539089 0.7028821707
v 0.2769254744 17.91876984 2.297607899
vn 0.2484933287 0.642452836 0.724917531
v 0.09188099205 17.91876984 2.353154898
vn 0.1901138425 0.6424521804 0.7423691154
v -0.09699171036 17.91876984 2.393825054
vn 0.1305314898 0.6424532533 0.7551260591
v -0.2884986103 17.91876984 2.419359922
vn 0.07012493908 0.6424531341 0.7631097436
v -0.4814288914 17.91876984 2.4296
vn 0.009273895063 0.6424531937 0.7662687898
v -0.6745628715 17.91876984 2.424479008
vn -0.05163611844 0.6424534917 0.7645830512
v -0.8666793704 17.91876984 2.404028893
vn -0.1122203022 0.6424557567 0.7580614686
v -1.056563973 17.91876984 2.36838007
vn -0.1720920056 0.6424536109 0.7467514277
v -1.243016005 17.91876984 2.317758083
vn -0.2308779955 0.6424552202 0.7307165265
v -1.424855947 17.91876984 2.252481937
vn -0.2882042229 0.6424557567 0.710062623
v -1.600936055 17.91876984 2.17296505
vn -0.343706727 0.6424559355 0.6849204302
v -1.770141006 17.91876984 2.079710007
vn -0.3970368505 0.6424584389 0.6554455757
v -1.931401968 17.91876984 1.973305821
vn -0.447858274 0.6424549818 0.6218316555
v -2.083699942 17.91876984 1.85442698
vn -0.4958485365 0.6424512267 0.5842864513
v -2.226070881 17.91876984 1.723822832
vn -0.5407004952 0.642457366 0.5430391431
v -2.329554081 17.95574951 1.558240056
vn -0.488761723 0.7657324076 0.4180500209
v -2.4476161 17.95574951 1.409040093
vn -0.520429194 0.765734911 0.3778935969
v -2.553451061 17.95574951 1.250931025
vn -0.5488083363 0.7657341957 0.3353514075
v -2.646389008 17.95574951 1.084913015
vn -0.5737167597 0.7657349706 0.2906872034
v -2.725843906 17.95574951 0.9120355844
vn -0.594997406 0.7657355666 0.2441866249
v -2.791311979 17.95574951 0.7333922982
vn -0.6125195026 0.7657335401 0.1961429268
v -2.842380047 17.95574951 0.5501123071
vn -0.6261702776 0.7657302618 0.1468603164
v -2.878726006 17.95574951 0.3633544147
vn -0.6358582377 0.7657309771 0.09664577991
v -2.900118113 17.95574951 0.174299106
vn -0.6415248513 0.7657325864 0.04582044482
v -2.9064219 17.95574951 -0.01585810073
vn -0.6431342959 0.7657350898 -0.00529370131
v -2.897598028 17.95574951 -0.2059148997
vn -0.6406807899 0.7657349706 -0.05637433752
v -2.873702049 17.95574951 -0.3946700692
vn -0.6341793537 0.765732646 -0.1070982665
v -2.834884882 17.95574951 -0.5809298754
vn -0.6236664057 0.7657321095 -0.1571450979
v -2.781392097 17.95574951 -0.7635170221
vn -0.6092095375 0.7657319903 -0.2061994374
v -2.713562012 17.95574951 -0.9412767887
vn -0.5909034014 0.7657301426 -0.2539497614
v -2.631823063 17.95574951 -1.113085985
vn -0.5688560009 0.765732944 -0.3000932634
v -2.536691904 17.95574951 -1.277856946
vn -0.5432127118 0.7657348514 -0.3443401158
v -2.428771019 17.95574951 -1.434548974
vn -0.5141386986 0.7657344341 -0.3864093423
v -2.308741093 17.95574951 -1.582172036
vn -0.4818133116 0.7657343745 -0.4260361195
v -2.177362919 17.95574951 -1.719792008
vn -0.446444571 0.7657316327 -0.4629711211
v -2.035465956 17.95574951 -1.846539021
vn -0.4082466662 0.7657343149 -0.4969764948
v -1.883947015 17.95574951 -1.961611032
vn -0.3674709201 0.7657345533 -0.5278405547
v -1.723765016 17.95574951 -2.064280987
vn -0.3243763447 0.7657306194 -0.5553706288
v -1.555932045 17.95574951 -2.1539011
vn -0.2792257369 0.765730679 -0.5793872476
v -1.381510019 17.95574951 -2.229902029
vn -0.2323104441 0.7657321692 -0.5997383595
v -1.201599956 17.95574951 -2.291805983
vn -0.1839259267 0.7657340169 -0.6162976027
v -1.017341018 17.95574951 -2.339220047
vn -0.1343788654 0.7657344341 -0.6289619207
v -0.8298972845 17.95574951 -2.371844053
vn -0.08398276567 0.7657349706 -0.6376494765
v -0.6404541135 17.95574951 -2.389472961
vn -0.03305603936 0.7657356858 -0.6423053741
v -0.4502092004 17.95574951 -2.391994953
vn 0.01807881147 0.7657342553 -0.6429029107
v -0.2603651881 17.95574951 -2.379395008
vn 0.06910056621 0.7657341957 -0.6394343376
v -0.0721224919 17.95574951 -2.351749897
vn 0.1196857169 0.7657362819 -0.6319202781
v 0.1133286878 17.95574951 -2.309237957
vn 0.1695132852 0.7657338381 -0.6204167008
v 0.2948161066 17.95574951 -2.252125025
vn 0.2182708532 0.7657337785 -0.6049872637
v 0.4711921215 17.95574951 -2.180773973
vn 0.2656466365 0.7657340169 -0.5857331157
v 0.6413418651 17.95574951 -2.095634937
vn 0.3113442957 0.7657328844 -0.5627769232
v 0.804189384 17.95574951 -1.997246981
vn 0.3550729156 0.7657317519 -0.5362631083
v 0.9587049484 17.95574951 -1.886232138
vn 0.3965557218 0.7657342553 -0.5063542724
v 1.103911996 17.95574951 -1.763291001
vn 0.4355324209 0.7657331824 -0.4732485414
v 1.238893032 17.95574951 -1.629202962
vn 0.4717554152 0.765732348 -0.4371508062
v 1.362792969 17.95574951 -1.484814048
vn 0.5049955249 0.7657334805 -0.3982860446
v 1.474830031 17.95574951 -1.331037998
vn 0.5350434184 0.765732646 -0.3569061458
v 1.574295044 17.95574951 -1.168846011
vn 0.5617070198 0.7657345533 -0.3132663667
v 1.660560131 17.95574951 -0.9992641807
vn 0.5848224163 0.7657319903 -0.2676514387
v 1.733078957 17.95574951 -0.8233648539
vn 0.6042371988 0.7657337785 -0.2203389108
v 1.791393042 17.95574951 -0.6422600746
vn 0.6198349595 0.7657319903 -0.1716367602
v 1.835134149 17.95574951 -0.4570947587
vn 0.6315138936 0.765730381 -0.121848993
v 1.86402595 17.95574951 -0.2690395117
vn 0.6391976476 0.7657310963 -0.07128960639
v 1.877885103 17.95574951 -0.07928319275
vn 0.6428402662 0.7657317519 -0.02027975582
v 1.876623988 17.95574951 0.1109742969
vn 0.6424161792 0.7657344341 0.03085888922
v 1.860250831 17.95574951 0.3005301952
vn 0.6379342079 0.7657340169 0.08180076629
v 1.828868985 17.95574951 0.4881860018
vn 0.6294189692 0.7657335401 0.1322269142
v 1.782677889 17.95574951 0.6727554202
vn 0.6169266105 0.7657313943 0.1818157434
v 1.721968055 17.95574951 0.853071332
vn 0.6005288363 0.7657328844 0.2302569151
v 1.647123933 17.95574951 1.027994037
vn 0.5803388357 0.7657314539 0.2772403061
v 1.558620095 17.95574951 1.196416974
vn 0.5564735532 0.7657344937 0.3224714398
v 1.457013011 17.95574951 1.357275963
vn 0.529094696 0.7657340169 0.3656640053
v 1.34294796 17.95574951 1.509554148
vn 0.498372227 0.7657327056 0.4065446258
v 1.217144966 17.95574951 1.65228796
vn 0.4644933343 0.765735805 0.4448534548
v 1.080399036 17.95574951 1.784575939
vn 0.4276827574 0.7657341957 0.4803525507
v 0.9335749149 17.95574951 1.905580997
vn 0.3881677985 0.765732646 0.5128149986
v 0.7776014209 17.95574951 2.014539003
vn 0.3461981714 0.765732348 0.5420339704
v 0.6134639978 17.95574951 2.110759974
vn 0.3020377159 0.7657340169 0.5678244829
v 0.4422008991 17.95574951 2.193635941
vn 0.2559696734 0.7657328844 0.5900276303
v 0.2648946941 17.95574951 2.262643099
vn 0.2082820982 0.765732646 0.6084998846
v 0.08266620338 17.95574951 2.317344904
vn 0.1592790931 0.7657324076 0.6231244206
v -0.1033322886 17.95574951 2.357395887
vn 0.1092683822 0.7657313943 0.6338105798
v -0.2919248939 17.95574951 2.382543087
vn 0.05856644735 0.7657331228 0.6404863596
v -0.4819191098 17.95574951 2.392626047
vn 0.007494436577 0.7657365799 0.6431106925
v -0.6721137762 17.95574951 2.387583017
vn -0.04362461343 0.7657339573 0.6416762471
v -0.8613067865 17.95574951 2.367444038
vn -0.09446893632 0.7657313943 0.636184752
v -1.048300982 17.95574951 2.332338095
vn -0.14471443 0.7657320499 0.6266674995
v -1.231915951 17.95574951 2.282485962
vn -0.1940459311 0.7657350302 0.6131851673
v -1.410989046 17.95574951 2.218203068
vn -0.2421497107 0.7657354474 0.5958294868
v -1.584388971 17.95574951 2.139895916
vn -0.2887227237 0.765734911 0.5747079253
v -1.751019955 17.95574951 2.04805994
vn -0.3334712982 0.7657334805 0.5499536991
v -1.909826994 17.95574951 1.943276048
vn -0.3761110306 0.765732348 0.5217226148
v -2.059807062 17.95574951 1.826205969
vn -0.4163721502 0.765735805 0.4901866019
v -2.200011015 17.95574951 1.69758904
vn -0.4540021122 0.7657347918 0.4555571079
v -2.297045946 17.98574066 1.530344963
vn -0.3805249631 0.8657661676 0.3250379562
v -2.412993908 17.98574066 1.383814931
vn -0.4051460028 0.8657662272 0.2937779725
v -2.51693511 17.98574066 1.22853601
vn -0.4272070229 0.8657656312 0.2606606781
v -2.608208895 17.98574066 1.065490961
vn -0.4465660155 0.8657658696 0.2258943617
v -2.686240911 17.98574066 0.8957083821
vn -0.4631021917 0.8657653332 0.1897016317
v -2.750538111 17.98574066 0.7202631831
vn -0.4767116904 0.8657642603 0.1523096859
v -2.800692081 17.98574066 0.5402641892
vn -0.4873024821 0.8657662868 0.1139516756
v -2.836385965 17.98574066 0.3568496108
vn -0.4948106706 0.8657692075 0.07487370074
v -2.857394934 17.98574066 0.1711789072
vn -0.4991965592 0.8657684326 0.03532460704
v -2.863585949 17.98574066 -0.01557416003
vn -0.5004261136 0.8657678366 -0.004448291846
v -2.85491991 17.98574066 -0.2022287995
vn -0.4984912872 0.8657675385 -0.04419274628
v -2.831451893 17.98574066 -0.3876048028
vn -0.4934050143 0.8657671809 -0.08365803212
v -2.793329954 17.98574066 -0.5705301762
vn -0.4851993322 0.8657667637 -0.122594811
v -2.740794897 17.98574066 -0.749848485
vn -0.4739242792 0.8657673597 -0.1607565433
v -2.674179077 17.98574066 -0.9244260192
vn -0.4596534669 0.8657676578 -0.1979016066
v -2.593903065 17.98574066 -1.09315896
vn -0.4424768686 0.8657675982 -0.2337962538
v -2.50047493 17.98574066 -1.254981041
vn -0.4225056171 0.8657659888 -0.2682130635
v -2.39448595 17.98574066 -1.408867955
vn -0.3998618424 0.8657650352 -0.3009342253
v -2.276606083 17.98574066 -1.553848028
vn -0.3746896982 0.8657646179 -0.331751883
v -2.147578955 17.98574066 -1.689005017
vn -0.347142905 0.8657676578 -0.3604694307
v -2.008222103 17.98574066 -1.813481927
vn -0.3174066544 0.8657671213 -0.386911273
v -1.859416008 17.98574066 -1.926494002
vn -0.2856666446 0.8657643795 -0.4109094441
v -1.702101946 17.98574066 -2.027327061
vn -0.2521154881 0.8657659292 -0.4323044717
v -1.537273049 17.98574066 -2.115341902
vn -0.216969654 0.8657677174 -0.4509661198
v -1.365972996 17.98574066 -2.189982891
vn -0.1804553121 0.8657668829 -0.4667799771
v -1.189283967 17.98574066 -2.25077796
vn -0.1427987218 0.8657675982 -0.4796404243
v -1.008324027 17.98574066 -2.297343016
vn -0.1042399853 0.8657673001 -0.4894701838
v -0.8242356181 17.98574066 -2.329384089
vn -0.06502276659 0.8657651544 -0.4962083399
v -0.6381837726 17.98574066 -2.346697092
vn -0.02539263852 0.8657650352 -0.4998060465
v -0.4513446987 17.98574066 -2.349174023
vn 0.01439629123 0.86576581 -0.5002422333
v -0.2648993134 17.98574066 -2.336798906
vn 0.05409607664 0.8657674193 -0.4975142181
v -0.08002647012 17.98574066 -2.309648991
vn 0.09345155209 0.8657668233 -0.4916448593
v 0.1021048129 17.98574066 -2.267898083
vn 0.1322176456 0.8657663465 -0.4826666713
v 0.2803432345 17.98574066 -2.211807966
vn 0.170148477 0.8657661676 -0.4706362188
v 0.4535618126 17.98574066 -2.141733885
vn 0.2070024163 0.865766108 -0.4556303322
v 0.6206653714 17.98574066 -2.058120012
vn 0.2425481379 0.8657656312 -0.4377444983
v 0.7805977464 17.98574066 -1.961493015
vn 0.2765599489 0.8657666445 -0.4170884192
v 0.9323474169 17.98574066 -1.852465034
vn 0.3088237345 0.8657665849 -0.3937970996
v 1.074954987 17.98574066 -1.731724977
vn 0.339135468 0.865765214 -0.3680186868
v 1.207519054 17.98574066 -1.60003686
vn 0.3673008382 0.8657670617 -0.3399080634
v 1.329200864 17.98574066 -1.458232999
vn 0.3931459188 0.8657662868 -0.3096530437
v 1.439232945 17.98574066 -1.307209015
vn 0.4165051579 0.8657666445 -0.2774374485
v 1.536916971 17.98574066 -1.147920966
vn 0.4372320175 0.8657657504 -0.2434704602
v 1.62163794 17.98574066 -0.9813753963
vn 0.4551919997 0.8657668233 -0.2079616934
v 1.692857981 17.98574066 -0.808625102
vn 0.4702742398 0.8657677174 -0.1711386591
v 1.750128984 17.98574066 -0.6307625175
vn 0.4823870659 0.865766108 -0.1332358271
v 1.793087006 17.98574066 -0.4489119053
vn 0.491445303 0.8657676578 -0.09448727965
v 1.821460962 17.98574066 -0.2642230988
vn 0.4973971248 0.8657686114 -0.05514328927
v 1.835072041 17.98574066 -0.07786387205
vn 0.5002071857 0.8657678962 -0.015450418
v 1.833832979 17.98574066 0.1089875996
vn 0.4998541474 0.8657675385 0.02433986031
v 1.817754149 17.98574066 0.2951501012
vn 0.496342361 0.8657662868 0.06397619098
v 1.786934018 17.98574066 0.4794465899
vn 0.4896919131 0.8657654524 0.1032086685
v 1.741569996 17.98574066 0.6607118249
vn 0.4799424708 0.8657662868 0.1417885125
v 1.681946993 17.98574066 0.8377997279
vn 0.4671604931 0.8657660484 0.1794721782
v 1.608443141 17.98574066 1.009590983
vn 0.4514228106 0.8657671809 0.2160201222
v 1.521521926 17.98574066 1.174998999
vn 0.4328329861 0.8657670021 0.251203239
v 1.421735168 17.98574066 1.33297801
vn 0.411509037 0.8657657504 0.2847981453
v 1.309712052 17.98574066 1.482529998
vn 0.3875790238 0.8657669425 0.3165914416
v 1.186159968 17.98574066 1.622709036
vn 0.361202836 0.865765512 0.3463850021
v 1.051862955 17.98574066 1.752629042
vn 0.3325412273 0.8657649159 0.373988539
v 0.9076672196 17.98574066 1.871467948
vn 0.3017757237 0.8657654524 0.3992262185
v 0.7544858456 17.98574066 1.978474975
vn 0.2691023052 0.8657662272 0.421939373
v 0.5932868123 17.98574066 2.072973013
vn 0.2347286493 0.8657663465 0.4419854283
v 0.4250895679 17.98574066 2.154366016
vn 0.1988699883 0.8657671213 0.459236294
v 0.2509574294 17.98574066 2.222136974
vn 0.1617545038 0.8657673597 0.4735846221
v 0.07199126482 17.98574066 2.275860071
vn 0.1236175001 0.8657670617 0.484939307
v -0.110677503 17.98574066 2.315193892
vn 0.08469778299 0.8657675385 0.4932269454
v -0.2958939075 17.98574066 2.339890003
vn 0.04524273053 0.8657667041 0.4983985126
v -0.4824869037 17.98574066 2.349792957
vn 0.005503498483 0.8657651544 0.5004202724
v -0.6692768931 17.98574066 2.344841003
vn -0.03427271917 0.8657668233 0.4992726445
v -0.8550828099 17.98574066 2.32506299
vn -0.07383199781 0.8657659888 0.4949728251
v -1.038730025 17.98574066 2.290585041
vn -0.1129252538 0.8657664061 0.4875411391
v -1.219056964 17.98574066 2.241625071
vn -0.1513034105 0.865766108 0.4770286381
v -1.394924998 17.98574066 2.178493023
vn -0.1887254417 0.865765214 0.4635010958
v -1.565220952 17.98574066 2.101588011
vn -0.2249537855 0.8657652736 0.44704175
v -1.728868008 17.98574066 2.011395931
vn -0.2597593069 0.865766108 0.4277547598
v -1.884832025 17.98574066 1.908487916
vn -0.2929227948 0.8657665253 0.4057641029
v -2.032126904 17.98574066 1.79351294
vn -0.3242352307 0.8657669425 0.3812074065
v -2.169821978 17.98574066 1.667199016
vn -0.3534990251 0.8657646775 0.3542455733
v -2.261079073 18.0078392 1.499480963
vn -0.2607987821 0.9394668341 0.2222297341
v -2.374689102 18.0078392 1.355906963
vn -0.2776315212 0.939466238 0.2008082122
v -2.476532936 18.0078392 1.203760028
vn -0.2927068472 0.9394669533 0.1781138629
v -2.565967083 18.0078392 1.044002056
vn -0.3059337735 0.939466536 0.1542958021
v -2.64242506 18.0078392 0.8776441216
vn -0.3172236979 0.9394671917 0.1295012087
v -2.705425024 18.0078392 0.705737114
vn -0.3265076876 0.9394679666 0.1038876846
v -2.754566908 18.0078392 0.5293685198
vn -0.3337304294 0.9394676685 0.07761771977
v -2.789541006 18.0078392 0.349652797
vn -0.3388442397 0.9394668937 0.05085821077
v -2.81012702 18.0078392 0.1677265018
vn -0.3418142498 0.9394667149 0.02377640083
v -2.816193104 18.0078392 -0.01526013017
vn -0.3426226079 0.9394667745 -0.00345617393
v -2.807702065 18.0078392 -0.1981503069
vn -0.3412650824 0.9394667149 -0.03066643327
v -2.784707069 18.0078392 -0.3797877133
vn -0.3377479911 0.9394674301 -0.05768271163
v -2.747354031 18.0078392 -0.5590239167
vn -0.3320977092 0.9394673109 -0.08433445543
v -2.695878029 18.0078392 -0.7347258925
vn -0.3243469596 0.9394674897 -0.1104532778
v -2.630605936 18.0078392 -0.9057826996
vn -0.3145458102 0.9394676089 -0.1358733028
v -2.551949024 18.0078392 -1.07111299
vn -0.302757442 0.9394671917 -0.1604349166
v -2.460406065 18.0078392 -1.229671001
vn -0.2890544236 0.9394668937 -0.1839824319
v -2.356554031 18.0078392 -1.380455017
vn -0.2735223472 0.9394672513 -0.2063656747
v -2.241050959 18.0078392 -1.522511005
vn -0.2562604249 0.9394678473 -0.2274439037
v -2.114625931 18.0078392 -1.654940963
vn -0.2373807281 0.9394674897 -0.2470853776
v -1.978080153 18.0078392 -1.776909113
vn -0.2170013785 0.9394666553 -0.2651656568
v -1.832275033 18.0078392 -1.887642026
vn -0.1952458471 0.9394676089 -0.2815665305
v -1.678133011 18.0078392 -1.986439943
vn -0.1722570956 0.9394681454 -0.2961875796
v -1.516628981 18.0078392 -2.072679996
vn -0.1481815875 0.9394676685 -0.3089380264
v -1.348783016 18.0078392 -2.145816088
vn -0.123168081 0.9394674301 -0.3197351098
v -1.175657988 18.0078392 -2.20538497
vn -0.09737565368 0.9394673109 -0.3285105228
v -0.9983469844 18.0078392 -2.251010895
vn -0.07096891105 0.9394666553 -0.3352100551
v -0.8179715872 18.0078392 -2.282406092
vn -0.04411116987 0.9394671321 -0.339787811
v -0.6356719732 18.0078392 -2.29937005
vn -0.01697509922 0.9394676089 -0.3422169685
v -0.4526009858 18.0078392 -2.301796913
vn 0.01026752405 0.9394674897 -0.3424841464
v -0.2699157894 18.0078392 -2.289670944
vn 0.03744586185 0.9394674301 -0.3405858576
v -0.08877144754 18.0078392 -2.263068914
vn 0.06438624114 0.9394669533 -0.3365356326
v 0.08968669176 18.0078392 -2.222160101
vn 0.09092067927 0.9394671917 -0.3303556442
v 0.2643303573 18.0078392 -2.167201042
vn 0.1168806553 0.9394672513 -0.3220872283
v 0.4340557158 18.0078392 -2.098540068
vn 0.1421003491 0.9394674897 -0.3117824793
v 0.5977892876 18.0078392 -2.016612053
vn 0.1664219797 0.939467907 -0.299505949
v 0.7544959784 18.0078392 -1.921933889
vn 0.18969208 0.9394676685 -0.2853373885
v 0.9031852484 18.0078392 -1.815104961
vn 0.2117634714 0.9394668341 -0.2693663836
v 1.042917013 18.0078392 -1.696800947
vn 0.2324947566 0.9394673705 -0.2516888678
v 1.172806978 18.0078392 -1.567767978
vn 0.2517558038 0.9394676685 -0.2324208915
v 1.292036057 18.0078392 -1.428823948
vn 0.269426465 0.9394672513 -0.2116853446
v 1.399847984 18.0078392 -1.280846
vn 0.2853927612 0.9394676089 -0.1896089315
v 1.495562911 18.0078392 -1.124770045
vn 0.2995553911 0.9394673705 -0.1663357615
v 1.578573942 18.0078392 -0.9615833163
vn 0.3118233681 0.9394677281 -0.1420092285
v 1.648357987 18.0078392 -0.7923169732
vn 0.3221209347 0.9394673109 -0.1167872921
v 1.704473853 18.0078392 -0.6180413961
vn 0.33038041 0.9394677281 -0.09082490951
v 1.746564865 18.0078392 -0.4398582876
vn 0.3365521133 0.9394677877 -0.06428837031
v 1.774366975 18.0078392 -0.2588944137
vn 0.3405973315 0.9394671917 -0.03734722361
v 1.787703991 18.0078392 -0.07629355043
vn 0.3424873948 0.9394673705 -0.01016779244
v 1.786489964 18.0078392 0.1067895964
vn 0.3422125578 0.9394674301 0.017074503
v 1.770735025 18.0078392 0.2891975939
vn 0.3397733569 0.9394677281 0.04420920461
v 1.740537167 18.0078392 0.4697771966
vn 0.3351872861 0.9394675493 0.07106468827
v 1.696087003 18.0078392 0.6473867893
vn 0.3284806311 0.939467907 0.09747091681
v 1.637666941 18.0078392 0.820903182
vn 0.3196976781 0.9394680858 0.1232604161
v 1.565644979 18.0078392 0.9892299175
vn 0.3088958561 0.9394673705 0.1482715458
v 1.480478048 18.0078392 1.15130198
vn 0.2961404622 0.9394668341 0.1723452806
v 1.382702827 18.0078392 1.306095004
vn 0.2815110981 0.9394670129 0.1953285784
v 1.272938967 18.0078392 1.452631116
vn 0.2651021779 0.9394670725 0.2170770764
v 1.151880026 18.0078392 1.589982986
vn 0.2470182329 0.9394668937 0.2374531478
v 1.020289898 18.0078392 1.71728301
vn 0.227369681 0.9394675493 0.2563273609
v 0.8790027499 18.0078392 1.833725095
vn 0.2062861472 0.9394673705 0.2735818624
v 0.7289106846 18.0078392 1.938573956
vn 0.183897838 0.9394673109 0.2891068757
v 0.5709627271 18.0078392 2.031166077
vn 0.1603469253 0.9394674301 0.3028032482
v 0.4061576724 18.0078392 2.110917091
vn 0.1357813627 0.9394679666 0.3145844936
v 0.2355372757 18.0078392 2.177321911
vn 0.1103594974 0.9394671917 0.3243796527
v 0.06018044427 18.0078392 2.229960918
vn 0.08423823118 0.9394674301 0.3321217
v -0.1188043058 18.0078392 2.268501997
vn 0.05758594722 0.939466536 0.3377669454
v -0.3002851903 18.0078392 2.292701006
vn 0.03056745604 0.9394666553 0.3412742019
v -0.4831151068 18.0078392 2.302403927
vn 0.003356585745 0.9394672513 0.3426222801
v -0.6661378741 18.0078392 2.297549963
vn -0.02387509122 0.9394674897 0.3418052197
v -0.8481966853 18.0078392 2.278172016
vn -0.05095595494 0.9394674301 0.3388279676
v -1.028139949 18.0078392 2.244389057
vn -0.07771538943 0.9394678473 0.3337070942
v -1.204831004 18.0078392 2.196417093
vn -0.1039830372 0.9394670129 0.32648018
v -1.377151966 18.0078392 2.134557962
vn -0.1295934319 0.9394670129 0.3171865046
v -1.544013023 18.0078392 2.059204102
vn -0.154384166 0.9394670725 0.3058874011
v -1.704360008 18.0078392 1.970831037
vn -0.1781988144 0.9394668937 0.2926553488
v -1.857179046 18.0078392 1.869997978
vn -0.2008876354 0.9394667149 0.2775724828
v -2.001502991 18.0078392 1.757341981
vn -0.2223057896 0.9394667149 0.2607344687
v -2.136420965 18.0078392 1.633576035
vn -0.2423174679 0.9394671321 0.2422474027
v -2.222745895 18.02137947 1.46658802
vn -0.1330514401 0.9846926332 0.1125953421
v -2.333863974 18.02137947 1.326163054
vn -0.1415768564 0.9846926332 0.1016683653
v -2.433474064 18.02137947 1.177353024
vn -0.1492070705 0.9846925735 0.09009865671
v -2.520946026 18.02137947 1.021100044
vn -0.1558932662 0.9846926928 0.07795871794
v -2.595726013 18.02137947 0.8583913445
vn -0.1615947336 0.9846925735 0.0653270781
v -2.657344103 18.02137947 0.6902555823
vn -0.1662749201 0.9846924543 0.0522823669
v -2.70540905 18.02137947 0.5177556872
vn -0.1699030101 0.9846924543 0.03890622407
v -2.739615917 18.02137947 0.3419826031
vn -0.1724562645 0.9846926332 0.02528434619
v -2.759749889 18.02137947 0.1640471816
vn -0.1739204526 0.9846925139 0.01150271855
v -2.765682936 18.02137947 -0.01492531039
vn -0.1742842048 0.9846925735 -0.002351669827
v -2.757378101 18.02137947 -0.193803519
vn -0.1735463589 0.9846925735 -0.0161912255
v -2.734886885 18.02137947 -0.3714564145
vn -0.1717115343 0.9846925735 -0.02992806025
v -2.698354006 18.02137947 -0.5467609167
vn -0.1687913239 0.9846925139 -0.04347610474
v -2.648006916 18.02137947 -0.7186083198
vn -0.1648031026 0.9846925735 -0.05674929917
v -2.58416605 18.02137947 -0.8859127164
vn -0.1597734243 0.9846925735 -0.06966337562
v -2.50723505 18.02137947 -1.047616005
vn -0.1537332237 0.9846926928 -0.08213678747
v -2.417700052 18.02137947 -1.202695966
vn -0.1467211097 0.9846926928 -0.0940913409
v -2.316126108 18.02137947 -1.350172043
vn -0.1387821585 0.9846926332 -0.1054512039
v -2.203156948 18.02137947 -1.48911202
vn -0.1299660802 0.9846924543 -0.1161449254
v -2.07950592 18.02137947 -1.618636966
vn -0.1203278005 0.9846923947 -0.1261034012
v -1.945955038 18.02137947 -1.737928987
vn -0.1099271849 0.9846926928 -0.1352636814
v -1.803347945 18.02137947 -1.84623301
vn -0.09883290529 0.9846926928 -0.1435701251
v -1.65258801 18.02137947 -1.942863941
vn -0.08711455762 0.9846925139 -0.1509692818
v -1.494626999 18.02137947 -2.027211905
vn -0.0748449266 0.9846924543 -0.1574135721
v -1.330463052 18.02137947 -2.098743916
vn -0.06210175529 0.9846924543 -0.1628624648
v -1.161136031 18.02137947 -2.157006025
vn -0.04896588624 0.9846925139 -0.1672813147
v -0.9877141714 18.02137947 -2.201632023
vn -0.03552056849 0.9846926332 -0.1706420481
v -0.8112955093 18.02137947 -2.232336998
vn -0.0218501091 0.9846927524 -0.1729241908
v -0.6329950094 18.02137947 -2.248929024
vn -0.008042479865 0.9846925735 -0.174114421
v -0.4539399147 18.02137947 -2.251302958
vn 0.005816291552 0.9846925139 -0.1742035151
v -0.2752622068 18.02137947 -2.239443064
vn 0.01963854581 0.9846923351 -0.1731915027
v -0.09809165448 18.02137947 -2.213424921
vn 0.03333616629 0.9846924543 -0.1710833013
v 0.07645174116 18.02137947 -2.173413038
vn 0.04682324082 0.9846926928 -0.1678924859
v 0.2472643852 18.02137947 -2.119659901
vn 0.06001466885 0.9846925735 -0.1636421382
v 0.4132665396 18.02137947 -2.052505016
vn 0.07282658666 0.9846924543 -0.1583573669
v 0.5734081864 18.02137947 -1.972374082
vn 0.08517768979 0.9846925139 -0.1520702839
v 0.7266773582 18.02137947 -1.879773021
vn 0.0969902426 0.9846925735 -0.1448222399
v 0.8721048236 18.02137947 -1.775287986
vn 0.108189784 0.9846925735 -0.1366585642
v 1.008770943 18.02137947 -1.659577966
vn 0.1187054664 0.9846926332 -0.1276301593
v 1.135812044 18.02137947 -1.533375978
vn 0.1284705251 0.9846925139 -0.1177965328
v 1.252425075 18.02137947 -1.397480011
vn 0.1374225616 0.9846926928 -0.1072160751
v 1.357872009 18.02137947 -1.252748013
vn 0.1455062628 0.9846927524 -0.09595897049
v 1.451486945 18.02137947 -1.100096941
vn 0.1526712477 0.9846925139 -0.08409570903
v 1.532678008 18.02137947 -0.940489471
vn 0.158870995 0.9846923947 -0.07170037925
v 1.600931048 18.02137947 -0.7749361992
vn 0.1640650481 0.9846923947 -0.05885155126
v 1.655815959 18.02137947 -0.6044836044
vn 0.1682219207 0.9846924543 -0.04563022777
v 1.696984053 18.02137947 -0.4302093089
vn 0.1713158786 0.9846923947 -0.03212077543
v 1.724176049 18.02137947 -0.2532151043
vn 0.173325792 0.9846925139 -0.01840829663
v 1.737220049 18.02137947 -0.07461988181
vn 0.1742396206 0.9846926332 -0.004578884691
v 1.736032963 18.02137947 0.1044470072
vn 0.1740534008 0.9846925139 0.00927862525
v 1.720623016 18.02137947 0.2828536034
vn 0.1727654636 0.9846925735 0.02307771146
v 1.691087961 18.02137947 0.4594719112
vn 0.1703858823 0.9846925735 0.03673116118
v 1.647613049 18.02137947 0.6331853271
vn 0.1669288725 0.9846925735 0.050152421
v 1.59047389 18.02137947 0.8028954268
vn 0.1624171734 0.9846924543 0.06325644255
v 1.520033121 18.02137947 0.9675293565
vn 0.156878531 0.9846923947 0.07596051693
v 1.436733961 18.02137947 1.126045942
vn 0.1503463387 0.9846926332 0.08818418533
v 1.341104031 18.02137947 1.277444005
vn 0.1428654939 0.9846924543 0.09985080361
v 1.233747005 18.02137947 1.420765042
vn 0.1344809532 0.9846924543 0.110885866
v 1.115344048 18.02137947 1.555103898
vn 0.1252456307 0.9846925139 0.1212195605
v 0.9866408706 18.02137947 1.679610968
vn 0.1152181625 0.9846926332 0.1307867318
v 0.8484528661 18.02137947 1.793498993
vn 0.104463011 0.9846926332 0.1395272613
v 0.7016531825 18.02137947 1.896048069
vn 0.09304706007 0.9846926928 0.1473857164
v 0.5471701622 18.02137947 1.986608982
vn 0.08104328066 0.9846925735 0.1543129385
v 0.3859803081 18.02137947 2.064610004
vn 0.06852746755 0.9846924543 0.1602646708
v 0.2191027701 18.02137947 2.12955904
vn 0.05557764322 0.9846924543 0.1652025133
v 0.04759282246 18.02137947 2.18104291
vn 0.04227669537 0.9846925139 0.1690956503
v -0.1274656951 18.02137947 2.218739033
vn 0.02870842256 0.9846925735 0.1719197631
v -0.3049654961 18.02137947 2.242405891
vn 0.01495820191 0.9846926332 0.1736568362
v -0.4837847054 18.02137947 2.251897097
vn 0.001113935723 0.9846924543 0.1742971987
v -0.662792623 18.02137947 2.247149944
vn -0.01273726299 0.9846925139 0.1738344729
v -0.840857625 18.02137947 2.228195906
vn -0.026508471 0.9846927524 0.1722715497
v -1.016854048 18.02137947 2.195153952
vn -0.04011137038 0.9846926332 0.1696215421
v -1.189668059 18.02137947 2.148235083
vn -0.05346125737 0.9846925139 0.1658990681
v -1.358209014 18.02137947 2.08773303
vn -0.06647334993 0.9846924543 0.161127612
v -1.521409988 18.02137947 2.014031887
vn -0.07906447351 0.9846925735 0.1553361267
v -1.678238988 18.02137947 1.92759788
vn -0.09115545452 0.9846926332 0.1485632956
v -1.827705979 18.02137947 1.828976989
vn -0.1026706994 0.9846927524 0.1408506632
v -1.968863964 18.02137947 1.718791962
vn -0.1135370806 0.9846926332 0.1322487742
v -2.100821972 18.02137947 1.597740889
vn -0.1236852929 0.9846926332 0.1228101403
v -0.470225811 17.07592964 -0.2462019026
vn 0.1448524892 0.01391553693 -0.9893553853
v -0.5136379004 17.07592964 -0.25
vn -0.02915073559 0.0001304631878 -0.9995750189
v -0.5570498705 17.07592964 -0.2462019026
vn -0.2022809088 0.0005178824067 -0.9793273807
v -0.599142909 17.07592964 -0.2349231988
vn -0.3692675233 0.001150497003 -0.9293224216
v -0.6386379004 17.07592964 -0.2165063024
vn -0.5250313878 0.002009072341 -0.8510804772
v -0.6743348241 17.07592964 -0.1915110946
vn -0.6648420095 0.003067518817 -0.7469776869
v -0.7051489949 17.07592964 -0.1606968939
vn -0.7844486833 0.004293664824 -0.6201788783
v -0.7301443219 17.07592964 -0.125
vn -0.8802188635 0.005650262348 -0.4745343626
v -0.7485610247 17.07592964 -0.0855050385
vn -0.9463114142 0.078807652 -0.313502878
v -0.7598397732 17.07592964 -0.04341204092
vn -0.9893074036 0.01704189554 -0.1448463649
v -0.7636379004 17.07592964 4.59242669e-17
vn -0.9994363785 0.01665464044 0.02914696932
v -0.7598397732 17.07592964 0.04341204092
vn -0.9792016149 0.01602227986 0.2022558451
v -0.7485610247 17.07592964 0.0855050385
vn -0.9292169809 0.01516402699 0.3692232668
v -0.7301443219 17.07592964 0.125
vn -0.8509970903 0.01410589553 0.5249809623
v -0.7051489949 17.07592964 0.1606968939
vn -0.7469193339 0.01288005803 0.6647899151
v -0.6743348241 17.07592964 0.1915110946
vn -0.6201423407 0.01152371895 0.784404695
v -0.6386379004 17.07592964 0.2165063024
vn -0.4745190442 0.01007809397 0.880187571
v -0.599142909 17.07592964 0.2349231988
vn -0.3144699037 0.008587101474 0.9492285848
v -0.5570498705 17.07592964 0.2462019026
vn -0.1448629946 0.007096044719 0.9894262552
v -0.5136379004 17.07592964 0.25
vn 0.02915024385 0.005650253966 0.9995590448
v -0.470225811 17.07592964 0.2462019026
vn 0.2022792697 0.004293674137 0.97931844
v -0.4281328917 17.07592964 0.2349231988
vn 0.3692663014 0.003067513695 0.9293185472
v -0.3886379004 17.07592964 0.2165063024
vn 0.5250316262 0.002009065356 0.851080358
v -0.3529410064 17.07592964 0.1915110946
vn 0.6648443937 0.00128095632 0.7469807863
v -0.3221268058 17.07592964 0.1606968939
vn 0.7844560146 0.0001304613106 0.6201844811
v -0.2971315086 17.07592964 0.125
vn 0.8802321553 0.0005178839201 0.4745430052
v -0.2787146866 17.07592964 0.0855050385
vn 0.9457933903 0.08543027192 0.3133312762
v -0.2674359977 17.07592964 0.04341204092
vn 0.9893074632 0.01704189181 0.1448456496
v -0.2636379004 17.07592964 -1.53080625e-17
vn 0.9994363785 0.01665463671 -0.02914682031
v -0.2674359977 17.07592964 -0.04341204092
vn 0.9792018533 0.01602228358 -0.2022548467
v -0.2787146866 17.07592964 -0.0855050385
vn 0.9292165637 0.01516401954 -0.3692244291
v -0.2971315086 17.07592964 -0.125
vn 0.8509969711 0.01410589181 -0.5249811411
v -0.3221268058 17.07592964 -0.1606968939
vn 0.7469190955 0.01288005244 -0.6647901535
v -0.3529410064 17.07592964 -0.1915110946
vn 0.6201424599 0.01152371895 -0.7844045758
v -0.3886379004 17.07592964 -0.2165063024
vn 0.4745191038 0.01007809211 -0.8801875114
v -0.4281328917 17.07592964 -0.2349231988
vn 0.31447047 0.008587108925 -0.949228406
v -0.5136379004 7.37468195 -0.25
vn -1.110206358e-05 -0.0001957528584 -1
v -0.4919346273 7.374691486 -0.2481011897
vn 0.08715714514 -0.007304904051 -0.996167779
v -0.5570498705 7.374701023 -0.2462019026
vn -0.17365852 -0.0001957475615 -0.984805882
v -0.5353466868 7.374691486 -0.2481007129
vn -0.08715716004 -0.001731453813 -0.9961930513
v -0.5780990124 7.374729156 -0.2405618578
vn -0.2588176131 -0.0005820582155 -0.9659260511
v -0.599142909 7.37475729 -0.2349231988
vn -0.3420304954 -0.000195756933 -0.9396888614
v -0.7301443219 7.375307083 -0.125
vn -0.8433477283 -9.778819367e-05 -0.537368238
v -0.7176475525 7.375217915 -0.1428471357
vn -0.8173810244 -0.06862465292 -0.5719955564
v -0.7393531799 7.375405788 -0.1052514389
vn -0.9000369906 -0.1195552275 -0.4190942049
v -0.7485610247 7.375504494 -0.0855050385
vn -0.9238490462 -9.778770618e-05 -0.3827569783
v -0.470225811 7.374701023 -0.2462019026
vn 0.1736370027 -0.0001957501809 -0.9848096967
v -0.4491819739 7.374729156 -0.2405632436
vn 0.2588183284 -0.0005820679944 -0.9659258127
v -0.6188927293 7.374803543 -0.2257136703
vn -0.4223573208 -0.04006185383 -0.905543685
v -0.6386379004 7.374849319 -0.2165063024
vn -0.4616799653 -9.778211097e-05 -0.8870465755
v -0.6564882398 7.374911785 -0.2040073872
vn -0.5727743506 -0.05708539858 -0.8177229166
v -0.6743348241 7.374974728 -0.1915110946
vn -0.6086983085 -9.778527601e-05 -0.7934017777
v -0.6897432804 7.375051498 -0.1761025935
vn -0.7048649192 -0.08317732066 -0.7044479847
v -0.7051489949 7.375128746 -0.1606968939
vn -0.7372235656 -9.77836462e-05 -0.6756488681
v -0.7542005777 7.375609875 -0.06445784122
vn -0.9493077993 -0.1859712452 -0.2534353137
v -0.7598397732 7.375714779 -0.04341204092
vn -0.9762783051 -9.778833919e-05 -0.2165195346
v -0.4281328917 7.37475729 -0.2349231988
vn 0.3420105577 -0.0001957570057 -0.9396960735
v -0.4083876908 7.374803543 -0.2257158309
vn 0.4225511253 -0.02311546914 -0.9060442448
v -0.2787146866 7.376359463 0.0855050385
vn 0.9537417293 -9.780121763e-05 0.300627172
v -0.273075521 7.376254559 0.06445924193
vn 0.96143502 -0.0950422883 0.2580885291
v -0.2674359977 7.376149178 0.04341204092
vn 0.9914554954 -9.779570973e-05 0.1304453015
v -0.2655369639 7.376040459 0.02170626447
vn 0.9850811362 -0.1485223174 0.08692713827
v -0.2636379004 7.375932217 -1.530808069e-17
vn 0.9990445971 -9.779681568e-05 -0.04370260239
v -0.2655369639 7.375823498 -0.02170626447
vn 0.9767138362 -0.1972194463 -0.08446635306
v -0.2674359977 7.375714779 -0.04341204092
vn 0.9762781858 -9.779124957e-05 -0.2165198475
v -0.273075521 7.375609875 -0.06445924193
vn 0.9616710544 -0.09505930543 -0.2572012544
v -0.2787146866 7.375504494 -0.0855050385
vn 0.9238471985 -9.779285756e-05 -0.3827615082
v -0.2879236042 7.375405788 -0.1052535921
vn 0.8989275694 -0.1294677854 -0.4185299575
v -0.2971315086 7.375307083 -0.125
vn 0.8433448672 -9.779025277e-05 -0.5373727083
v -0.3096300662 7.375217915 -0.1428497583
vn 0.8119233251 -0.1354226917 -0.5678390861
v -0.3221268058 7.375128746 -0.1606968939
vn 0.7372187972 -9.778707317e-05 -0.6756541133
v -0.3375353217 7.375051498 -0.1761054099
vn 0.7055449486 -0.07004866749 -0.7051947117
v -0.3529410064 7.374974728 -0.1915110946
vn 0.6086919904 -9.778553067e-05 -0.7934066057
v -0.370791316 7.374911785 -0.2040100247
vn 0.5731079578 -0.04468904436 -0.8182604313
v -0.3886379004 7.374849319 -0.2165063024
vn 0.4616716504 -9.778246022e-05 -0.8870508671
v -0.2879236042 7.376458168 0.1052535921
vn 0.8984384537 -0.1294113845 0.4195962846
v -0.2971315086 7.376556873 0.125
vn 0.8870474696 -9.780250548e-05 0.4616782665
v -0.3096300662 7.376646519 0.1428497583
vn 0.8112967014 -0.1353381127 0.5687541366
v -0.7617388368 7.375823498 -0.02170577645
vn -0.9911423922 -0.1010179073 -0.086210154
v -0.7636379004 7.375932217 4.592422388e-17
vn -0.9990445375 -9.779343964e-05 -0.04370331392
v -0.3529410064 7.376889706 0.1915110946
vn 0.6756481528 -9.780503024e-05 0.7372242212
v -0.370791316 7.376952171 0.2040100247
vn 0.5728981495 -0.04468208551 0.8184077144
v -0.3375353217 7.376812458 0.1761054099
vn 0.7051958442 -0.07002672553 0.7055459619
v -0.3221268058 7.376735687 0.1606968939
vn 0.7934011221 -9.780345863e-05 0.6086991429
v -0.4281328917 7.377106667 0.2349231988
vn 0.3827561438 -9.780805703e-05 0.9238494039
v -0.4083876908 7.377060413 0.2257158309
vn 0.4224625826 -0.02311600372 0.9060855508
v -0.3886379004 7.377014637 0.2165063024
vn 0.5373654962 -9.780430264e-05 0.8433494568
v -0.4491819739 7.3771348 0.2405632436
vn 0.2588168979 -0.000582209148 0.96592623
v -0.470225811 7.377162933 0.2462019026
vn 0.17363666 -0.0001957994973 0.9848097563
v -0.4919346273 7.37717247 0.2481011897
vn 0.0871508047 -0.007306240965 0.9961683154
v -0.5136379004 7.377182007 0.25
vn -1.110188896e-05 -0.0001958029316 1
v -0.5353466868 7.37717247 0.2481007129
vn -0.08715565503 -0.001731866854 0.9961931705
v -0.5570498705 7.377162933 0.2462019026
vn -0.1736581773 -0.000195796878 0.9848059416
v -0.5780990124 7.3771348 0.2405618578
vn -0.2588161528 -0.0005821993109 0.9659264088
v -0.599142909 7.377106667 0.2349231988
vn -0.3827660978 -9.780849359e-05 0.9238452911
v -0.6188927293 7.377060413 0.2257136703
vn -0.422203958 -0.04005662724 0.9056153893
v -0.6386379004 7.377014637 0.2165063024
vn -0.5373735428 -9.780367691e-05 0.8433443308
v -0.6564882398 7.376952171 0.2040073872
vn -0.5725066662 -0.05707072094 0.8179113865
v -0.6743348241 7.376889706 0.1915110946
vn -0.6756549478 -9.780428081e-05 0.7372180223
v -0.6897432804 7.376812458 0.1761025935
vn -0.7044511437 -0.08314358443 0.7048657537
v -0.7051489949 7.376735687 0.1606968939
vn -0.7934054136 -9.779910033e-05 0.6086935401
v -0.7176475525 7.376646519 0.1428471357
vn -0.8170595765 -0.06860776991 0.5724566579
v -0.7301443219 7.376556873 0.125
vn -0.8870509863 -9.780109394e-05 0.461671412
v -0.7393531799 7.376458168 0.1052514389
vn -0.8995842934 -0.1195080653 0.4200784564
v -0.7485610247 7.376359463 0.0855050385
vn -0.9537429214 -9.779596439e-05 0.3006233871
v -0.7542005777 7.376254559 0.06445784122
vn -0.9488568306 -0.1858952641 0.2551738024
v -0.7598397732 7.376149178 0.04341204092
vn -0.9914557338 -9.779251559e-05 0.1304436177
v -0.7617388368 7.376040459 0.02170577645
vn -0.9847452641 -0.1507432163 0.08690932393
v -2.275535583 2.325899839 -1.773616672
vn -0.7024624348 0.08067440987 -0.70713377
v -2.344655514 -2.374098778 -1.702167153
vn -0.7416905761 -0.0005581879523 -0.6707419753
v -2.463039637 2.325899839 -1.565194607
vn -0.7721014023 0.0824303478 -0.6301306486
v -2.462551832 -2.374098778 -1.564774871
vn -0.7913950086 -0.0007379910094 -0.6113047004
v -2.626028776 2.325899839 -1.337089777
vn -0.8362393975 0.06303165853 -0.544729948
v -2.474104643 -2.374098778 -1.551311016
vn -0.8043848872 0.0001075374093 -0.5941085219
v -2.591159821 -2.374098778 -1.390648007
vn -0.8193774819 -0.001226401539 -0.5732530355
v -2.761070967 -2.374098778 -1.09146595
vn -0.891305685 -0.002217096509 -0.4533974528
v -2.762453079 2.325899839 -1.092169762
vn -0.9014852047 0.06428199261 -0.4280096292
v -2.695079803 -2.374098778 -1.221192956
vn -0.8733850121 -0.0005784638342 -0.4870300889
v -2.624558926 -2.374098778 -1.336187005
vn -0.8524649143 -0.001321281889 -0.522782743
v -2.785207748 -2.374098778 -1.044016004
vn -0.9179810286 -0.0005821809173 -0.3966238499
v -2.860974789 -2.374098778 -0.8602393866
vn -0.925170958 -0.0004283454036 -0.3795503974
v -2.870596886 2.325899839 -0.8335149884
vn -0.9421337247 0.08099337667 -0.3253061771
v -2.869674921 -2.374098778 -0.8332173824
vn -0.9518715739 -0.002095685108 -0.3064900339
v -2.921899796 -2.374098778 -0.6710236669
vn -0.9604867101 -0.0002286873932 -0.2783256769
v -2.949100971 2.325899839 -0.564378202
vn -0.9707149267 0.08121842146 -0.2260888219
v -2.947198868 -2.374098778 -0.5639284849
vn -0.9732116461 -0.002300815657 -0.2298995256
v -2.967600107 -2.374098778 -0.477565825
vn -0.9847920537 -0.0002071125637 -0.1737369001
v -2.996977091 2.325899839 -0.2881442308
vn -0.9906445742 0.05608305335 -0.1244107112
v -2.996708155 -2.374098778 -0.2881021202
vn -0.9951524138 -0.0007725436008 -0.098341465
v -3.013623953 2.325899839 -0.008286700584
vn -0.9978526235 0.06334424764 -0.01666362025
v -2.997786045 -2.374098778 -0.2810884416
vn -0.997140348 5.656459325e-05 -0.07557221502
v -3.012265205 -2.374098778 -0.08283390105
vn -0.9986790419 -0.001128520234 -0.05137045681
v -2.997507095 -2.374098778 0.271561265
vn -0.9962881804 -0.002171423519 0.08605317771
v -2.998832941 2.325899839 0.2716750503
vn -0.9912584424 0.06383512914 0.1154633388
v -3.010947943 -2.374098778 0.1159442589
vn -0.9986650944 -0.0005754955346 0.05164993927
v -3.011771202 -2.374098778 -0.008298289962
vn -0.9999771118 -0.001348201884 0.006625670008
v -2.993842125 -2.374098778 0.3139893711
vn -0.988519609 -0.0006517017027 0.1510912776
v -2.96105504 -2.374098778 0.5100495219
vn -0.9853616953 -0.0004467807594 0.1704760492
v -2.952788115 2.325899839 0.548220396
vn -0.9711033702 0.08034692705 0.2247278392
v -2.874283314 -2.374098778 0.8172705173
vn -0.9477230906 -0.002286656061 0.3190856874
v -2.876070261 2.325899839 0.8178714514
vn -0.9387318492 0.06384605914 0.3386829793
v -2.912795067 -2.374098778 0.7028846741
vn -0.9615519047 -0.0005738576874 0.274622649
v -2.95157814 -2.374098778 0.5479180217
vn -0.9700810313 -0.001220840611 0.2427782267
v -2.849366188 -2.374098778 0.8912761807
vn -0.9279685616 -0.0004171587643 0.3726582229
v -2.771171331 -2.374098778 1.074033022
vn -0.9224956036 -0.0003978127788 0.3860074282
v -2.769643307 2.325899839 1.077237248
vn -0.8951259255 0.08031135052 0.4385198057
v -2.769520044 -2.374098778 1.077172995
vn -0.8852162957 -0.001922964468 0.4651756585
v -2.678702116 -2.374098778 1.249999046
vn -0.8752701879 -0.0002023805864 0.4836342037
v -2.634845018 2.325899839 1.32305634
vn -0.8449405432 0.08053271472 0.5287626386
v -2.472519398 -2.374098778 1.551597953
vn -0.8003613353 -0.002115973504 0.5995141864
v -2.473372221 2.325899839 1.552237391
vn -0.7789884806 0.0640000999 0.6237635016
v -2.57254529 -2.374098778 1.418061972
vn -0.8184792399 -0.0005697734887 0.5745357871
v -2.633208036 -2.374098778 1.322023034
vn -0.8454611897 -0.001365683507 0.5340351462
v -2.453372478 -2.374098778 1.577160001
vn -0.7574290633 -0.0007222386193 0.6529170871
v -2.321934223 -2.374098778 1.726287007
vn -0.7439870834 -0.0004673218646 0.6681938171
v -2.287254333 2.325899839 1.761897326
vn -0.7034673095 0.08062822372 0.7061393857
v -2.077705383 -2.374098778 1.948034286
vn -0.6359911561 -0.002262874739 0.7716930509
v -2.078832388 2.325899839 1.949401259
vn -0.6160356402 0.06410731375 0.785105288
v -2.179064512 -2.374098778 1.864499211
vn -0.6685345173 -0.0005774390884 0.7436808944
v -2.286224365 -2.374098778 1.760833025
vn -0.6952933669 -0.001269896398 0.7187249064
v -2.025665045 -2.374098778 1.990923285
vn -0.5890630484 -0.000488624617 0.8080869317
v -1.862706065 -2.374098063 2.104759932
vn -0.5757088065 -0.0004081517982 0.8176546693
v -1.85072732 2.325899839 2.112390518
vn -0.5255486965 0.08072177321 0.8469253778
v -1.850462198 -2.374098063 2.111938238
vn -0.5057321787 -0.002003448782 0.8626881838
v -1.691218019 -2.374098063 2.205291271
vn -0.484348774 -0.0002154674003 0.8748749495
v -1.605807185 2.325899839 2.248814583
vn -0.4350986779 0.08096782863 0.8967348337
v -1.604947448 -2.374098063 2.247037888
vn -0.4355861545 -0.001373769366 0.9001460075
v -1.512284636 -2.374098063 2.291877985
vn -0.3879415989 -0.0005614826805 0.9216837883
v -1.34715271 2.325899839 2.356958628
vn -0.3393085599 0.08315118402 0.9369928241
v -1.346878409 -2.374098063 2.356254339
vn -0.3150537312 -0.0007265112945 0.9490735531
v -1.078016043 2.325899839 2.435462475
vn -0.2378397137 0.06308933347 0.9692533016
v -1.327037811 -2.374098063 2.363976002
vn -0.2948651314 0.0001187570087 0.9555388689
v -1.136648178 -2.374098063 2.421128273
vn -0.2698803842 -0.001259229379 0.9628930092
v -0.8015688062 -2.374098063 2.481740236
vn -0.1321695298 -0.002229807898 0.9912246466
v -0.801782012 2.325899839 2.483338594
vn -0.1057789475 0.04425820708 0.9934042692
v -0.9423198104 -2.374098063 2.462972164
vn -0.1710284054 -0.0005784817622 0.9852659106
v -1.077664256 -2.374098063 2.433829308
vn -0.2105011642 -0.001309989369 0.9775927067
v -0.7452811003 -2.374098063 2.489245415
vn -0.07062622905 -0.0005586616462 0.9975026846
v -0.546777904 -2.374098063 2.499780178
vn -0.05259859562 -0.0004224660515 0.9986156225
v -0.5219243765 2.325899839 2.499985695
vn 0.004484815523 0.08028782159 0.99676162
v -0.5219473839 -2.374098063 2.499122143
vn 0.02650620975 -0.002073996002 0.9996464849
v -0.3480651081 -2.374098063 2.494511127
vn 0.05472898111 -0.0002256722073 0.9985012412
v -0.2419626713 2.325899839 2.485194683
vn 0.1075801104 0.08039753884 0.9909403324
v -0.2421708256 -2.374098063 2.483239174
vn 0.1058437228 -0.002303566318 0.9943801165
v -0.1503992826 -2.374098063 2.473471403
vn 0.1614735574 -0.0002113844821 0.9868770242
v 0.03458258137 2.325899839 2.439149857
vn 0.2098704278 0.08132586628 0.9743410349
v 0.0345085524 -2.374098063 2.438756466
vn 0.2364368141 -0.0007607892621 0.9716465473
v 0.3042335212 2.325899839 2.362431765
vn 0.313942194 0.06315834075 0.9473390579
v 0.0449706167 -2.374098063 2.436792374
vn 0.2581157982 7.710633508e-05 0.9661139846
v 0.236807555 -2.374098063 2.384708405
vn 0.2819865346 -0.001160908025 0.9594176412
v 0.5630196929 -2.374098063 2.254721403
vn 0.4115728736 -0.00218733144 0.9113742113
v 0.5635995865 2.325899839 2.25600481
vn 0.4369033575 0.06390205771 0.8972357512
v 0.4239005744 -2.374098063 2.317546368
vn 0.3787882924 -0.0005765794776 0.9254831672
v 0.3036205471 -2.374098063 2.360724449
vn 0.3378661275 -0.001340203336 0.941193223
v 0.6050667167 -2.374098063 2.235732555
vn 0.469517082 -0.0006282314425 0.8829231858
v 0.7791596055 -2.374098063 2.139783382
vn 0.4864788353 -0.0004401337646 0.8736922741
v 0.8094186187 2.325899839 2.12120676
vn 0.5331601501 0.08045950532 0.8421795964
v 0.8087796569 -2.374098063 2.120239496
vn 0.5507372618 -0.001202080632 0.8346778154
v 0.945078671 -2.374098778 2.030306816
vn 0.576965034 -0.0005718968459 0.8167686462
v 1.03859961 2.325899839 1.959733725
vn 0.6174201369 0.08059388399 0.7824940681
v 1.037421584 -2.374098778 1.958226681
vn 0.6153104305 -0.002292402787 0.7882815599
v 1.101775646 -2.374098778 1.907993555
vn 0.6613066792 -0.0001973684703 0.750115633
v 1.248259664 2.325899839 1.773615837
vn 0.7033107281 0.06406576186 0.7079898119
v 1.248259664 -2.374098778 1.773616672
vn 0.7046034932 -0.001429782948 0.709599793
v 1.383604646 -2.374098778 1.628027558
vn 0.7456638217 -0.0005363146774 0.6663221121
v 1.435763717 2.325899839 1.565193772
vn 0.7783740163 0.08075517416 0.6225853562
v 1.59778893 -2.374098778 1.336444616
vn 0.8310062289 -0.002135639777 0.5562589765
v 1.598751903 2.325899839 1.337088943
vn 0.8463443518 0.06420467794 0.5287522674
v 1.506953835 -2.374098778 1.472144604
vn 0.8127452135 -0.000572032528 0.5826189518
v 1.434262633 -2.374098778 1.56400764
vn 0.7841876745 -0.001360992552 0.6205222607
v 1.617528796 -2.374098778 1.306954622
vn 0.8666333556 -0.0006985026994 0.4989450574
v 1.714628816 -2.374098778 1.133501768
vn 0.8765134215 -0.0004604778369 0.4813772142
v 1.735176921 2.325899839 1.092169046
vn 0.8989928365 0.08091437817 0.430423975
v 1.841615796 -2.374098778 0.8328903317
vn 0.9389309883 -0.002272020793 0.3440979421
v 1.843320608 2.325899839 0.8335142732
vn 0.9446858168 0.06436479837 0.3215988874
v 1.797641873 -2.374098778 0.9528819919
vn 0.9228329659 -0.0005767687107 0.385199964
v 1.733895779 -2.374098778 1.091580749
vn 0.9086272717 -0.00125499873 0.4176061451
v 1.866042733 -2.374098778 0.7662382126
vn 0.957478404 -0.0004652804637 0.2885045707
v 1.919397831 -2.374098778 0.574749887
vn 0.9619191289 -0.0004042229848 0.2733338773
v 1.921823859 2.325899839 0.5643774867
vn 0.9730297327 0.08107215911 0.2159640193
v 1.921430826 -2.374098778 0.5643016696
vn 0.9815835357 -0.001977351727 0.1910231113
v 1.957370043 -2.374098778 0.3796279132
vn 0.9857849479 -0.0002113238879 0.1680117697
v 1.969701052 2.325899839 0.2881434858
vn 0.9918745756 0.05577526987 0.114341341
v 1.985483766 -2.374098778 0.008257943206
vn 0.9994488955 -0.002074322896 0.03313079104
v 1.986347914 2.325899839 0.008285946213
vn 0.9979599714 0.06383769959 -0.0008102192078
v 1.979721189 -2.374098778 0.1821057945
vn 0.9981040955 -0.0005646210047 0.06154617295
v 1.967746973 -2.374098778 0.2879231274
vn 0.993657589 -0.001371926744 0.1124396101
v 1.986306906 -2.374098778 -0.0165675804
vn 0.9992942214 -0.0007708956255 -0.03755626455
v 1.977087975 -2.374098778 -0.2151361853
vn 0.9983101487 -0.0004823613854 -0.05810828879
v 1.971557021 2.325899839 -0.2716757953
vn 0.9903690219 0.08036406338 -0.1127422079
v 1.923876166 -2.374098778 -0.5478793979
vn 0.9789640903 -0.002242208691 -0.2040203661
v 1.925512195 2.325899839 -0.5482211113
vn 0.9714280367 0.0638378039 -0.2285877168
v 1.952121854 -2.374098778 -0.4123448133
vn 0.9864284992 -0.0005787221598 -0.1641905457
v 1.969955921 -2.374098778 -0.2714724839
vn 0.9920807481 -0.001297960407 -0.1255947798
v 1.911566257 -2.374098778 -0.6069462895
vn 0.9647026062 -0.0005356342881 -0.2633411884
v 1.855678082 -2.374098778 -0.7977105975
vn 0.9599291086 -0.0004174882197 -0.2802425623
v 1.848794103 2.325899839 -0.8178722262
vn 0.9392175078 0.08032921702 -0.3337928355
v 1.848087192 -2.374098778 -0.8176018596
vn 0.9342878461 -0.002051685005 -0.3565136492
v 1.784809113 -2.374098778 -0.9834314585
vn 0.9243133068 -0.0002228114317 -0.381634444
v 1.742367148 2.325899839 -1.077237964
vn 0.8996344209 0.08048444241 -0.4291621149
v 1.740584016 -2.374098778 -1.076389313
vn 0.9030117393 -0.00230528228 -0.4296096563
v 1.6994102 -2.374098778 -1.162934303
vn 0.878066659 -0.000215613516 -0.4785383046
v 1.607569098 2.325899839 -1.323057055
vn 0.8500654697 0.08182238787 -0.5202823877
v 1.607115149 -2.374098778 -1.322794437
vn 0.8387070298 -0.0007493830635 -0.5445823669
v 1.446096182 2.325899839 -1.552238107
vn 0.7904253602 0.06305415928 -0.6093044281
v 1.600019217 -2.374098778 -1.335085392
vn 0.8265539408 9.345752915e-05 -0.5628575087
v 1.487264037 -2.374098778 -1.49879539
vn 0.8120681643 -0.001193998731 -0.5835613608
v 1.258906245 -2.374098778 -1.760874391
vn 0.7233173251 -0.002202662872 -0.6905122995
v 1.259978294 2.325899839 -1.76189816
vn 0.7021615505 0.0640507713 -0.7091308832
v 1.361859083 -2.374098778 -1.653029442
vn 0.7483008504 -0.0005777394981 -0.6633592844
v 1.444721222 -2.374098778 -1.551119447
vn 0.7758921385 -0.001331431093 -0.630864203
v 1.224597216 -2.374098778 -1.796812415
vn 0.6779393554 -0.0006052185781 -0.7351175547
v 1.076345325 -2.374098778 -1.929235458
vn 0.6638980508 -0.0004342017928 -0.7478229403
v 1.05155623 2.325899839 -1.949402094
vn 0.6185272336 0.08067503572 -0.7816109061
v 1.050911307 -2.374098778 -1.948552251
vn 0.6048116684 -0.001182823209 -0.7963676453
v 0.9180412889 -2.374099255 -2.049461365
vn 0.5802010298 -0.0005700924085 -0.8144730926
v 0.8234512806 2.325899124 -2.112391233
vn 0.5343383551 0.08085464686 -0.8413947225
v 0.8224062324 -2.374099255 -2.110759497
vn 0.5396263599 -0.002297393046 -0.8419014812
v 0.7506852746 -2.374099255 -2.156730413
vn 0.4894255102 -0.0002027063747 -0.8720450997
v 0.5785312653 2.325899124 -2.248815298
vn 0.4442932904 0.08114545047 -0.8921989202
v 0.5784653425 -2.374099255 -2.248691559
vn 0.4220410287 -0.00078488898 -0.906576395
v 0.3198763132 2.325899124 -2.356959343
vn 0.3453675508 0.06412372738 -0.9362742305
v 0.5753362775 -2.374099255 -2.250363588
vn 0.4007362127 3.251353337e-05 -0.9161934853
v 0.3931013644 -2.374099255 -2.329768419
vn 0.3789614141 -0.001096176449 -0.9254118204
v 0.05042828619 -2.374099255 -2.434253454
vn 0.2492004335 -0.002154177055 -0.968449533
v 0.05073932186 2.325899124 -2.43546319
vn 0.2189720869 0.06449078023 -0.9735975266
v 0.2051353455 -2.374099255 -2.394444466
vn 0.2812876105 -0.0005742253852 -0.9596233368
v 0.3192633986 -2.374099255 -2.355174541
vn 0.3253616989 -0.001355304848 -0.9455886483
v 0.01262335479 -2.374099255 -2.443981409
vn 0.1843136251 -0.0006751440815 -0.9828672409
v -0.1832146198 -2.374099255 -2.478067875
vn 0.1646944731 -0.0004536555207 -0.9863445163
v -0.2254942656 2.325899124 -2.48333931
vn 0.1091691852 0.05571360514 -0.9924606085
v -0.5053763986 -2.374099255 -2.498132706
vn 0.013255639 -0.00227997615 -0.9999095201
v -0.5053519011 2.325899124 -2.499986172
vn -0.009045440704 0.06380786002 -0.9979212284
v -0.38114205 -2.374099255 -2.49648571
vn 0.05857882649 -0.0005756593891 -0.9982826114
v -0.2256175876 -2.374099255 -2.482013702
vn 0.09265304357 -0.001238614786 -0.9956976771
v -0.5799071789 -2.374099255 -2.499120712
vn -0.04457997158 -0.0004414791474 -0.9990057349
v -0.7782532573 -2.374099255 -2.485955715
vn -0.05969284102 -0.0004010306729 -0.9982166886
v -0.7853135467 2.325899124 -2.485195398
vn -0.1179011837 0.08023734391 -0.9897783995
v -0.7852739692 -2.374099255 -2.484924793
vn -0.1452944428 -0.001950979116 -0.9893865585
v -0.9749264121 -2.374099255 -2.45707345
vn -0.1672058403 -0.000207226185 -0.985921979
v -1.061858892 2.325899124 -2.439150572
vn -0.2196646035 0.08041325212 -0.9722557068
v -1.331219196 -2.374099255 -2.361508846
vn -0.3001762033 -0.002095841803 -0.9538814425
v -1.331510067 2.325899124 -2.36243248
vn -0.3309241235 0.06387756765 -0.9414929152
v -1.168683052 -2.374099255 -2.412656546
vn -0.2717642188 -0.0005675460561 -0.9623637199
v -1.061422348 -2.374099255 -2.437245846
vn -0.223444432 -0.001369548729 -0.9747157097
v -1.35829854 -2.374099255 -2.352986813
vn -0.3657933772 -0.0007466177922 -0.9306957722
v -1.54257381 -2.374099255 -2.27843976
vn -0.3847793341 -0.0004750313237 -0.9230085015
v -1.590875864 2.325899124 -2.256005764
vn -0.4338448644 0.08044441044 -0.8973891735
v -1.835803032 -2.374099255 -2.119730949
vn -0.5171197057 -0.002253272105 -0.8559101224
v -1.836694956 2.325899124 -2.121207476
vn -0.5370956063 0.06393116713 -0.8410952091
v -1.720343471 -2.374099255 -2.189488888
vn -0.480959177 -0.0005784229725 -0.8767427802
v -1.590182066 -2.374099255 -2.254617691
vn -0.4474795163 -0.001284676604 -0.8942932487
v -1.890484214 -2.374099255 -2.086693764
vn -0.5676758885 -0.0005124401068 -0.8232519627
v -2.051919937 -2.374098778 -1.97070682
vn -0.5816009045 -0.0004127138527 -0.8134741783
v -2.065875769 2.325899839 -1.959734559
vn -0.6255456805 0.08047382534 -0.7760261297
v -2.065459728 -2.374098778 -1.959243894
vn -0.6461616158 -0.002028054791 -0.7631978989
v -2.203630686 -2.374098778 -1.842260838
vn -0.6656554341 -0.0002192840911 -0.7462592125
v -2.274142742 -2.374098778 -1.772214055
vn -0.7047601938 -0.001374310465 -0.7094442844
v -0.6505643725 2.325899839 2.145634413
vn 0.08333680034 0.1039297134 -0.991087079
v -0.3909384906 2.325899839 2.146495581
vn -0.03681967407 0.07741715014 -0.9963186979
v -0.1331014931 2.325899839 2.116055727
vn -0.156645149 0.07740290463 -0.9846172333
v 0.1191866919 2.325899839 2.054758787
vn -0.2741875052 0.07737441361 -0.9585584998
v 0.3622456193 2.325899839 1.963497639
vn -0.3877325356 0.07733207941 -0.9185222983
v 0.592533648 2.325899839 1.843605876
vn -0.4956195652 0.07727520913 -0.8650952578
v 0.8066906333 2.325899839 1.696829915
vn -0.5962864757 0.07720422 -0.7990506887
v 1.001593947 2.325899839 1.52530992
vn -0.6882591844 0.07711905986 -0.7213542461
v 1.174401879 2.325899839 1.331547737
vn -0.7701960802 0.07701988518 -0.6331397295
v 1.322594762 2.325899839 1.11836791
vn -0.8409044147 0.07690623403 -0.5356913209
v 1.444010854 2.325899839 0.8888807297
vn -0.8993520737 0.0767789036 -0.4304309785
v 1.536880851 2.325899839 0.6464312077
vn -0.9446877241 0.07663689554 -0.3188916445
v 1.599848986 2.325899839 0.3945553005
vn -0.9762502909 0.07648078352 -0.2026968449
v 1.631996989 2.325899839 0.1369258463
vn -0.991087079 0.1039298177 -0.08333680779
v -2.659272909 2.325899839 -0.1369266063
vn 0.991087079 0.1039298773 0.08333677799
v -2.660134077 2.325899839 0.1226994023
vn 0.9963186383 0.07741728425 -0.0368196778
v -2.629693985 2.325899839 0.380536288
vn 0.9846171737 0.07740303129 -0.1566452831
v -2.568397284 2.325899839 0.6328240633
vn 0.9585588574 0.07737454027 -0.2741862535
v -2.477137327 2.325899839 0.8758838773
vn 0.9185230136 0.07733193785 -0.3877308965
v -2.357244253 2.325899839 1.10617125
vn 0.8650936484 0.07727520913 -0.4956223369
v -2.210468292 2.325899839 1.320328355
vn 0.7990505695 0.07720424235 -0.5962865949
v -2.038948298 2.325899839 1.515231371
vn 0.7213540673 0.07711909711 -0.6882593632
v -1.845186114 2.325899839 1.688039422
vn 0.6331402659 0.07701984793 -0.770195663
v -1.632006884 2.325899839 1.836232424
vn 0.5356919169 0.07690636069 -0.8409039974
v -1.402519226 2.325899839 1.957648635
vn 0.4304302633 0.07677877694 -0.8993524313
v -1.160069704 2.325899839 2.050518513
vn 0.3188916743 0.07663683593 -0.9446877241
v -0.9081938863 2.325899839 2.113486528
vn 0.20269683 0.07648084313 -0.9762502909
v -0.3767119348 2.325899124 -2.145635366
vn -0.08333678544 0.1039299667 0.991087079
v -0.6363378763 2.325899124 -2.146496534
vn 0.03681967035 0.07741744071 0.9963186383
v -0.8941748142 2.325899124 -2.116056442
vn 0.1566452533 0.0774032101 0.9846171737
v -1.14646256 2.325899124 -2.054759502
vn 0.2741874754 0.07737477869 0.9585584998
v -1.389522433 2.325899839 -1.963498473
vn 0.3877319992 0.07733225077 0.9185225368
v -1.619809866 2.325899839 -1.84360671
vn 0.4956203401 0.0772755295 0.8650947809
v -1.833966732 2.325899839 -1.69683075
vn 0.596286118 0.07720445096 0.7990508676
v -2.028870821 2.325899839 -1.525310636
vn 0.6882579923 0.07711911947 0.7213553786
v -2.201678753 2.325899839 -1.331548572
vn 0.7701966166 0.07701989263 0.6331391335
v -2.34987092 2.325899839 -1.118368626
vn 0.8409053683 0.07690653205 0.5356897712
v -2.471287012 2.325899839 -0.8888815045
vn 0.8993522525 0.07677903771 0.4304306209
v -2.564156771 2.325899839 -0.6464319825
vn 0.9446877241 0.0766370222 0.3188916147
v -2.627125025 2.325899839 -0.3945560753
vn 0.9762502909 0.07648105174 0.2026968151
v 1.632858038 2.325899839 -0.1227001622
vn -0.9963186383 0.07741729915 0.03681965545
v 1.602417946 2.325899839 -0.3805370629
vn -0.9846171737 0.07740309089 0.1566452533
v 1.541121125 2.325899839 -0.6328248382
vn -0.9585584402 0.07737467438 0.2741876841
v 1.449859977 2.325899839 -0.8758846521
vn -0.9185224175 0.07733216882 0.3877322078
v 1.329968214 2.325899839 -1.106172085
vn -0.8650950193 0.0772754848 0.4956199229
v 1.183192253 2.325899839 -1.320329189
vn -0.7990505695 0.07720442116 0.5962865949
v 1.011672258 2.325899839 -1.515232086
vn -0.7213541269 0.07711930573 0.688259244
v 0.8179101944 2.325899839 -1.688040257
vn -0.6331400871 0.07702007145 0.7701957822
v 0.6047303081 2.325899839 -1.836233258
vn -0.5356915593 0.07690659165 0.8409042358
v 0.3752432466 2.325899839 -1.95764935
vn -0.4304305315 0.07677910477 0.8993522525
v 0.1327932477 2.325899124 -2.050519228
vn -0.3188913167 0.0766371116 0.9446878433
v -0.1190824509 2.325899124 -2.113487244
vn -0.2026969343 0.0764811784 0.9762502909
v -2.500267267 -2.674099922 0.9451488853
vn -0.002472106833 -0.9999961853 0.001217373181
v -2.569079161 -2.674099922 0.7843233347
vn -0.002394858748 -0.9999966621 0.0009511334356
v 0.6240235567 -2.674099922 1.883009553
vn 4.430348417e-05 -1 7.12973706e-05
v 0.3113966584 -2.674099922 2.039441586
vn 0.002311096992 -0.9999822378 0.005498798098
v 0.1467546523 -2.67409873 2.098543406
vn 0.00213878951 -0.999976635 0.006490047555
v -1.844222069 -2.674099922 1.752012134
vn -0.0009195930907 -0.9999988079 0.001245477004
v -0.02206333727 -2.67409873 2.14437747
vn 0.001874382026 -0.9999685884 0.007699111011
v -0.1939879954 -2.67409873 2.176654577
vn 0.00147743756 -0.9999566078 0.009197117761
v -1.979213357 -2.674099922 1.64075911
vn -0.002765615471 -0.9999911189 0.003181582317
v -2.104939222 -2.674099922 1.519132257
vn -0.002727093641 -0.9999927282 0.002674699528
v -2.220604181 -2.674099922 1.387901068
vn -0.002675328404 -0.9999939203 0.002235929715
v -2.624896288 -2.674099922 0.6185387373
vn -0.002314819489 -0.9999970794 0.0007123211981
v -2.667365074 -2.674099922 0.4488436282
vn -0.002232685452 -0.9999973774 0.0004969188594
v -2.69621706 -2.674099922 0.2763108611
vn -0.002148951637 -0.9999976158 0.0003016637347
v -2.711271048 -2.674099922 0.1020310447
vn -0.002063953085 -0.9999978542 0.0001238549739
v -2.71243 -2.674099922 -0.0728938356
vn -0.001977914013 -0.999998033 -3.875957191e-05
v -2.699687958 -2.674099922 -0.2473577559
vn -0.001890970976 -0.9999982119 -0.0001880579075
v -2.341856956 -2.674099922 -1.223769903
vn -0.001350569422 -0.9999986887 -0.0008777864277
v -2.238848925 -2.674099922 -1.36515379
vn -0.001256624935 -0.9999987483 -0.0009669728461
v -2.124933958 -2.674099922 -1.497906923
vn -0.001161170425 -0.9999987483 -0.00105050765
v -2.000831127 -2.674099922 -1.621189713
vn -0.001064014155 -0.9999988079 -0.001128818374
v -1.575538754 -2.674099922 -1.926749825
vn -0.0007599162636 -0.9999988079 -0.001335775829
v -1.419101477 -2.674099922 -2.005027771
vn -0.0006534018321 -0.9999988079 -0.001396263251
v -1.256939292 -2.674101114 -2.070628405
vn -0.0005437651998 -0.9999988079 -0.001452784869
v -1.090077758 -2.674101114 -2.123137712
vn -0.0004306241754 -0.9999987483 -0.00150542648
v 0.4446592927 -2.674099922 -1.9803195
vn 0.0008376667975 -0.999998033 -0.001792052295
v 0.5989663005 -2.674099922 -1.897922397
vn 0.001021555625 -0.9999978542 -0.001797523699
v 0.7462392449 -2.674099922 -1.803526282
vn 0.0012186229 -0.9999976754 -0.00179535721
v 0.8855472207 -2.674099922 -1.697727323
vn 0.001430789358 -0.9999973774 -0.001784368418
v 0.4708216488 -2.674099922 1.967444539
vn 0.002418334596 -0.9999861717 0.004674752709
v -0.3679338396 -2.67409873 2.195170403
vn 0.000885898713 -0.99993819 0.0110853482
v -0.5428012013 -2.67409873 2.199807167
vn 2.891484428e-06 -0.9999087453 0.01351040043
v -0.7174839377 -2.67409873 2.190536261
vn -0.001326418482 -0.9998598695 0.01668716036
v -2.325477123 -2.674099922 1.247895122
vn -0.002613949822 -0.999994874 0.001852894435
v -2.418894053 -2.674099922 1.09999907
vn -0.00254559028 -0.9999955893 0.001515921322
v -2.673125029 -2.674099922 -0.4202579558
vn -0.001803183812 -0.9999983311 -0.0003256227064
v -2.63290906 -2.674099922 -0.5905009508
vn -0.001714564627 -0.9999984503 -0.0004527892452
v -2.579293966 -2.674099922 -0.7570106983
vn -0.001625081873 -0.9999985099 -0.0005706934608
v -1.86732626 -2.674099922 -1.734222889
vn -0.0009649252752 -0.9999988079 -0.001202275278
v -1.725262523 -2.674099922 -1.836290717
vn -0.0008636493585 -0.9999988079 -0.001271179644
v 1.016009212 -2.674099922 -1.581195354
vn 0.001660326496 -0.9999970794 -0.001763047767
v 1.136800289 -2.674099922 -1.454666376
vn 0.001909962622 -0.9999966621 -0.001729520736
v 1.247156024 -2.674099922 -1.318940282
vn 0.002182970289 -0.9999961853 -0.001681392663
v 1.346380115 -2.674099922 -1.174875259
vn 0.002483319025 -0.9999955893 -0.001615629764
v 1.43384397 -2.674099922 -1.023382306
vn 0.002815885004 -0.999994874 -0.001528317574
v 1.508996129 -2.674099922 -0.865419507
vn 0.003186696908 -0.9999939203 -0.001414414961
v -0.8908780813 -2.67409873 2.167416334
vn -0.003353161272 -0.9997752905 0.02093073912
v -1.061886907 -2.67409873 2.130592346
vn -0.00648574112 -0.9996227622 0.0266891066
v -1.229429722 -2.67409873 2.080299139
vn -0.01136361063 -0.9993389845 0.03453127295
v -1.392447233 -2.674099922 2.016853333
vn -0.01885561645 -0.9988127947 0.04491588846
v -1.549908519 -2.674099922 1.940656185
vn -0.02959205769 -0.9979205728 0.05726122484
v -1.700818062 -2.674099922 1.852189064
vn -0.04227013886 -0.9967931509 0.06794551015
v -2.512619972 -2.674099922 -0.9187343717
vn -0.001534660696 -0.9999985695 -0.0006802941207
v -2.433306932 -2.674099922 -1.074650049
vn -0.001443199115 -0.9999986291 -0.0007824287168
v -0.9195719361 -2.674101114 -2.16222477
vn -0.0003135516308 -0.9999987483 -0.00155423407
v -0.7464994788 -2.674101114 -2.187641859
vn -0.000192061445 -0.9999986887 -0.0015992017
v -0.571954906 -2.674101114 -2.199226856
vn -6.561758346e-05 -0.9999986291 -0.001640261034
v 1.571359992 -2.674099922 -0.7019850612
vn 0.003603294492 -0.9999927282 -0.001267309184
v 1.620542169 -2.674099922 -0.5341126323
vn 0.004075189587 -0.9999911189 -0.001078262227
v 1.656229973 -2.674099922 -0.3628634214
vn 0.004614520818 -0.9999890327 -0.0008355589816
v 1.686312914 -2.674099922 -0.01457940042
vn 0.002574273385 -0.9999966621 -5.159101784e-05
v 1.036831617 -2.674099922 1.560782552
vn 0.006653189193 -0.9999566078 0.00651956629
v 0.907925725 -2.674099922 1.679034591
vn 0.00520109525 -0.9999685884 0.005978086032
v -0.397041589 -2.674101114 -2.19690752
vn 6.638414925e-05 -0.9999985695 -0.001677282504
v -0.2228654474 -2.674101114 -2.180699587
vn 0.000204635202 -0.9999985099 -0.001710075769
v -0.05052762479 -2.674101114 -2.15070343
vn 0.0003499212908 -0.9999984503 -0.001738367369
v 1.678201079 -2.674099922 -0.1893197894
vn 0.005237039179 -0.9999861717 -0.0005233573611
v 0.7700327635 -2.674099922 1.786669612
vn 0.004061457235 -0.999976635 0.005495327059
v 0.1188822463 -2.674101114 -2.1071105
vn 0.0005031393375 -0.9999983311 -0.001761794905
v 0.284293294 -2.674101114 -2.050196409
vn 0.0006653168821 -0.9999982119 -0.001779885264
v 1.680518031 -2.674099922 0.1602532119
vn 0.01671011373 -0.9998598695 0.00099451805
v 1.264482856 -2.674099922 1.295487642
vn 0.006286627613 -0.9999703169 0.0044520339
v 1.15593493 -2.674099922 1.43266356
vn 0.008536067791 -0.99993819 0.007127624005
v 1.660848856 -2.674099922 0.3340726793
vn 0.02099323273 -0.9997752905 0.002936563455
v 1.627433062 -2.674099922 0.5057800412
vn 0.02681224234 -0.9996227622 0.005953763612
v 1.580480933 -2.674099922 0.6742895842
vn 0.03475028276 -0.9993389845 0.01067506243
v 1.520288825 -2.674099922 0.8385362029
vn 0.04528234154 -0.9988127947 0.01795928739
v 1.447236896 -2.674099922 0.9974812865
vn 0.05783805251 -0.9979205728 0.02844773978
v 1.36178875 -2.674099922 1.150119662
vn 0.0687719807 -0.9967932105 0.0409106724
v -2.028870821 -2.324099541 -1.52530992
vn 0.7182143331 0.04421223328 0.6944159269
v -1.833966732 -2.324099541 -1.696829915
vn 0.6289556026 0.05447224528 0.7755305171
v -1.619809866 -2.324099541 -1.843605876
vn 0.530089438 0.07727283239 0.8444134593
v -1.389522433 -2.324099541 -1.963497758
vn 0.4234395623 0.1032641158 0.9000197053
v -1.14646256 -2.324100256 -2.054758787
vn 0.3108034134 0.1319502145 0.9412705898
v -0.8941748142 -2.324100256 -2.116055727
vn 0.1941734999 0.1627628505 0.9673700929
v -0.6363378763 -2.324100256 -2.146495581
vn 0.07570015639 0.1950778216 0.9778620005
v -0.3767119348 -2.324100256 -2.145634651
vn -0.04240660742 0.2282407731 0.9726807475
v -0.1190824509 -2.324100256 -2.113486767
vn -0.1579595953 0.2615956366 0.9521641135
v 0.1327932477 -2.324100256 -2.050518513
vn -0.2688992321 0.2945131361 0.9170361161
v 0.3752432466 -2.324099541 -1.957648635
vn -0.3733596802 0.326413691 0.8683643341
v 0.6047303081 -2.324099541 -1.836232662
vn -0.4697526991 0.3567961752 0.807483077
v 0.8179101944 -2.324099541 -1.68803966
vn -0.5568006039 0.3852419555 0.7359088063
v 1.011672258 -2.324099541 -1.515231371
vn -0.6335399151 0.4114254713 0.6552528143
v 1.183192253 -2.324099541 -1.320328355
vn -0.6993088126 0.4351064563 0.5671415925
v 1.329968214 -2.324099541 -1.10617137
vn -0.7537121773 0.4561214447 0.4731502533
v 1.449859977 -2.324099541 -0.8758839369
vn -0.7965686917 0.4743704498 0.3747679293
v 1.541121125 -2.324099541 -0.6328241825
vn -0.620583415 0.7568926215 0.2049140483
v 1.602417946 -2.324099541 -0.3805363476
vn -0.8379731178 0.5191431642 0.1682004631
v 1.632858038 -2.324099541 -0.1226994619
vn -0.8495987654 0.5233126283 0.06577071548
v 1.631996989 -2.324099541 0.1369265467
vn -0.2505036294 0.9680540562 -0.01092151925
v 1.599848986 -2.324099541 0.3945560455
vn -0.8968269229 0.4166126549 -0.1487794369
v 1.536880851 -2.324099541 0.6464319229
vn -0.9544666409 0.1032641307 -0.2798748612
v 1.444010854 -2.324099541 0.8888814449
vn -0.9119480252 0.1208670735 -0.3920994401
v 1.322594762 -2.324099541 1.118368626
vn -0.8643720746 0.00224689045 -0.5028477907
v 1.174401879 -2.324099541 1.331548572
vn -0.7974286079 0.008954706602 -0.6033468246
v 1.001593947 -2.324099541 1.525310636
vn -0.7187737823 0.02002257109 -0.694955647
v 0.8066906333 -2.324099541 1.696830511
vn -0.6294997931 0.03527822345 -0.7761994004
v 0.592533648 -2.324099541 1.843606472
vn -0.5308892131 0.05447226763 -0.8456887007
v 0.3622456193 -2.324099541 1.963498473
vn -0.4165759385 0.2060961872 -0.8854314685
v 0.1191866919 -2.324099064 2.054759502
vn -0.3093644381 0.1627620608 -0.9369109869
v -0.1331014931 -2.324099064 2.116056204
vn -0.1930166185 0.1950774044 -0.9616076946
v -0.3909384906 -2.324099064 2.146496296
vn -0.07216858119 0.3545631766 -0.9322428107
v -0.6505643725 -2.324099064 2.145635366
vn 0.04162447527 0.2945123315 -0.9547407627
v -0.9081938863 -2.324099064 2.113487244
vn 0.1546944976 0.326413095 -0.932482779
v -1.160069704 -2.324099064 2.050519228
vn 0.2628594339 0.3567959666 -0.896438241
v -1.402519226 -2.324099541 1.957649231
vn 0.3645074964 0.3852419257 -0.8477752805
v -1.632006884 -2.324099541 1.836233258
vn 0.4583181739 0.4114255607 -0.7878283262
v -1.845186114 -2.324099541 1.688040257
vn 0.5432635546 0.4351062775 -0.7180162072
v -2.038948298 -2.324099541 1.515232086
vn 0.6185774207 0.4561207294 -0.639778018
v -2.210468292 -2.324099541 1.320328951
vn 0.6837334633 0.4743703306 -0.554510057
v -2.357244253 -2.324099541 1.106172085
vn 0.7383946776 0.489803642 -0.4635360837
v -2.477137327 -2.324099541 0.8758845925
vn 0.7823683619 0.502404809 -0.3680885136
v -2.568397284 -2.324099541 0.6328247786
vn 0.8155686855 0.5121796131 -0.2692949176
v -2.629693985 -2.324099541 0.3805370033
vn 0.8379731178 0.5191431046 -0.168200627
v -2.660134077 -2.324099541 0.1227001026
vn 0.8495987654 0.5233126283 -0.06577087194
v -2.659272909 -2.324099541 -0.1369259059
vn 0.5494399667 0.8351897597 0.02395417169
v -2.627125025 -2.324099541 -0.3945553899
vn 0.8529744744 0.5024052262 0.1415043771
v -2.564156771 -2.324099541 -0.6464313269
vn 0.3240867257 0.9412422776 0.09503065795
v -2.471287012 -2.324099541 -0.8888807893
vn 0.9184990525 0.02002257109 0.3949159086
v -2.34987092 -2.324099541 -1.11836791
vn 0.8643401861 0.008954903111 0.5028278232
v -2.201678753 -2.324099541 -1.331547856
vn 0.7974595428 0.002247130033 0.6033682227
v 1.0988307 -2.426199675 1.90451467
vn 0.6352080107 -0.1680021882 0.7538474798
v 0.9424196482 -2.426199675 2.026605606
vn 0.5718061924 -0.1798713803 0.8004273772
v 0.7768027186 -2.426199198 2.13588357
vn 0.5094873309 -0.1735302955 0.8427988291
v 0.6030276418 -2.426199198 2.231656551
vn 0.4398294687 -0.1703179032 0.8817833066
v 0.4221915603 -2.426199198 2.31332159
vn 0.3678463697 -0.177005738 0.9128844738
v 0.2354396433 -2.426199198 2.380360365
vn 0.2958625257 -0.1735325307 0.9393358231
v 0.04395160079 -2.426199198 2.432350397
vn 0.219979018 -0.1727690846 0.9600833654
v -0.1510614604 -2.426199198 2.468961477
vn 0.1402736306 -0.1680051982 0.9757548571
v -0.348366946 -2.426199198 2.489963293
vn 0.05720594525 -0.1679957211 0.9841264486
v -0.5467175245 -2.426199198 2.495223284
vn -0.01953790709 -0.1882432848 0.9819280505
v -0.7448588014 -2.426199198 2.484707594
vn -0.09288196266 -0.1696104556 0.9811244607
v -0.9415383339 -2.426199198 2.458482265
vn -0.1704456508 -0.1778465956 0.9691846371
v -1.135512352 -2.426199198 2.416714191
vn -0.2451802641 -0.1735384911 0.9538191557
v -1.325554729 -2.426199198 2.359666348
vn -0.3209398389 -0.1720237583 0.9313460588
v -1.510464072 -2.426199198 2.287700176
vn -0.3937190771 -0.1751033664 0.9023990631
v -1.689071059 -2.426199198 2.201270103
vn -0.4693294168 -0.161963433 0.868042469
v -1.860246658 -2.426199198 2.100923061
vn -0.5357585549 -0.1893063933 0.8228765726
v -2.022908449 -2.426199675 1.987294078
vn -0.5976294279 -0.1689146608 0.7837773561
v -2.176028252 -2.426199675 1.861100197
vn -0.6570307612 -0.1787011474 0.7323772907
v -2.318638325 -2.426199675 1.723140001
vn -0.7121725678 -0.1735339612 0.6802178025
v -2.4498353 -2.426199675 1.57428503
vn -0.7649304867 -0.1712851226 0.6209209561
v -2.568792105 -2.426199675 1.415477037
vn -0.8111978769 -0.1759060025 0.557687223
v -2.674755096 -2.426199675 1.247720003
vn -0.8573579192 -0.161384806 0.488766104
v -2.767055035 -2.426199675 1.072075009
vn -0.8896946907 -0.1903981268 0.414960146
v -2.845108271 -2.426199675 0.8896514177
vn -0.9217630625 -0.1682335287 0.3493569791
v -2.90842104 -2.426199675 0.7016034126
vn -0.9447692037 -0.1795810312 0.2741565108
v -2.956593037 -2.426199675 0.5091196895
vn -0.9640623927 -0.1735369712 0.2011682689
v -2.98932004 -2.426199675 0.3134170771
vn -0.9776861072 -0.1705630571 0.1226298511
v -3.006394863 -2.426199675 0.1157329604
vn -0.9832555056 -0.1767328531 0.04443038628
v -3.00770998 -2.426199675 -0.08268297464
vn -0.9842951894 -0.1735351235 -0.03238100931
v -2.993257046 -2.426199675 -0.2805760205
vn -0.9786729217 -0.1730288565 -0.1107264906
v -2.963126898 -2.426199675 -0.4766952395
vn -0.9671006799 -0.1680053473 -0.1910249591
v -2.917509794 -2.426199675 -0.6698005199
vn -0.9474694133 -0.1679970026 -0.2721739709
v -2.856694937 -2.426199675 -0.8586711884
vn -0.9200035334 -0.1878987998 -0.3439295292
v -2.781066895 -2.426199675 -1.042112947
vn -0.8948126435 -0.1698480695 -0.4128704369
v -2.691102743 -2.426199675 -1.218966007
vn -0.8579261303 -0.1775687933 -0.4821121097
v -2.58737278 -2.426199675 -1.388113022
vn -0.8185392618 -0.1735385507 -0.5476110578
v -2.470531702 -2.426199675 -1.548483014
vn -0.7722532153 -0.1722638458 -0.6115146875
v -2.341317654 -2.426199675 -1.699064016
vn -0.7208887935 -0.1748351902 -0.6706355214
v -2.200549841 -2.426199675 -1.838901877
vn -0.6633296609 -0.1621557176 -0.7305472493
v -2.049115658 -2.426199675 -1.967114925
vn -0.598816514 -0.1889491081 -0.7782782316
v -1.887974024 -2.42620039 -2.082889795
vn -0.5413073897 -0.1691431403 -0.8236364126
v -1.718143582 -2.42620039 -2.185497046
vn -0.4731914103 -0.1784137636 -0.8627040982
v -1.540697813 -2.42620039 -2.274286747
vn -0.4055567086 -0.173529774 -0.8974470496
v -1.356758595 -2.42620039 -2.348696947
vn -0.3322131932 -0.1715281159 -0.9274764061
v -1.167488813 -2.42620039 -2.408258438
vn -0.2572531104 -0.1756430715 -0.9502475262
v -0.9740855098 -2.42620039 -2.452594757
vn -0.1768743992 -0.1615804285 -0.9708796144
v -0.7777708769 -2.42620039 -2.481423855
vn -0.09661093354 -0.1900243759 -0.9770143628
v -0.5797863603 -2.42620039 -2.494564772
vn -0.02401814982 -0.1684512049 -0.9854173064
v -0.381383568 -2.42620039 -2.491934776
vn 0.0545286499 -0.1792759448 -0.9822865129
v -0.1838169545 -2.42620039 -2.473549604
vn 0.1299157441 -0.1735342443 -0.9762211442
v 0.01166429371 -2.42620039 -2.439526558
vn 0.208412081 -0.1708009541 -0.9630116224
v 0.2038243413 -2.42620039 -2.390078545
vn 0.2840426862 -0.1764563471 -0.9424345493
v 0.3914482594 -2.42620039 -2.325521469
vn 0.356960535 -0.173533693 -0.9178590775
v 0.5733503103 -2.42620039 -2.246260405
vn 0.4288828671 -0.1732778102 -0.8865857124
v 0.7483803034 -2.42620039 -2.152798414
vn 0.5007331967 -0.1680050492 -0.8491410613
v 0.9154312015 -2.42620039 -2.045725584
vn 0.5655927062 -0.180167675 -0.8047636151
v 1.073447347 -2.426199675 -1.925718307
vn 0.6261523962 -0.1735311449 -0.7601448298
v 1.221428156 -2.426199675 -1.793537378
vn 0.6861373186 -0.1700815111 -0.7073103189
v 1.358440161 -2.426199675 -1.650016427
vn 0.7392901182 -0.1772827953 -0.6496313214
v 1.483616114 -2.426199675 -1.496063352
vn 0.7880686522 -0.1735339165 -0.590621531
v 1.596165061 -2.426199675 -1.332651377
vn 0.8329040408 -0.1725238264 -0.5258387923
v 1.695375085 -2.426199675 -1.160814285
vn 0.8741251826 -0.1680060923 -0.4557182193
v 1.780619025 -2.426199675 -0.9816384315
vn 0.9095532894 -0.1679948866 -0.3801191151
v 1.851358175 -2.426199675 -0.7962562442
vn 0.9328283668 -0.1886010766 -0.3070192635
v 1.907145143 -2.426199675 -0.6058396697
vn 0.95647192 -0.1693814248 -0.2376370579
v 1.947625875 -2.426199675 -0.4115931094
vn 0.9708350897 -0.1781319529 -0.1604625732
v 1.972547054 -2.426199675 -0.214744091
vn 0.9811527729 -0.173535794 -0.08499743789
v 1.981749058 -2.426199675 -0.01653740369
vn 0.9851179719 -0.1717762649 -0.005958591588
v 1.975174785 -2.426199675 0.1817739159
vn 0.9818425775 -0.1753780395 0.07230290771
v 1.952866077 -2.426199675 0.3789358735
vn 0.974578619 -0.1617709696 0.1550055444
v 1.914961815 -2.426199675 0.5737021565
vn 0.9538725615 -0.1896712035 0.2327058464
v 1.861703753 -2.426199675 0.7648411989
vn 0.9376148582 -0.1686890572 0.3040104508
v 1.793428779 -2.426199675 0.9511446357
vn 0.9087190032 -0.1789883971 0.3770847917
v 1.710566759 -2.426199675 1.131434679
vn 0.8778973818 -0.1735285968 0.4463003874
v 1.613642812 -2.426199675 1.304571629
vn 0.8394280672 -0.1710442007 0.515853107
v 1.503269672 -2.426199675 1.469460607
vn 0.7950252891 -0.1761823446 0.5804262161
v 1.380145669 -2.426199675 1.625058651
vn 0.7475454211 -0.1735358089 0.6411405206
v 1.245047688 -2.426199675 1.770383596
vn 0.694242835 -0.1735340804 0.6985075474
v 1.369874597 -2.47671032 1.616245747
vn 0.7134977579 -0.3418342769 0.6116128564
v 1.49233079 -2.47671032 1.461490631
vn 0.7598352432 -0.3418366015 0.5529901981
v 1.602105737 -2.47671032 1.297495723
vn 0.8013679385 -0.3418334723 0.4908760488
v 1.698503733 -2.47671032 1.125298738
vn 0.837834537 -0.3418356776 0.4256544411
v 1.780915737 -2.47671032 0.9459860325
vn 0.8690040112 -0.3418384492 0.3577407897
v 1.848820806 -2.47671032 0.7606931329
vn 0.8946807384 -0.3418336511 0.287569344
v 1.901789784 -2.47671032 0.5705904961
vn 0.91469872 -0.3418371081 0.2155774236
v 1.939487934 -2.47671032 0.3768807352
vn 0.9289335608 -0.3418413699 0.1422214806
v 1.961676002 -2.47671032 0.1807880104
vn 0.9372984767 -0.3418358564 0.06796915084
v 1.968214989 -2.47671032 -0.01644766703
vn 0.939737618 -0.3418306112 -0.00671239337
v 1.959063053 -2.47671032 -0.2135792822
vn 0.9362323284 -0.3418336511 -0.08135580271
v 1.934277058 -2.47671032 -0.4093607962
vn 0.9268085361 -0.3418353498 -0.155481711
v 1.894015193 -2.47671032 -0.6025539041
vn 0.9115240574 -0.3418395221 -0.2286254168
v 1.838531137 -2.47671032 -0.7919377089
vn 0.8904795051 -0.3418367803 -0.3003229499
v 1.768176317 -2.47671032 -0.9763144255
vn 0.863802731 -0.3418388069 -0.3701230288
v 1.683394194 -2.47671032 -1.154518247
vn 0.8316665292 -0.3418368101 -0.437582463
v 1.584722161 -2.47671032 -1.32542336
vn 0.7942720056 -0.3418362439 -0.5022747517
v 1.472784281 -2.47671032 -1.487948418
vn 0.7518557906 -0.3418365717 -0.563791275
v 1.348287106 -2.47671032 -1.641066432
vn 0.7046842575 -0.3418396413 -0.6217440963
v 1.212018371 -2.47671032 -1.783809304
vn 0.6530606151 -0.3418374658 -0.6757655144
v 1.064839244 -2.47671032 -1.915274382
vn 0.5973036289 -0.3418414593 -0.7255155444
v 0.9076802135 -2.47671032 -2.034629345
vn 0.5377740264 -0.3418402076 -0.7706778646
v 0.7415352464 -2.476710796 -2.14112258
vn 0.4748449326 -0.3418355584 -0.8109689951
v 0.5674552917 -2.476710796 -2.234077454
vn 0.4089120626 -0.3418351412 -0.8461321592
v 0.3865393698 -2.476710796 -2.312908411
vn 0.3403919041 -0.341838479 -0.8759450912
v 0.1999333501 -2.476710796 -2.377115488
vn 0.269723326 -0.3418397009 -0.9002193809
v 0.008815296926 -2.476710796 -2.426294565
vn 0.1973505765 -0.3418345451 -0.9188045859
v -0.1856058389 -2.476710796 -2.460134506
vn 0.1237255707 -0.3418346345 -0.9315798879
v -0.3821009696 -2.476710796 -2.478419542
vn 0.04932011291 -0.3418346643 -0.9384649992
v -0.5794275403 -2.476710796 -2.481035709
vn -0.0253968332 -0.3418356478 -0.9394165277
v -0.7763383389 -2.476710796 -2.467965841
vn -0.09995366633 -0.3418397903 -0.9344275594
v -0.9715880752 -2.476710796 -2.439291716
vn -0.1738793701 -0.3418395817 -0.9235321879
v -1.163942575 -2.476710796 -2.395196676
vn -0.2467029244 -0.3418347239 -0.9068002701
v -1.352185726 -2.476710796 -2.335958719
vn -0.3179674745 -0.3418367207 -0.8843327165
v -1.535127401 -2.476710796 -2.261951685
vn -0.3872233033 -0.3418385684 -0.8562735915
v -1.711610675 -2.476710796 -2.173644066
vn -0.4540317357 -0.3418352604 -0.8228024244
v -1.880520105 -2.476710796 -2.071592808
vn -0.5179674029 -0.3418349326 -0.7841292024
v -2.040787697 -2.47671032 -1.956445932
vn -0.5786291361 -0.341835469 -0.7404977083
v -2.191399813 -2.47671032 -1.828928709
vn -0.6356332898 -0.3418363035 -0.6921836734
v -2.331404686 -2.47671032 -1.689849019
vn -0.6886169314 -0.3418383002 -0.6394945383
v -2.459917784 -2.47671032 -1.540085077
vn -0.7372471094 -0.3418430388 -0.5827606916
v -2.576124907 -2.47671032 -1.380583882
vn -0.7812181711 -0.3418395519 -0.5223446488
v -2.679292917 -2.47671032 -1.212355018
vn -0.8202500343 -0.3418332934 -0.458628267
v -2.768768787 -2.47671032 -1.036460996
vn -0.8540942669 -0.341838181 -0.3920072019
v -2.84398675 -2.47671032 -0.8540139198
vn -0.8825401664 -0.3418350816 -0.3229112029
v -2.904471874 -2.47671032 -0.6661676168
vn -0.905404985 -0.3418376446 -0.251771301
v -2.949841022 -2.47671032 -0.4741096199
vn -0.9225448966 -0.3418410718 -0.1790406257
v -2.979808092 -2.47671032 -0.2790542245
vn -0.9338544607 -0.3418379724 -0.1051792353
v -2.994183064 -2.47671032 -0.08223444968
vn -0.9392592907 -0.3418368995 -0.0306511987
v -2.992874861 -2.47671032 0.115105167
vn -0.9387263656 -0.3418343067 0.04406907782
v -2.975893021 -2.47671032 0.3117171824
vn -0.9322580099 -0.3418331742 0.1185118705
v -2.943343163 -2.47671032 0.5063583255
vn -0.919893384 -0.341837585 0.192206338
v -2.895432234 -2.47671032 0.6977980137
vn -0.9017160535 -0.3418346941 0.2646832466
v -2.832463026 -2.47671032 0.8848261833
vn -0.8778361678 -0.3418349624 0.3354884684
v -2.754833221 -2.47671032 1.06625998
vn -0.84840554 -0.3418380022 0.404171735
v -2.663034201 -2.47671032 1.240952969
vn -0.8136134744 -0.3418349326 0.4702998698
v -2.557645321 -2.47671032 1.407799959
vn -0.7736750245 -0.3418353498 0.5334562659
v -2.439334393 -2.47671032 1.56574595
vn -0.7288476825 -0.3418352306 0.5932366252
v -2.308848381 -2.47671032 1.713793993
vn -0.6794084311 -0.3418416381 0.6492676735
v -2.167012215 -2.47671032 1.85100615
vn -0.6256749034 -0.341843605 0.7011945844
v -2.014722824 -2.47671032 1.976515174
vn -0.5679879785 -0.3418411314 0.7486883998
v -1.852943063 -2.476709604 2.089529276
vn -0.5067098141 -0.3418389559 0.7914488316
v -1.682695866 -2.476709604 2.189331055
vn -0.4422262311 -0.3418407142 0.8292049766
v -1.505057573 -2.476709604 2.275292158
vn -0.3749498129 -0.3418358862 0.8617197275
v -1.321151495 -2.476709604 2.346868277
vn -0.3052996397 -0.3418388069 0.8887847662
v -1.132139444 -2.476709604 2.403606176
vn -0.2337202728 -0.3418401182 0.9102308154
v -0.9392175674 -2.476709604 2.44514823
vn -0.160664469 -0.3418376148 0.9259232879
v -0.7436047196 -2.476709604 2.471231222
vn -0.08659175783 -0.3418369591 0.9357613921
v -0.5465381145 -2.476709604 2.481690168
vn -0.01197166648 -0.3418319225 0.9396848679
v -0.34926337 -2.476709604 2.476459265
vn 0.06272614002 -0.341834873 0.93766433
v -0.1530279219 -2.476709604 2.455570459
vn 0.137023434 -0.3418341875 0.9297171235
v 0.0409276709 -2.476709604 2.419158459
vn 0.2104562223 -0.3418347239 0.9158914685
v 0.231377542 -2.476709604 2.367450476
vn 0.2825599313 -0.3418381512 0.8962737322
v 0.4171155691 -2.476709604 2.300774574
vn 0.3528753817 -0.3418365717 0.8709918261
v 0.5969706178 -2.476709604 2.219553471
vn 0.4209591448 -0.3418389559 0.8402020931
v 0.7698037028 -2.476709604 2.124298811
vn 0.4863831699 -0.3418418467 0.8040992022
v 0.9345226288 -2.47671032 2.015613794
vn 0.5487323999 -0.3418342471 0.762916863
v 1.090085745 -2.47671032 1.894185543
vn 0.6076114774 -0.3418366909 0.7169072032
v 1.23550868 -2.47671032 1.760781646
vn 0.6626482606 -0.3418374956 0.6663665771
v 1.353102565 -2.524100542 1.601853728
vn 0.6577934027 -0.4997426867 0.5635291338
v 1.474468827 -2.524100542 1.448476553
vn 0.7004888654 -0.4997358918 0.5094893575
v 1.583265781 -2.524100542 1.285942674
vn 0.7387527823 -0.4997371137 0.452224642
v 1.678805947 -2.524100542 1.115277767
vn 0.7723463774 -0.4997383654 0.3921003044
v 1.760483742 -2.524100542 0.9375626445
vn 0.80105865 -0.4997356534 0.3294985294
v 1.827784896 -2.524100542 0.7539193034
vn 0.8247050643 -0.4997358322 0.2648124695
v 1.880281687 -2.524100542 0.5655098557
vn 0.843136251 -0.4997383356 0.1984512657
v 1.917644024 -2.524100542 0.3735247552
vn 0.8562394977 -0.4997353554 0.1308377683
v 1.939635038 -2.524100542 0.1791781336
vn 0.86392802 -0.4997349679 0.06239658967
v 1.946115971 -2.524100542 -0.01630120352
vn 0.8661527038 -0.4997379184 -0.006439815741
v 1.937044859 -2.524100542 -0.2116774768
vn 0.8629031181 -0.4997375011 -0.0752369836
v 1.912479877 -2.524100542 -0.4057154655
vn 0.8541969657 -0.4997388124 -0.1435572803
v 1.872576118 -2.524100542 -0.5971884131
vn 0.8400902748 -0.4997404516 -0.2109686732
v 1.817586184 -2.524100542 -0.7848857045
vn 0.8206743002 -0.499738723 -0.2770467699
v 1.747857094 -2.524100542 -0.96762079
vn 0.7960684896 -0.4997385442 -0.3413742483
v 1.663831115 -2.524100542 -1.144238234
vn 0.7664304972 -0.4997373223 -0.403542906
v 1.566037178 -2.524100542 -1.313621283
vn 0.7319478989 -0.4997345209 -0.4631605148
v 1.455096126 -2.524100542 -1.474699378
vn 0.6928334832 -0.499738127 -0.5198495984
v 1.331707239 -2.524100542 -1.6264534
vn 0.6493430138 -0.4997362494 -0.5732515454
v 1.196652174 -2.524100542 -1.767925382
vn 0.6017442942 -0.4997379184 -0.62302953
v 1.050783277 -2.524100542 -1.898219347
vn 0.5503419638 -0.4997373223 -0.6688694358
v 0.8950242996 -2.524100542 -2.016512394
vn 0.4954618216 -0.4997354448 -0.7104801536
v 0.7303592563 -2.524101257 -2.122056246
vn 0.43744573 -0.4997408986 -0.7475963235
v 0.5578282475 -2.524101257 -2.214184523
vn 0.37666592 -0.4997410774 -0.7799882293
v 0.3785242736 -2.524101257 -2.292312622
vn 0.313503474 -0.4997422397 -0.8074486256
v 0.1935793608 -2.524101257 -2.355948448
vn 0.2483657598 -0.4997321963 -0.8298085332
v 0.004163271282 -2.524101257 -2.404690504
vn 0.1816503108 -0.4997361898 -0.8469161391
v -0.1885268539 -2.524101257 -2.438227415
vn 0.113787055 -0.4997408688 -0.8586685061
v -0.383272171 -2.524101257 -2.456350803
vn 0.04520667344 -0.4997369647 -0.8649967313
v -0.5788417459 -2.524101257 -2.458942652
vn -0.02366040088 -0.4997361004 -0.8658545017
v -0.773999095 -2.524101257 -2.445989609
vn -0.09237834811 -0.4997357726 -0.8612377048
v -0.9675103426 -2.524101257 -2.417571783
vn -0.1605120152 -0.4997329414 -0.8511773348
v -1.158152103 -2.524101257 -2.373868704
vn -0.2276308686 -0.4997351468 -0.8357325792
v -1.344719052 -2.524101257 -2.315157652
vn -0.2933091521 -0.4997366369 -0.8150049448
v -1.526031494 -2.524101257 -2.241810083
vn -0.3571335375 -0.4997373819 -0.7891249657
v -1.70094347 -2.524101257 -2.154288769
vn -0.4187017679 -0.4997366965 -0.7582559586
v -1.868348718 -2.524101257 -2.053146839
vn -0.4776212275 -0.4997371435 -0.7225930691
v -2.027189255 -2.524100542 -1.939024925
vn -0.5335213542 -0.4997380674 -0.6823611856
v -2.176460743 -2.524100542 -1.812642813
vn -0.5860495567 -0.499738276 -0.637814641
v -2.315218687 -2.524100542 -1.674800754
vn -0.6348702908 -0.4997404218 -0.5892361403
v -2.442586899 -2.524100542 -1.526371002
vn -0.6796789765 -0.4997371137 -0.5369351506
v -2.557759762 -2.524100542 -1.368290901
vn -0.7201902866 -0.4997360408 -0.4812378585
v -2.660008907 -2.524100542 -1.20156002
vn -0.7561470866 -0.4997384846 -0.4224962294
v -2.748687744 -2.524100542 -1.027232051
vn -0.7873242497 -0.4997385442 -0.361084342
v -2.823236942 -2.524100542 -0.8464096189
vn -0.813524425 -0.4997366071 -0.2973909676
v -2.883182764 -2.524100542 -0.6602358222
vn -0.8345799446 -0.4997387528 -0.2318135351
v -2.928148031 -2.524100542 -0.4698880017
vn -0.8503600359 -0.4997369349 -0.1647749394
v -2.957848072 -2.524100542 -0.2765693367
vn -0.8607631922 -0.4997371137 -0.096693106
v -2.972095013 -2.524100542 -0.08150219172
vn -0.8657245636 -0.4997369051 -0.02799943648
v -2.970798969 -2.524100542 0.1140802801
vn -0.8652137518 -0.4997346997 0.04086973146
v -2.953968048 -2.524100542 0.3089415133
vn -0.8592299819 -0.4997370839 0.1094835699
v -2.921707869 -2.524100542 0.5018494725
vn -0.8478181362 -0.4997324646 0.1774031967
v -2.874224186 -2.524100542 0.6915845871
vn -0.8310421705 -0.4997344613 0.2442015707
v -2.811815262 -2.524100542 0.876947403
vn -0.8090115786 -0.4997369051 0.3094564676
v -2.734876156 -2.524100542 1.056766033
vn -0.7818695307 -0.4997349679 0.3727532923
v -2.643895149 -2.524100542 1.229902983
vn -0.7497828007 -0.4997346997 0.4336945415
v -2.539445162 -2.524100542 1.39526403
vn -0.7129542232 -0.499735713 0.4918948114
v -2.422187328 -2.524100542 1.551803946
vn -0.6716175675 -0.4997396767 0.5469827652
v -2.292862415 -2.524100542 1.698533177
vn -0.6260364652 -0.4997403324 0.5986133814
v -2.152289391 -2.524100542 1.834523201
vn -0.5764986873 -0.4997368753 0.6464613676
v -2.001356125 -2.524100542 1.958915114
vn -0.5233158469 -0.49973616 0.6902204752
v -1.841017127 -2.524099827 2.070921898
vn -0.466822356 -0.4997379482 0.7296155691
v -1.672285914 -2.524099827 2.169836283
vn -0.4073807597 -0.4997336864 0.7643998861
v -1.496229529 -2.524099827 2.255032063
vn -0.3453606069 -0.4997340441 0.794350028
v -1.313960791 -2.524099827 2.325970173
vn -0.2811556756 -0.4997372031 0.8192766309
v -1.126632094 -2.524099827 2.382203341
vn -0.2151763737 -0.4997377992 0.8390240073
v -0.9354278445 -2.524099827 2.423375368
vn -0.1478360891 -0.4997381568 0.853467226
v -0.7415568829 -2.524099827 2.449226141
vn -0.07956082374 -0.4997393191 0.8625141382
v -0.5462450981 -2.524099827 2.459592342
vn -0.01078205369 -0.4997398555 0.8661084175
v -0.3507271111 -2.524099827 2.454407215
vn 0.05806600302 -0.4997359216 0.8642293215
v -0.1562390178 -2.524099827 2.433705568
vn 0.126544565 -0.4997350276 0.8568846583
v 0.03598966822 -2.524099827 2.397616386
vn 0.1942238659 -0.499740541 0.8441187739
v 0.2247426212 -2.524099827 2.346369505
vn 0.2606759667 -0.4997356832 0.8260219693
v 0.4088286459 -2.524099827 2.280287504
vn 0.3254797757 -0.4997366667 0.8026993275
v 0.5870816112 -2.524099827 2.19978857
vn 0.3882248998 -0.4997383952 0.7743015885
v 0.7583757043 -2.524099827 2.105382681
vn 0.4485161901 -0.4997348189 0.7410116792
v 0.9216277003 -2.524100542 1.997665763
vn 0.5059708953 -0.4997408092 0.7030310035
v 1.075804591 -2.524100542 1.87731874
vn 0.5602277517 -0.4997389913 0.660610199
v 1.219933748 -2.524100542 1.745102644
vn 0.6109421849 -0.4997368157 0.6140136719
v 1.330339551 -2.566939354 1.582320571
vn 0.5821351409 -0.6424567699 0.4983653426
v 1.450226903 -2.566939354 1.430814624
vn 0.6198920012 -0.6424536705 0.4505410194
v 1.557696819 -2.566939354 1.270261765
vn 0.6537279487 -0.6424542665 0.3998653293
v 1.652071714 -2.566939354 1.101678729
vn 0.683429718 -0.6424556971 0.3466619253
v 1.732753873 -2.566939354 0.9261301756
vn 0.7088106871 -0.6424567103 0.2912674546
v 1.799233794 -2.566939354 0.7447263598
vn 0.7297102809 -0.6424584389 0.2340301275
v 1.85109067 -2.566939354 0.5586141348
vn 0.7459988594 -0.6424561739 0.1753160357
v 1.887997866 -2.566939354 0.3689701557
vn 0.7575719357 -0.6424533129 0.1154927015
v 1.909719944 -2.566939354 0.1769933254
vn 0.7643535733 -0.6424526572 0.05493829399
v 1.91612196 -2.566939354 -0.01610245183
vn 0.7663017511 -0.6424531341 -0.005962947849
v 1.907161951 -2.566939354 -0.2090963721
vn 0.7634044886 -0.6424543858 -0.06682804227
v 1.882895827 -2.566939354 -0.4007682502
vn 0.7556820512 -0.6424538493 -0.1272701025
v 1.843479037 -2.566939354 -0.5899065137
vn 0.7431851625 -0.6424500942 -0.186905697
v 1.789160132 -2.566939354 -0.7753151655
vn 0.7259854674 -0.6424505711 -0.2453618199
v 1.720281124 -2.566939354 -0.9558218122
vn 0.7041961551 -0.6424510479 -0.3022655845
v 1.637279272 -2.566939354 -1.130285263
vn 0.6779568195 -0.6424490809 -0.3572586477
v 1.540679097 -2.566939354 -1.297603369
vn 0.6474274993 -0.6424511671 -0.4099928141
v 1.431089163 -2.566939354 -1.456717253
vn 0.6128053665 -0.6424531937 -0.4601341784
v 1.309206367 -2.566939354 -1.606621265
vn 0.5743111968 -0.6424531937 -0.50736624
v 1.175797343 -2.566939354 -1.746367455
vn 0.5321837068 -0.6424549818 -0.5513910055
v 1.031707406 -2.566939354 -1.875073433
vn 0.4866947532 -0.6424527168 -0.5919313431
v 0.8778473139 -2.566939354 -1.991923332
vn 0.4381242394 -0.6424562931 -0.628726542
v 0.7151893377 -2.566939831 -2.096180439
vn 0.3867874146 -0.642457068 -0.6615470052
v 0.544763267 -2.566939831 -2.187184572
vn 0.3330054283 -0.6424551606 -0.6901875138
v 0.3676451743 -2.566939831 -2.264360428
vn 0.2771189213 -0.6424514651 -0.7144657373
v 0.1849553585 -2.566939831 -2.327221632
vn 0.2194793522 -0.6424526572 -0.7342230082
v -0.002150666201 -2.566939831 -2.375367641
vn 0.1604484171 -0.6424552202 -0.7493380904
v -0.1924911588 -2.566939831 -2.408496618
vn 0.1004080027 -0.6424536109 -0.7597181201
v -0.3848618865 -2.566939831 -2.426398754
vn 0.03972996026 -0.6424566507 -0.7652914524
v -0.5780466795 -2.566939831 -2.428959846
vn -0.02119836211 -0.6424573064 -0.7660282254
v -0.7708242536 -2.566939831 -2.416163683
vn -0.08199198544 -0.6424554586 -0.761924088
v -0.9619759917 -2.566939831 -2.388092756
vn -0.1422686875 -0.6424551606 -0.7530013323
v -1.150292993 -2.566939831 -2.344922781
vn -0.2016451359 -0.6424529552 -0.7393195629
v -1.334584951 -2.566939831 -2.2869277
vn -0.2597469389 -0.6424534917 -0.7209612131
v -1.513686657 -2.566939831 -2.214473963
vn -0.3162049651 -0.6424551606 -0.6980442405
v -1.686465621 -2.566939831 -2.12801981
vn -0.3706651032 -0.6424577236 -0.6707126498
v -1.851829767 -2.566939354 -2.028110981
vn -0.4227809608 -0.6424572468 -0.6391439438
v -2.008733273 -2.566939354 -1.915380836
vn -0.4722248912 -0.6424568892 -0.6035336256
v -2.156184673 -2.566939354 -1.790539742
vn -0.5186834931 -0.6424580216 -0.5641055703
v -2.293250561 -2.566939354 -1.654378772
vn -0.5618641376 -0.642452836 -0.5211171508
v -2.419065952 -2.566939354 -1.507759094
vn -0.6014908552 -0.6424531937 -0.4748290479
v -2.532833815 -2.566939354 -1.351606011
vn -0.637313962 -0.6424539685 -0.4255394936
v -2.633836746 -2.566939354 -1.186907887
vn -0.6691081524 -0.6424548626 -0.3735585511
v -2.721433878 -2.566939354 -1.014706016
vn -0.6966716051 -0.6424552798 -0.3192176521
v -2.795073748 -2.566939354 -0.836088419
vn -0.7198312283 -0.6424554586 -0.2628573179
v -2.854288816 -2.566939354 -0.6521850824
vn -0.7384408116 -0.6424544454 -0.2048351169
v -2.898705959 -2.566939354 -0.4641582966
vn -0.7523816824 -0.6424530149 -0.1455195546
v -2.928044081 -2.566939354 -0.2731969059
vn -0.7615656257 -0.6424520612 -0.08528270572
v -2.942117214 -2.566939354 -0.08050834388
vn -0.7659350038 -0.6424508095 -0.02450695261
v -2.940837145 -2.566939354 0.1126891822
vn -0.7654594183 -0.6424524784 0.03642414138
v -2.924211025 -2.566939354 0.3051742911
vn -0.7601451874 -0.6424531341 0.09712504596
v -2.89234519 -2.566939354 0.4957301021
vn -0.7500233054 -0.6424558163 0.1572116762
v -2.845439196 -2.566939354 0.6831516623
vn -0.7351619601 -0.6424558163 0.2163039893
v -2.783792257 -2.566939354 0.8662539124
vn -0.7156539559 -0.6424539685 0.274029851
v -2.707791328 -2.566939354 1.043879986
vn -0.6916190982 -0.6424555182 0.3300210536
v -2.617919207 -2.566939354 1.214906096
vn -0.6632118225 -0.6424564123 0.3839268386
v -2.514742136 -2.566939354 1.378250957
vn -0.6306098104 -0.6424586773 0.4354057014
v -2.398914099 -2.566939354 1.532881975
vn -0.5940265656 -0.6424553394 0.4841317832
v -2.271167278 -2.566939354 1.677822232
vn -0.55368644 -0.64245224 0.5297985077
v -2.132308245 -2.566939354 1.812154293
vn -0.509842515 -0.6424529552 0.5721142888
v -1.983215451 -2.566939354 1.935029149
vn -0.4627753794 -0.6424542069 0.6108121872
v -1.824831486 -2.566938639 2.045670271
vn -0.4127849042 -0.642452538 0.6456495523
v -1.658157825 -2.566938639 2.143378258
vn -0.360183388 -0.6424524784 0.6764042377
v -1.484248042 -2.566938639 2.227535248
vn -0.3053026497 -0.6424537897 0.7028822303
v -1.304201841 -2.566938639 2.297608137
vn -0.248493433 -0.6424527168 0.7249175906
v -1.119157434 -2.566938639 2.353155136
vn -0.1901139617 -0.6424520612 0.742369175
v -0.9302846789 -2.566938639 2.393825293
vn -0.1305316091 -0.6424531341 0.7551261187
v -0.7387778163 -2.566938639 2.419360161
vn -0.07012505084 -0.6424530149 0.7631098032
v -0.5458475351 -2.566938639 2.429600239
vn -0.009274010547 -0.6424530745 0.766268909
v -0.3527135253 -2.566938639 2.424479485
vn 0.05163600296 -0.6424533725 0.7645831704
v -0.1605969965 -2.566938639 2.404029369
vn 0.1122201905 -0.6424556375 0.7580615878
v 0.02928758226 -2.566938639 2.368380547
vn 0.1720918864 -0.6424534917 0.7467515469
v 0.2157396078 -2.566938639 2.31775856
vn 0.2308778912 -0.642455101 0.7307166457
v 0.3975795507 -2.566938639 2.252482414
vn 0.2882041037 -0.6424556375 0.7100627422
v 0.5736596584 -2.566938639 2.172965527
vn 0.3437066376 -0.6424558759 0.684920609
v 0.7428646684 -2.566938639 2.079710722
vn 0.397036761 -0.6424583197 0.6554457545
v 0.9041255713 -2.566939354 1.973306537
vn 0.4478581846 -0.6424548626 0.6218318343
v 1.056423664 -2.566939354 1.854427576
vn 0.4958484471 -0.6424511075 0.5842866302
v 1.198794603 -2.566939354 1.723823547
vn 0.5407004356 -0.6424573064 0.5430393219
v 1.302277684 -2.603919268 1.558240652
vn 0.4887616634 -0.765732348 0.4180502295
v 1.420339942 -2.603919268 1.409040689
vn 0.5204291344 -0.7657348514 0.3778937757
v 1.526174903 -2.603919268 1.25093174
vn 0.5488082767 -0.7657341361 0.3353516161
v 1.619112849 -2.603919268 1.084913731
vn 0.5737167001 -0.765734911 0.290687412
v 1.698567748 -2.603919268 0.9120362997
vn 0.5949973464 -0.7657355666 0.2441868335
v 1.764035702 -2.603919268 0.7333930135
vn 0.612519443 -0.7657334805 0.1961431354
v 1.815103889 -2.603919268 0.5501130223
vn 0.6261702776 -0.7657302618 0.146860525
v 1.851449966 -2.603919268 0.36335513
vn 0.6358582377 -0.7657309771 0.09664598852
v 1.872842073 -2.603919268 0.1742998362
vn 0.6415248513 -0.7657325864 0.04582065716
v 1.879145861 -2.603919268 -0.01585737243
vn 0.6431342959 -0.7657350898 -0.005293488503
v 1.870322108 -2.603919268 -0.2059141695
vn 0.6406807899 -0.7657349706 -0.05637412518
v 1.84642601 -2.603919268 -0.394669354
vn 0.6341793537 -0.765732646 -0.1070980579
v 1.807609081 -2.603919268 -0.5809291601
vn 0.6236664057 -0.7657321095 -0.1571448892
v 1.754116178 -2.603919268 -0.7635163069
vn 0.6092095971 -0.7657320499 -0.2061992288
v 1.686286092 -2.603919268 -0.9412761331
vn 0.590903461 -0.7657302022 -0.2539495528
v 1.604547143 -2.603919268 -1.11308527
vn 0.5688560009 -0.765732944 -0.3000930548
v 1.509416103 -2.603919268 -1.277856231
vn 0.5432127714 -0.765734911 -0.3443399072
v 1.401495099 -2.603919268 -1.434548378
vn 0.5141387582 -0.7657344937 -0.3864091337
v 1.281465292 -2.603919268 -1.58217144
vn 0.4818133712 -0.7657344341 -0.4260359406
v 1.150087237 -2.603919268 -1.719791412
vn 0.4464446604 -0.7657317519 -0.4629709423
v 1.008190274 -2.603919268 -1.846538424
vn 0.4082467258 -0.7657343745 -0.496976316
v 0.8566713333 -2.603919268 -1.961610436
vn 0.3674710095 -0.7657346725 -0.5278403759
v 0.6964892745 -2.603919744 -2.064280272
vn 0.3243764341 -0.7657307386 -0.5553705096
v 0.5286563039 -2.603919744 -2.153900623
vn 0.2792258263 -0.7657307386 -0.5793870687
v 0.354234308 -2.603919744 -2.229901552
vn 0.2323105335 -0.7657322884 -0.5997381806
v 0.1743241847 -2.603919744 -2.291805506
vn 0.1839260161 -0.7657340765 -0.6162974238
v -0.009934657253 -2.603919744 -2.33921957
vn 0.1343789548 -0.7657345533 -0.6289618015
v -0.1973783821 -2.603919744 -2.371843576
vn 0.08398286253 -0.7657350898 -0.6376493573
v -0.386821568 -2.603919744 -2.389472485
vn 0.03305613622 -0.7657357454 -0.6423052549
v -0.5770664811 -2.603919744 -2.391994715
vn -0.01807871461 -0.7657343745 -0.6429027915
v -0.7669104934 -2.603919744 -2.37939477
vn -0.06910046935 -0.7657342553 -0.6394342184
v -0.9551532269 -2.603919744 -2.351749659
vn -0.1196856201 -0.7657364011 -0.6319202185
v -1.140604377 -2.603919744 -2.309237719
vn -0.1695131958 -0.7657339573 -0.6204166412
v -1.322091818 -2.603919744 -2.252124786
vn -0.2182707638 -0.7657338977 -0.6049872041
v -1.498467803 -2.603919744 -2.180773973
vn -0.2656465471 -0.7657340765 -0.5857330561
v -1.668617606 -2.603919744 -2.095634699
vn -0.3113442063 -0.7657330036 -0.5627768636
v -1.831465125 -2.603919268 -1.997246861
vn -0.3550728261 -0.7657318115 -0.5362630486
v -1.98598063 -2.603919268 -1.886231899
vn -0.3965556324 -0.7657343149 -0.5063542128
v -2.131187677 -2.603919268 -1.763290763
vn -0.4355323613 -0.765733242 -0.4732485116
v -2.266168833 -2.603919268 -1.629202724
vn -0.4717553556 -0.7657324076 -0.4371507466
v -2.390068769 -2.603919268 -1.484813929
vn -0.5049954653 -0.7657335401 -0.3982860148
v -2.502105951 -2.603919268 -1.331037998
vn -0.5350433588 -0.7657327056 -0.356906116
v -2.601570845 -2.603919268 -1.168845892
vn -0.5617069602 -0.7657346129 -0.3132663369
v -2.687835932 -2.603919268 -0.9992640615
vn -0.5848223567 -0.7657319903 -0.2676514089
v -2.760354996 -2.603919268 -0.8233648539
vn -0.6042371392 -0.7657337785 -0.220338881
v -2.818668842 -2.603919268 -0.6422600746
vn -0.6198348999 -0.7657319903 -0.1716367304
v -2.862410069 -2.603919268 -0.4570947587
vn -0.6315138936 -0.765730381 -0.1218489707
v -2.89130187 -2.603919268 -0.2690395117
vn -0.6391976476 -0.7657310963 -0.07128959149
v -2.905161142 -2.603919268 -0.0792831853
vn -0.6428402662 -0.7657317519 -0.02027973719
v -2.903899908 -2.603919268 0.1109743044
vn -0.6424161792 -0.7657344341 0.03085890785
v -2.887526989 -2.603919268 0.3005301952
vn -0.6379342079 -0.7657340169 0.08180078864
v -2.856144905 -2.603919268 0.4881860018
vn -0.6294189692 -0.7657334805 0.1322269291
v -2.809954166 -2.603919268 0.6727554202
vn -0.6169266701 -0.7657313943 0.1818157732
v -2.749244213 -2.603919268 0.853071332
vn -0.6005288959 -0.7657328844 0.23025693
v -2.674400091 -2.603919268 1.027994156
vn -0.5803388953 -0.7657313943 0.2772403359
v -2.585896254 -2.603919268 1.196417093
vn -0.5564736128 -0.7657344341 0.3224714696
v -2.484289169 -2.603919268 1.357275963
vn -0.5290947556 -0.7657339573 0.3656640649
v -2.370224237 -2.603919268 1.509554267
vn -0.4983722866 -0.765732646 0.4065446556
v -2.244421244 -2.603919268 1.652288079
vn -0.4644933939 -0.7657357454 0.4448535144
v -2.107675314 -2.603919268 1.784576178
vn -0.4276828468 -0.7657341361 0.4803526103
v -1.960851192 -2.603919268 1.905581117
vn -0.3881678879 -0.7657325864 0.5128150582
v -1.804877758 -2.603919268 2.014539003
vn -0.3461982608 -0.7657322288 0.54203403
v -1.640740275 -2.603918552 2.110759974
vn -0.3020378053 -0.7657338977 0.5678245425
v -1.469477296 -2.603918552 2.193636179
vn -0.2559697628 -0.7657328248 0.5900277495
v -1.292171001 -2.603918552 2.262643337
vn -0.2082821876 -0.7657325268 0.6084999442
v -1.109942555 -2.603918552 2.317345381
vn -0.1592791826 -0.7657322884 0.6231245399
v -0.9239441156 -2.603918552 2.357396126
vn -0.109268479 -0.7657312751 0.633810699
v -0.7353515029 -2.603918552 2.382543325
vn -0.0585665442 -0.7657330036 0.6404864788
v -0.5453572869 -2.603918552 2.392626524
vn -0.007494533435 -0.7657364607 0.6431108117
v -0.3551626205 -2.603918552 2.387583494
vn 0.04362451658 -0.7657338381 0.6416763663
v -0.1659696102 -2.603918552 2.367444515
vn 0.09446883947 -0.7657312751 0.6361848712
v 0.02102459967 -2.603918552 2.332338572
vn 0.1447143406 -0.7657319307 0.6266676188
v 0.2046395838 -2.603918552 2.282486439
vn 0.1940458417 -0.765734911 0.6131852865
v 0.383712709 -2.603918552 2.218203545
vn 0.2421496212 -0.7657353282 0.5958296061
v 0.5571125746 -2.603918552 2.139896393
vn 0.2887226343 -0.7657348514 0.5747081041
v 0.7237436175 -2.603918552 2.048060656
vn 0.3334712386 -0.7657334208 0.5499538779
v 0.8825505972 -2.603919268 1.943276644
vn 0.3761109412 -0.7657322884 0.5217227936
v 1.032530665 -2.603919268 1.826206684
vn 0.4163720906 -0.7657357454 0.4901867807
v 1.172734737 -2.603919268 1.697589636
vn 0.4540020525 -0.7657347322 0.4555572867
v 1.269769669 -2.633910179 1.530345559
vn 0.3805249035 -0.865766108 0.3250381351
v 1.38571775 -2.633910179 1.383815646
vn 0.405145973 -0.8657662272 0.2937781811
v 1.489658952 -2.633910179 1.228536725
vn 0.4272069931 -0.8657656312 0.2606608868
v 1.580932736 -2.633910179 1.065491676
vn 0.4465659857 -0.86576581 0.2258945554
v 1.658964753 -2.633910179 0.8957090378
vn 0.4631021619 -0.8657653332 0.1897018403
v 1.723261833 -2.633910179 0.7202638984
vn 0.4767116606 -0.8657642007 0.1523098797
v 1.773415804 -2.633910179 0.5402649045
vn 0.4873024821 -0.8657662868 0.1139518842
v 1.809110045 -2.633910179 0.3568503559
vn 0.4948106706 -0.8657692075 0.07487390935
v 1.830118895 -2.633910179 0.1711796522
vn 0.4991965592 -0.8657684326 0.03532481194
v 1.83630991 -2.633910179 -0.0155734336
vn 0.5004261136 -0.8657678366 -0.004448085558
v 1.827643871 -2.633910179 -0.2022280693
vn 0.4984912872 -0.8657675385 -0.04419254139
v 1.804175854 -2.633910179 -0.3876040578
vn 0.4934050441 -0.8657671809 -0.08365783095
v 1.766054153 -2.633910179 -0.5705294609
vn 0.485199362 -0.8657668233 -0.1225946099
v 1.713518977 -2.633910179 -0.7498477697
vn 0.473924309 -0.8657673597 -0.1607563347
v 1.646903157 -2.633910179 -0.9244253635
vn 0.4596534967 -0.8657677174 -0.1979014128
v 1.566627264 -2.633910179 -1.093158245
vn 0.4424768984 -0.8657676578 -0.2337960601
v 1.473199129 -2.633910179 -1.254980326
vn 0.4225056469 -0.8657660484 -0.2682128847
v 1.367210031 -2.633910179 -1.408867359
vn 0.399861902 -0.8657650948 -0.3009340465
v 1.249330282 -2.633910179 -1.553847432
vn 0.374689728 -0.8657646179 -0.3317516744
v 1.120303273 -2.633910179 -1.689004421
vn 0.3471429646 -0.8657677174 -0.3604692519
v 0.980946362 -2.633910179 -1.813481331
vn 0.317406714 -0.8657671809 -0.3869110942
v 0.8321402669 -2.633910179 -1.926493406
vn 0.2856667042 -0.8657644391 -0.4109092653
v 0.6748262048 -2.633910179 -2.027326584
vn 0.2521155477 -0.8657659888 -0.4323042929
v 0.5099973083 -2.633910656 -2.115341425
vn 0.2169697136 -0.865767777 -0.450965941
v 0.3386972547 -2.633910656 -2.189982414
vn 0.1804553866 -0.8657669425 -0.4667798281
v 0.1620082408 -2.633910656 -2.250777483
vn 0.1427987963 -0.8657677174 -0.4796402752
v -0.01895165443 -2.633910656 -2.297342539
vn 0.1042400599 -0.8657673597 -0.4894700348
v -0.2030400783 -2.633910656 -2.329383612
vn 0.0650228411 -0.865765214 -0.4962081909
v -0.3890919089 -2.633910656 -2.346696615
vn 0.02539271489 -0.8657651544 -0.4998059273
v -0.575930953 -2.633910656 -2.349173784
vn -0.01439621579 -0.8657658696 -0.5002421141
v -0.762376368 -2.633910656 -2.336798429
vn -0.05409600213 -0.8657674789 -0.4975140989
v -0.9472492337 -2.633910656 -2.309648752
vn -0.09345147759 -0.8657668829 -0.4916447401
v -1.129380465 -2.633910656 -2.267897844
vn -0.1322175711 -0.8657664061 -0.4826665521
v -1.307618976 -2.633910656 -2.211807489
vn -0.1701484025 -0.8657662272 -0.4706360996
v -1.480837584 -2.633910656 -2.141733885
vn -0.2070023566 -0.8657661676 -0.4556302428
v -1.647941113 -2.633910656 -2.058120012
vn -0.2425480783 -0.8657656908 -0.4377444088
v -1.807873487 -2.633910179 -1.961492896
vn -0.2765598893 -0.8657667041 -0.4170883298
v -1.959623098 -2.633910179 -1.852464914
vn -0.3088236749 -0.8657666445 -0.3937970102
v -2.102230787 -2.633910179 -1.731724858
vn -0.3391354084 -0.8657652736 -0.3680185974
v -2.234794855 -2.633910179 -1.60003674
vn -0.3673007786 -0.8657671213 -0.339907974
v -2.356476784 -2.633910179 -1.45823288
vn -0.393145889 -0.8657663465 -0.3096529841
v -2.466508865 -2.633910179 -1.307209015
vn -0.4165051281 -0.8657667041 -0.2774373889
v -2.564192772 -2.633910179 -1.147920847
vn -0.4372319579 -0.8657657504 -0.2434703857
v -2.64891386 -2.633910179 -0.981375277
vn -0.4551919699 -0.8657668233 -0.2079616338
v -2.720133781 -2.633910179 -0.808625102
vn -0.47027421 -0.8657677174 -0.1711385995
v -2.777404785 -2.633910179 -0.6307624578
vn -0.4823870361 -0.865766108 -0.1332357675
v -2.820363045 -2.633910179 -0.4489118755
vn -0.491445303 -0.8657676578 -0.0944872275
v -2.848737001 -2.633910179 -0.264223069
vn -0.4973971248 -0.8657686114 -0.05514323339
v -2.86234808 -2.633910179 -0.07786385715
vn -0.5002071857 -0.8657678962 -0.01545036305
v -2.861109018 -2.633910179 0.108987622
vn -0.4998541474 -0.8657675385 0.02433991432
v -2.845030069 -2.633910179 0.295150131
vn -0.4963423908 -0.8657662868 0.06397625059
v -2.814209938 -2.633910179 0.4794466197
vn -0.4896919131 -0.8657654524 0.1032087207
v -2.768846273 -2.633910179 0.6607118249
vn -0.4799425006 -0.8657662272 0.1417885721
v -2.70922327 -2.633910179 0.8377998471
vn -0.4671605229 -0.8657659888 0.1794722378
v -2.635719299 -2.633910179 1.009590983
vn -0.4514228404 -0.8657671213 0.2160201818
v -2.548798084 -2.633910179 1.174999118
vn -0.4328330457 -0.8657670021 0.2512032986
v -2.449011326 -2.633910179 1.332978249
vn -0.4115090668 -0.8657656908 0.2847982049
v -2.336988211 -2.633910179 1.482530117
vn -0.3875790536 -0.8657668829 0.3165915012
v -2.213436365 -2.633910179 1.622709155
vn -0.3612028956 -0.8657654524 0.3463850915
v -2.079139233 -2.633910179 1.75262928
vn -0.3325412869 -0.8657648563 0.3739886284
v -1.934943557 -2.633910179 1.871468067
vn -0.3017757833 -0.8657653928 0.3992263079
v -1.781762123 -2.633910179 1.978475094
vn -0.2691023648 -0.8657661676 0.4219394624
v -1.620563149 -2.633909464 2.072973251
vn -0.2347287089 -0.8657662868 0.4419855177
v -1.452365875 -2.633909464 2.154366255
vn -0.1988700628 -0.8657670617 0.4592364132
v -1.278233767 -2.633909464 2.222137213
vn -0.1617545784 -0.8657673001 0.4735847116
v -1.099267602 -2.633909464 2.27586031
vn -0.1236175746 -0.8657670021 0.4849394262
v -0.9165988564 -2.633909464 2.315194368
vn -0.0846978575 -0.8657674789 0.4932270646
v -0.7313824892 -2.633909464 2.339890242
vn -0.04524280503 -0.8657666445 0.4983986318
v -0.5447894931 -2.633909464 2.349793196
vn -0.005503573921 -0.8657650352 0.5004203916
v -0.3579995036 -2.633909464 2.34484148
vn 0.03427264467 -0.8657667637 0.4992727935
v -0.172193557 -2.633909464 2.325063467
vn 0.07383192331 -0.8657659292 0.4949729741
v 0.01145362016 -2.633909464 2.290585518
vn 0.1129251868 -0.8657663465 0.4875412881
v 0.191780597 -2.633909464 2.241625547
vn 0.151303336 -0.8657660484 0.4770287871
v 0.3676486611 -2.633909464 2.1784935
vn 0.1887253821 -0.8657651544 0.4635012746
v 0.5379446149 -2.633909464 2.101588488
vn 0.224953711 -0.865765214 0.447041899
v 0.7015916705 -2.633910179 2.011396646
vn 0.2597592473 -0.8657660484 0.4277549386
v 0.8575556278 -2.633910179 1.908488631
vn 0.2929227352 -0.8657664657 0.4057642817
v 1.004850626 -2.633910179 1.793513656
vn 0.3242351711 -0.8657668829 0.3812075853
v 1.1425457 -2.633910179 1.667199731
vn 0.3534989655 -0.8657646179 0.3542457521
v 1.233802915 -2.656008482 1.499481559
vn 0.2607987523 -0.9394668341 0.2222299129
v 1.347412944 -2.656008482 1.355907559
vn 0.2776314914 -0.9394661784 0.200808391
v 1.449256778 -2.656008482 1.203760743
vn 0.2927068174 -0.9394669533 0.1781140417
v 1.538690805 -2.656008482 1.044002771
vn 0.3059337437 -0.9394664764 0.1542959809
v 1.615148902 -2.656008482 0.8776448369
vn 0.3172236681 -0.9394671321 0.1295014024
v 1.678148866 -2.656008482 0.7057377696
vn 0.3265076876 -0.9394679666 0.1038878784
v 1.72729075 -2.656008482 0.5293691754
vn 0.3337304294 -0.9394676685 0.07761791348
v 1.762264967 -2.656008482 0.349653542
vn 0.3388442397 -0.9394668937 0.05085840449
v 1.782850981 -2.656008482 0.1677272171
vn 0.3418142498 -0.9394667149 0.02377659455
v 1.788917065 -2.656008482 -0.01525940653
vn 0.3426226079 -0.9394667745 -0.003455980215
v 1.780426025 -2.656008482 -0.1981495917
vn 0.3412650824 -0.9394667149 -0.03066623956
v 1.75743103 -2.656008482 -0.379786998
vn 0.3377479911 -0.9394674301 -0.05768251792
v 1.720078111 -2.656008482 -0.5590232611
vn 0.3320977092 -0.9394673109 -0.08433426172
v 1.668602109 -2.656008482 -0.7347252369
vn 0.3243469596 -0.9394674897 -0.1104530841
v 1.603330016 -2.656008482 -0.9057819843
vn 0.31454584 -0.9394676089 -0.1358731091
v 1.524673104 -2.656008482 -1.071112275
vn 0.3027574718 -0.9394671917 -0.1604347229
v 1.433130145 -2.656008482 -1.229670286
vn 0.2890544534 -0.9394668937 -0.1839822382
v 1.329278231 -2.656008482 -1.380454421
vn 0.273522377 -0.9394673109 -0.2063654959
v 1.213775158 -2.656008482 -1.522510409
vn 0.2562604547 -0.939467907 -0.2274437249
v 1.08735013 -2.656008482 -1.654940367
vn 0.2373807728 -0.9394675493 -0.2470851988
v 0.9508043528 -2.656008482 -1.776908398
vn 0.2170014232 -0.9394667149 -0.265165478
v 0.8049992323 -2.656008482 -1.88764143
vn 0.1952458918 -0.9394676089 -0.2815663517
v 0.6508573294 -2.656008482 -1.986439347
vn 0.1722571403 -0.939468205 -0.2961874008
v 0.4893532693 -2.656008959 -2.07267952
vn 0.1481816322 -0.9394677281 -0.3089378774
v 0.3215072453 -2.656008959 -2.145815611
vn 0.1231681332 -0.9394674897 -0.3197349608
v 0.1483822912 -2.656008959 -2.205384493
vn 0.09737570584 -0.9394673705 -0.3285103738
v -0.02892871387 -2.656008959 -2.251010418
vn 0.07096896321 -0.9394667149 -0.3352099061
v -0.2093041092 -2.656008959 -2.282405615
vn 0.04411122203 -0.9394671917 -0.339787662
v -0.3916037083 -2.656008959 -2.299369574
vn 0.01697515137 -0.9394676685 -0.3422168195
v -0.5746747255 -2.656008959 -2.301796675
vn -0.01026747283 -0.9394675493 -0.3424839973
v -0.7573599219 -2.656008959 -2.289670706
vn -0.03744580969 -0.9394674897 -0.3405857384
v -0.9385042191 -2.656008959 -2.263068676
vn -0.06438618898 -0.9394670129 -0.3365355134
v -1.116962433 -2.656008959 -2.222159863
vn -0.09092062712 -0.9394672513 -0.330355525
v -1.291606069 -2.656008959 -2.167200565
vn -0.1168806106 -0.9394673109 -0.3220871091
v -1.461331487 -2.656008959 -2.098539829
vn -0.1421003044 -0.9394675493 -0.3117823601
v -1.625064969 -2.656008482 -2.016611814
vn -0.166421935 -0.939467907 -0.2995058298
v -1.781771779 -2.656008482 -1.92193377
vn -0.1896920353 -0.9394677281 -0.2853372693
v -1.93046093 -2.656008482 -1.815104723
vn -0.2117634416 -0.9394668937 -0.2693662941
v -2.070192814 -2.656008482 -1.696800828
vn -0.2324947119 -0.9394673705 -0.2516887486
v -2.200082779 -2.656008482 -1.567767859
vn -0.251755774 -0.9394677281 -0.2324207872
v -2.319311857 -2.656008482 -1.428823829
vn -0.2694264352 -0.9394672513 -0.2116852403
v -2.427123785 -2.656008482 -1.280846
vn -0.2853927314 -0.9394676685 -0.1896088421
v -2.522838831 -2.656008482 -1.124770045
vn -0.2995553613 -0.9394674301 -0.1663356721
v -2.605849743 -2.656008482 -0.9615832567
vn -0.3118233383 -0.9394677281 -0.1420091242
v -2.675633907 -2.656008482 -0.7923169136
vn -0.3221209049 -0.9394673109 -0.1167872027
v -2.731749773 -2.656008482 -0.6180413365
vn -0.33038041 -0.9394677281 -0.0908248201
v -2.773840904 -2.656008482 -0.4398582578
vn -0.3365520835 -0.9394677877 -0.0642882809
v -2.801642895 -2.656008482 -0.2588943839
vn -0.3405973315 -0.9394671917 -0.0373471342
v -2.81498003 -2.656008482 -0.07629352063
vn -0.3424873948 -0.9394673705 -0.01016770303
v -2.813766003 -2.656008482 0.1067896262
vn -0.3422125578 -0.9394674301 0.01707459241
v -2.798011065 -2.656008482 0.2891976237
vn -0.3397733569 -0.9394677281 0.04420929402
v -2.767813206 -2.656008482 0.4697772264
vn -0.3351872861 -0.9394675493 0.07106477767
v -2.723363161 -2.656008482 0.6473868489
vn -0.3284806311 -0.9394678473 0.09747100621
v -2.664943218 -2.656008482 0.8209032416
vn -0.3196977079 -0.9394680858 0.123260498
v -2.592921019 -2.656008482 0.9892299771
vn -0.3088958859 -0.9394673109 0.1482716352
v -2.507754326 -2.656008482 1.151302099
vn -0.296140492 -0.9394668341 0.172345385
v -2.409979105 -2.656008482 1.306095243
vn -0.2815111279 -0.9394669533 0.1953286827
v -2.300215006 -2.656008482 1.452631235
vn -0.2651022077 -0.9394670129 0.2170771807
v -2.179156303 -2.656008482 1.589983106
vn -0.2470182627 -0.9394668341 0.2374532521
v -2.047566414 -2.656008482 1.717283249
vn -0.2273697257 -0.9394675493 0.2563274801
v -1.906279087 -2.656008482 1.833725214
vn -0.2062861919 -0.9394673705 0.2735819817
v -1.756186962 -2.656008482 1.938574076
vn -0.1838978827 -0.9394672513 0.2891069949
v -1.598239064 -2.656008482 2.031166315
vn -0.16034697 -0.9394673705 0.3028033674
v -1.43343401 -2.656007767 2.11091733
vn -0.1357814074 -0.939467907 0.3145846128
v -1.262813568 -2.656007767 2.177322388
vn -0.1103595495 -0.9394671321 0.3243797719
v -1.087456822 -2.656007767 2.229961157
vn -0.08423828334 -0.9394674301 0.3321218491
v -0.9084720612 -2.656007767 2.268502474
vn -0.05758599937 -0.9394664764 0.3377670646
v -0.7269911766 -2.656007767 2.292701244
vn -0.03056750633 -0.9394665956 0.3412743211
v -0.5441612601 -2.656007767 2.302404165
vn -0.003356637433 -0.9394671917 0.3426224291
v -0.3611385226 -2.656007767 2.29755044
vn 0.02387503907 -0.9394674301 0.3418053687
v -0.1790796816 -2.656007767 2.278172493
vn 0.05095590651 -0.9394674301 0.3388281167
v 0.0008635462727 -2.656007767 2.244389534
vn 0.07771534473 -0.9394678473 0.3337072432
v 0.1775546223 -2.656007767 2.19641757
vn 0.103982985 -0.9394669533 0.326480329
v 0.3498755991 -2.656007767 2.134558439
vn 0.1295933872 -0.9394669533 0.3171866536
v 0.5167366266 -2.656007767 2.059204578
vn 0.1543841213 -0.9394670725 0.3058875799
v 0.6770836711 -2.656008482 1.970831633
vn 0.1781987697 -0.9394668341 0.2926555276
v 0.8299027681 -2.656008482 1.869998574
vn 0.2008875906 -0.9394666553 0.2775726616
v 0.9742266536 -2.656008482 1.757342577
vn 0.2223057449 -0.9394666553 0.2607346475
v 1.109144568 -2.656008482 1.633576632
vn 0.2423174232 -0.9394670725 0.2422475815
v 1.195469737 -2.669548988 1.466588616
vn 0.1330514252 -0.9846926332 0.1125955135
v 1.306587815 -2.669548988 1.32616365
vn 0.1415768415 -0.9846925735 0.1016685367
v 1.406197786 -2.669548988 1.17735374
vn 0.1492070556 -0.9846925735 0.09009882808
v 1.493669868 -2.669548988 1.02110076
vn 0.1558932513 -0.9846926928 0.07795888931
v 1.568449855 -2.669548988 0.8583920598
vn 0.1615947336 -0.9846925735 0.06532724947
v 1.630067825 -2.669548988 0.690256238
vn 0.1662749052 -0.9846924543 0.05228253826
v 1.678132892 -2.669548988 0.5177563429
vn 0.1699030101 -0.9846924543 0.03890639916
v 1.712339997 -2.669548988 0.3419832885
vn 0.1724562496 -0.9846926332 0.02528452128
v 1.73247385 -2.669548988 0.1640478969
vn 0.1739204526 -0.9846925139 0.01150289364
v 1.738406897 -2.669548988 -0.01492459327
vn 0.1742842048 -0.9846925735 -0.002351494739
v 1.730102062 -2.669548988 -0.1938028038
vn 0.1735463589 -0.9846925735 -0.01619105041
v 1.707610846 -2.669548988 -0.371455729
vn 0.1717115343 -0.9846925735 -0.02992788516
v 1.671078086 -2.669548988 -0.5467602015
vn 0.1687913239 -0.9846925139 -0.04347592965
v 1.620730996 -2.669548988 -0.7186076641
vn 0.1648031175 -0.9846925735 -0.05674912408
v 1.556890249 -2.669548988 -0.8859120011
vn 0.1597734392 -0.9846925735 -0.06966320425
v 1.479959249 -2.669548988 -1.04761529
vn 0.1537332386 -0.9846926928 -0.08213661611
v 1.390424132 -2.669548988 -1.202695251
vn 0.1467211246 -0.9846927524 -0.09409116954
v 1.288850188 -2.669548988 -1.350171447
vn 0.1387821734 -0.9846926332 -0.1054510325
v 1.175881028 -2.669548988 -1.489111423
vn 0.1299660951 -0.9846924543 -0.116144754
v 1.052230239 -2.669548988 -1.61863637
vn 0.1203278229 -0.9846924543 -0.1261032373
v 0.9186793566 -2.669548988 -1.737928391
vn 0.1099272072 -0.9846927524 -0.1352635175
v 0.7760722041 -2.669548988 -1.846232414
vn 0.09883292764 -0.9846926928 -0.1435699612
v 0.6253123283 -2.669548988 -1.942863345
vn 0.08711457998 -0.9846925139 -0.1509691179
v 0.467351228 -2.669548988 -2.027211428
vn 0.07484494895 -0.9846924543 -0.1574134082
v 0.3031873107 -2.669549465 -2.098743439
vn 0.06210177764 -0.9846924543 -0.1628623009
v 0.1338602751 -2.669549465 -2.157005548
vn 0.04896590859 -0.9846925139 -0.1672811508
v -0.03956151009 -2.669549465 -2.201631546
vn 0.03552059457 -0.9846926332 -0.1706418991
v -0.215980202 -2.669549465 -2.232336521
vn 0.02185013518 -0.9846927524 -0.1729240417
v -0.3942807019 -2.669549465 -2.248928547
vn 0.008042505942 -0.9846926332 -0.174114272
v -0.5733357668 -2.669549465 -2.251302719
vn -0.005816265009 -0.9846925139 -0.174203366
v -0.7520135045 -2.669549465 -2.239442825
vn -0.01963851973 -0.9846923947 -0.1731913537
v -0.9291840196 -2.669549465 -2.213424683
vn -0.03333614022 -0.9846924543 -0.1710831523
v -1.10372746 -2.669549465 -2.1734128
vn -0.04682321474 -0.9846926928 -0.1678923368
v -1.274540067 -2.669549465 -2.119659662
vn -0.0600146465 -0.9846926332 -0.1636420041
v -1.440542221 -2.669549465 -2.052504778
vn -0.07282656431 -0.9846924543 -0.1583572328
v -1.600683928 -2.669548988 -1.972373843
vn -0.08517766744 -0.9846925735 -0.1520701498
v -1.753953099 -2.669548988 -1.879772902
vn -0.09699022025 -0.9846925735 -0.1448221058
v -1.899380565 -2.669548988 -1.775287867
vn -0.1081897616 -0.9846925735 -0.1366584301
v -2.036046505 -2.669548988 -1.659577727
vn -0.118705444 -0.9846926332 -0.1276300251
v -2.163087606 -2.669548988 -1.533375859
vn -0.1284705102 -0.9846925139 -0.1177963987
v -2.279700994 -2.669548988 -1.397479773
vn -0.1374225467 -0.9846927524 -0.1072159484
v -2.38514781 -2.669548988 -1.252747893
vn -0.1455062479 -0.9846927524 -0.09595884383
v -2.478762865 -2.669548988 -1.100096822
vn -0.1526712328 -0.9846925735 -0.08409558237
v -2.559953928 -2.669548988 -0.9404894114
vn -0.1588709801 -0.9846923947 -0.07170025259
v -2.628206968 -2.669548988 -0.7749361396
vn -0.1640650481 -0.9846924543 -0.05885142833
v -2.683091879 -2.669548988 -0.6044835448
vn -0.1682219207 -0.9846924543 -0.04563010484
v -2.724260092 -2.669548988 -0.4302092493
vn -0.1713158786 -0.9846923947 -0.0321206525
v -2.751452208 -2.669548988 -0.2532150745
vn -0.173325792 -0.9846925139 -0.0184081737
v -2.764496088 -2.669548988 -0.07461984456
vn -0.1742396206 -0.9846926332 -0.004578762222
v -2.763309002 -2.669548988 0.1044470444
vn -0.1740534008 -0.9846925139 0.009278747253
v -2.747899055 -2.669548988 0.2828536332
vn -0.1727654785 -0.9846925735 0.0230778344
v -2.718364 -2.669548988 0.459471941
vn -0.1703858823 -0.9846925735 0.03673128411
v -2.674889326 -2.669548988 0.6331853867
vn -0.1669288874 -0.9846925735 0.05015254393
v -2.617750168 -2.669548988 0.8028954864
vn -0.1624171883 -0.9846924543 0.06325656921
v -2.54730916 -2.669548988 0.9675294161
vn -0.1568785459 -0.9846923947 0.07596064359
v -2.464010239 -2.669548988 1.126045942
vn -0.1503463537 -0.9846925735 0.08818431199
v -2.368380308 -2.669548988 1.277444124
vn -0.1428655088 -0.9846924543 0.09985093027
v -2.261023283 -2.669548988 1.420765162
vn -0.1344809681 -0.9846923947 0.1108859926
v -2.142620325 -2.669548988 1.555104136
vn -0.1252456456 -0.9846925139 0.1212196872
v -2.013917208 -2.669548988 1.679611087
vn -0.1152181849 -0.9846926332 0.1307868659
v -1.875729203 -2.669548988 1.793499112
vn -0.1044630334 -0.9846926332 0.1395273954
v -1.72892952 -2.669548988 1.896048188
vn -0.09304708242 -0.9846926928 0.1473858505
v -1.574446559 -2.669548988 1.986609221
vn -0.08104330301 -0.9846925735 0.1543130726
v -1.413256645 -2.669548273 2.064610243
vn -0.0685274899 -0.9846924543 0.160264805
v -1.246379137 -2.669548273 2.129559517
vn -0.05557766929 -0.9846924543 0.1652026623
v -1.074869156 -2.669548273 2.181043148
vn -0.04227672145 -0.9846925139 0.1690957993
v -0.8998106718 -2.669548273 2.218739271
vn -0.02870844863 -0.9846925139 0.1719198972
v -0.7223109007 -2.669548273 2.24240613
vn -0.01495822798 -0.9846925735 0.1736569852
v -0.5434916615 -2.669548273 2.251897335
vn -0.001113962033 -0.9846924543 0.1742973477
v -0.3644837439 -2.669548273 2.247150421
vn 0.01273723692 -0.9846924543 0.1738346219
v -0.1864187717 -2.669548273 2.228196383
vn 0.02650844492 -0.9846927524 0.1722716987
v -0.0104223229 -2.669548273 2.195154428
vn 0.04011134431 -0.9846926332 0.169621706
v 0.1623917222 -2.669548273 2.148235559
vn 0.05346123502 -0.9846925139 0.165899232
v 0.3309326768 -2.669548273 2.087733507
vn 0.06647332758 -0.9846923947 0.161127761
v 0.4941336215 -2.669548988 2.014032364
vn 0.07906445116 -0.9846925735 0.1553362906
v 0.6509626508 -2.669548988 1.927598596
vn 0.09115543216 -0.9846926332 0.1485634595
v 0.8004296422 -2.669548988 1.828977585
vn 0.102670677 -0.9846927524 0.1408508271
v 0.9415876269 -2.669548988 1.718792677
vn 0.1135370582 -0.9846926332 0.1322489381
v 1.073545575 -2.669548988 1.597741604
vn 0.123685278 -0.9846926332 0.1228103116
v -0.3096300662 7.375217915 -0.1428497583
vn 0.8112967014 0.1353381127 -0.5687541366
v -0.2879236042 7.375405788 -0.1052535921
vn 0.8984384537 0.1294113845 -0.4195962846
v -0.2971315086 7.375307083 -0.125
vn 0.8870474696 9.780250548e-05 -0.4616782665
v -0.2787146866 7.375504494 -0.0855050385
vn 0.9537417293 9.780121763e-05 -0.300627172
v -0.3375353217 7.375051498 -0.1761054099
vn 0.7051958442 0.07002672553 -0.7055459619
v -0.273075521 7.375609875 -0.06445924193
vn 0.96143502 0.0950422883 -0.2580885291
v -0.2674359977 7.375714779 -0.04341204092
vn 0.9914554954 9.779570973e-05 -0.1304453015
v -0.5570498705 -2.324065685 -0.2462019026
vn -0.1735936254 -0.02576790377 -0.9844802022
v -0.2655369639 7.375823498 -0.02170626447
vn 0.9850811362 0.1485223174 -0.08692713827
v -0.599142909 -2.324065685 -0.2349231988
vn -0.3253424764 -0.03385230899 -0.9449900985
v -0.2636379004 7.375932217 -1.530808069e-17
vn 0.9990445971 9.779681568e-05 0.04370260239
v -0.6386379004 -2.324065685 -0.2165063024
vn -0.4743251204 -0.03032104671 -0.8798274398
v -0.2655369639 7.376040459 0.02170626447
vn 0.9767138362 0.1972194463 0.08446635306
v -0.2674359977 7.376149178 0.04341204092
vn 0.9762781858 9.779124957e-05 0.2165198475
v -0.3221268058 7.375128746 -0.1606968939
vn 0.7934011221 9.780345863e-05 -0.6086991429
v -0.273075521 7.376254559 0.06445924193
vn 0.9616710544 0.09505930543 0.2572012544
v -0.2787146866 7.376359463 0.0855050385
vn 0.9238471985 9.779285756e-05 0.3827615082
v -0.4919346273 7.374691486 -0.2481011897
vn 0.0871508047 0.007306240965 -0.9961683154
v -0.5136379004 7.37468195 -0.25
vn -1.110188896e-05 0.0001958029316 -1
v -0.7051489949 -2.324065685 -0.1606968939
vn -0.7465672493 -0.0332983695 -0.6644760966
v -0.7301443219 -2.324065685 -0.125
vn -0.8505877852 -0.03407134861 -0.5247280598
v -0.6743348241 -2.324065685 -0.1915110946
vn -0.6198653579 -0.03203552216 -0.7840539813
v -0.7485610247 -2.324065685 -0.0855050385
vn -0.928776145 -0.0343311727 -0.3690476716
v -0.7598397732 -2.324065685 -0.04341204092
vn -0.9787588716 -0.0340699628 -0.2021639645
v -0.7636379004 -2.324065685 4.592423381e-17
vn -0.9990208149 -0.03329567984 -0.02913441509
v -0.7598397732 -2.324065685 0.04341204092
vn -0.9889432788 -0.03203174844 0.1447934955
v -0.7485610247 -2.324065685 0.0855050385
vn -0.9488273263 -0.03031647578 0.3143368065
v -0.7301443219 -2.324065685 0.125
vn -0.8798825741 -0.0282017719 0.4743535221
v -0.7051489949 -2.324065685 0.1606968939
vn -0.7841955423 -0.02575171739 0.6199792027
v -0.6743348241 -2.324065685 0.1915110946
vn -0.6646683812 -0.02304070443 0.7467831373
v -0.6386379004 -2.324065685 0.2165063024
vn -0.5249256492 -0.02015096508 0.8509095311
v -0.599142909 -2.324065685 0.2349231988
vn -0.3537003398 -0.0147233028 0.9352428913
v -0.5570498705 -2.324065685 0.2462019026
vn -0.1736335605 -0.01419526152 0.9847080112
v -0.5136379004 -2.324065685 0.25
vn -3.70036696e-06 -0.01130332612 0.9999361038
v -0.470225811 -2.324065685 0.2462019026
vn 0.1736374944 -0.008589666337 0.9847721457
v -0.4281328917 -2.324065685 0.2349231988
vn 0.3537280262 -0.006567985285 0.9353252649
v -0.3886379004 -2.324065685 0.2165063024
vn 0.5250310898 -0.002300731372 0.8510799408
v -0.3529410064 -2.324065685 0.1915110946
vn 0.6648443341 -0.001035670284 0.7469812036
v -0.3221268058 -2.324065685 0.1606968939
vn 0.7844557762 -0.0002609023941 0.6201847196
v -0.2971315086 -2.324065685 0.125
vn 0.8802208304 -0.005053550471 0.4745373726
v -0.2787146866 -2.324065685 0.0855050385
vn 0.9144049883 -0.2685052752 0.3029330373
v -0.2674359977 -2.324065685 0.04341204092
vn 0.9893051982 -0.01717202552 0.1448457539
v -0.2636379004 -2.324065685 -1.530810882e-17
vn 0.9994744062 -0.01419112831 -0.02914749458
v -0.2787146866 -2.324065685 -0.0855050385
vn 0.9292370677 -0.01364076883 -0.3692321479
v -0.2971315086 -2.324065685 -0.125
vn 0.8510817885 -0.0002609436342 -0.5250330567
v -0.2674359977 -2.324065685 -0.04341204092
vn 0.9792650938 -0.01130031422 -0.2022674829
v -0.4281328917 -2.324065685 -0.2349231988
vn 0.3255173564 -0.007364595309 -0.9455074072
v -0.3529410064 -2.324065685 -0.1915110946
vn 0.6201821566 -0.002301220782 -0.7844544649
v -0.3886379004 -2.324065685 -0.2165063024
vn 0.4745395184 -0.004018564709 -0.8802250028
v -0.3221268058 -2.324065685 -0.1606968939
vn 0.7469809055 -0.001035858761 -0.6648446918
v -0.5570498705 7.374701023 -0.2462019026
vn -0.1736581773 0.000195796878 -0.9848059416
v -0.5136379004 -2.324065685 -0.25
vn -3.699730769e-06 -0.02305559628 -0.9997341633
v -0.470225811 -2.324065685 -0.2462019026
vn 0.1734841019 -0.04292115569 -0.9839009047
v -0.7598397732 7.375714779 -0.04341204092
vn -0.9914557338 9.779251559e-05 -0.1304436177
v -0.7542005777 7.375609875 -0.06445784122
vn -0.9488568306 0.1858952641 -0.2551738024
v -0.7051489949 7.375128746 -0.1606968939
vn -0.7934054136 9.779910033e-05 -0.6086935401
v -0.6897432804 7.375051498 -0.1761025935
vn -0.7044511437 0.08314358443 -0.7048657537
v -0.6743348241 7.374974728 -0.1915110946
vn -0.6756549478 9.780428081e-05 -0.7372180223
v -0.6564882398 7.374911785 -0.2040073872
vn -0.5725066662 0.05707072094 -0.8179113865
v -0.599142909 7.37475729 -0.2349231988
vn -0.3827660978 9.780849359e-05 -0.9238452911
v -0.6386379004 7.374849319 -0.2165063024
vn -0.5373735428 9.780367691e-05 -0.8433443308
v -0.5353466868 7.374691486 -0.2481007129
vn -0.08715565503 0.001731866854 -0.9961931705
v -0.6188927293 7.374803543 -0.2257136703
vn -0.422203958 0.04005662724 -0.9056153893
v -0.5780990124 7.374729156 -0.2405618578
vn -0.2588161528 0.0005821993109 -0.9659264088
v -0.4491819739 7.374729156 -0.2405632436
vn 0.2588168979 0.000582209148 -0.96592623
v -0.7301443219 7.375307083 -0.125
vn -0.8870509863 9.780109394e-05 -0.461671412
v -0.470225811 7.374701023 -0.2462019026
vn 0.17363666 0.0001957994973 -0.9848097563
v -0.7176475525 7.375217915 -0.1428471357
vn -0.8170595765 0.06860776991 -0.5724566579
v -0.7485610247 7.375504494 -0.0855050385
vn -0.9537429214 9.779596439e-05 -0.3006233871
v -0.7393531799 7.375405788 -0.1052514389
vn -0.8995842934 0.1195080653 -0.4200784564
v -0.4083876908 7.374803543 -0.2257158309
vn 0.4224625826 0.02311600372 -0.9060855508
v -0.4281328917 7.37475729 -0.2349231988
vn 0.3827561438 9.780805703e-05 -0.9238494039
v -0.3529410064 7.374974728 -0.1915110946
vn 0.6756481528 9.780503024e-05 -0.7372242212
v -0.370791316 7.374911785 -0.2040100247
vn 0.5728981495 0.04468208551 -0.8184077144
v -0.3886379004 7.374849319 -0.2165063024
vn 0.5373654962 9.780430264e-05 -0.8433494568
v -0.2879236042 7.376458168 0.1052535921
vn 0.8989275694 0.1294677854 0.4185299575
v -0.2971315086 7.376556873 0.125
vn 0.8433448672 9.779025277e-05 0.5373727083
v -0.3096300662 7.376646519 0.1428497583
vn 0.8119233251 0.1354226917 0.5678390861
v -0.7617388368 7.375823498 -0.02170577645
vn -0.9847452641 0.1507432163 -0.08690932393
v -0.7636379004 7.375932217 4.592422388e-17
vn -0.9990445375 9.779343964e-05 0.04370331392
v -0.3529410064 7.376889706 0.1915110946
vn 0.6086919904 9.778553067e-05 0.7934066057
v -0.370791316 7.376952171 0.2040100247
vn 0.5731079578 0.04468904436 0.8182604313
v -0.3375353217 7.376812458 0.1761054099
vn 0.7055449486 0.07004866749 0.7051947117
v -0.3221268058 7.376735687 0.1606968939
vn 0.7372187972 9.778707317e-05 0.6756541133
v -0.4281328917 7.377106667 0.2349231988
vn 0.3420105577 0.0001957570057 0.9396960735
v -0.4083876908 7.377060413 0.2257158309
vn 0.4225511253 0.02311546914 0.9060442448
v -0.3886379004 7.377014637 0.2165063024
vn 0.4616716504 9.778246022e-05 0.8870508671
v -0.4491819739 7.3771348 0.2405632436
vn 0.2588183284 0.0005820679944 0.9659258127
v -0.470225811 7.377162933 0.2462019026
vn 0.1736370027 0.0001957501809 0.9848096967
v -0.4919346273 7.37717247 0.2481011897
vn 0.08715714514 0.007304904051 0.996167779
v -0.5136379004 7.377182007 0.25
vn -1.110206358e-05 0.0001957528584 1
v -0.5353466868 7.37717247 0.2481007129
vn -0.08715716004 0.001731453813 0.9961930513
v -0.5570498705 7.377162933 0.2462019026
vn -0.17365852 0.0001957475615 0.984805882
v -0.5780990124 7.3771348 0.2405618578
vn -0.2588176131 0.0005820582155 0.9659260511
v -0.599142909 7.377106667 0.2349231988
vn -0.3420304954 0.000195756933 0.9396888614
v -0.6188927293 7.377060413 0.2257136703
vn -0.4223573208 0.04006185383 0.905543685
v -0.6386379004 7.377014637 0.2165063024
vn -0.4616799653 9.778211097e-05 0.8870465755
v -0.6564882398 7.376952171 0.2040073872
vn -0.5727743506 0.05708539858 0.8177229166
v -0.6743348241 7.376889706 0.1915110946
vn -0.6086983085 9.778527601e-05 0.7934017777
v -0.6897432804 7.376812458 0.1761025935
vn -0.7048649192 0.08317732066 0.7044479847
v -0.7051489949 7.376735687 0.1606968939
vn -0.7372235656 9.77836462e-05 0.6756488681
v -0.7176475525 7.376646519 0.1428471357
vn -0.8173810244 0.06862465292 0.5719955564
v -0.7301443219 7.376556873 0.125
vn -0.8433477283 9.778819367e-05 0.537368238
v -0.7393531799 7.376458168 0.1052514389
vn -0.9000369906 0.1195552275 0.4190942049
v -0.7485610247 7.376359463 0.0855050385
vn -0.9238490462 9.778770618e-05 0.3827569783
v -0.7542005777 7.376254559 0.06445784122
vn -0.9493077993 0.1859712452 0.2534353137
v -0.7598397732 7.376149178 0.04341204092
vn -0.9762783051 9.778833919e-05 0.2165195346
v -0.7617388368 7.376040459 0.02170577645
vn -0.9911423922 0.1010179073 0.086210154
v 0.7237281799 17.67593002 1.474636078
vn -0.6201312542 0.01303447504 -0.7843897939
v 0.8844252229 17.67593002 1.666146874
vn 0.664797008 0.01201510523 0.7469274402
v 0.9609975219 17.67593002 1.237365961
vn -0.7469183207 0.01303448714 -0.6647880673
v 1.152508855 17.67593002 1.398062944
vn 0.7844004035 0.01201510709 0.6201384068
v 1.153460979 17.67593002 0.9624999762
vn -0.8510098457 0.01303447038 -0.524987936
v 1.369966984 17.67593002 1.087499976
vn 0.8801694512 0.01201508567 0.4745075405
v 1.295269847 17.67593002 0.6583887935
vn -0.9292443991 0.01303446852 -0.3692356348
v 1.530192971 17.67593002 0.7438938022
vn 0.9491945505 0.01201509498 0.3144604564
v 1.382116914 17.67593002 0.3342727125
vn -0.9792439342 0.01303447969 -0.2022656202
v 1.628319144 17.67593002 0.3776848018
vn 0.989379704 0.0120151015 0.1448566616
v 1.411362171 17.67593002 -1.178723241e-16
vn -0.9994901419 0.01303448062 -0.02914796397
v 1.661362052 17.67593002 -1.33180327e-16
vn 0.9995028973 0.01201509964 -0.0291482918
v 1.382116914 17.67593002 -0.3342727125
vn -0.9893670678 0.01303448156 0.1448547542
v 1.628319144 17.67593002 -0.3776848018
vn 0.9792563915 0.01201510057 -0.2022684216
v 1.295269847 17.67593002 -0.6583887935
vn -0.94918257 0.0130344741 0.314455986
v 1.530192971 17.67593002 -0.7438938022
vn 0.9292560816 0.01201508753 -0.3692408204
v 1.153460979 17.67593002 -0.9624999762
vn -0.8801581264 0.01303446759 0.4745016396
v 1.369966984 17.67593002 -1.087499976
vn 0.8510211706 0.01201509591 -0.5249938965
v 0.9609975219 17.67593002 -1.237365961
vn -0.7843899131 0.01303447876 0.620131135
v 1.152508855 17.67593002 -1.398062944
vn 0.7469278574 0.01201510895 -0.6647965312
v 0.7237281799 17.67593002 -1.474636078
vn -0.6647890806 0.01303448528 0.746917367
v 0.8844252229 17.67593002 -1.666146874
vn 0.6201385856 0.01201509684 -0.7844002843
v 0.4488621354 17.67593002 -1.667098999
vn -0.52498734 0.01303446759 0.8510102034
v 0.5738620758 17.67593002 -1.883605003
vn 0.4745076597 0.0120150866 -0.8801693916
v 0.1447508484 17.67593002 -1.808907866
vn -0.3692356348 0.01303447224 0.9292443991
v 0.2302559167 17.67593002 -2.04383111
vn 0.314460367 0.01201509871 -0.9491945505
v -0.1793650836 17.67593002 -1.895754933
vn -0.202265501 0.01303448062 0.9792439938
v -0.1359531134 17.67593002 -2.141957045
vn 0.1448563486 0.0120151015 -0.9893797636
v -0.5136379004 17.67593002 -1.924999952
vn -0.02914784104 0.01303447876 0.9994901419
v -0.5136379004 17.67593002 -2.174999952
vn -0.02914818935 0.01201509964 -0.9995028973
v -0.847910583 17.67593002 -1.895754933
vn 0.144854486 0.01303448156 0.9893671274
v -0.8913226724 17.67593002 -2.141957045
vn -0.2022680044 0.01201510243 -0.9792565107
v -1.172026992 17.67593002 -1.808907866
vn 0.314455837 0.0130344769 0.9491826296
v -1.257532001 17.67593002 -2.04383111
vn -0.3692409396 0.01201509126 -0.929256022
v -1.476137996 17.67593002 -1.667098999
vn 0.4745015204 0.01303447038 0.880158186
v -1.601137996 17.67593002 -1.883605003
vn -0.5249940157 0.01201508939 -0.851021111
v -1.751003981 17.67593002 -1.474636078
vn 0.6201310158 0.01303447224 0.7843899727
v -1.911700964 17.67593002 -1.666146874
vn -0.6647968292 0.01201510243 -0.7469275594
v -1.988274097 17.67593002 -1.237365961
vn 0.7469179034 0.01303447504 0.6647885442
v -2.179785013 17.67593002 -1.398062944
vn -0.7844002247 0.01201509591 -0.6201385856
v -2.180737019 17.67593002 -0.9624999762
vn 0.8510102034 0.01303446759 0.5249873996
v -2.397243023 17.67593002 -1.087499976
vn -0.8801695108 0.01201508474 -0.4745073915
v -2.322546005 17.67593002 -0.6583887935
vn 0.9292443991 0.01303446386 0.3692356348
v -2.557468891 17.67593002 -0.7438938022
vn -0.9491944909 0.01201509126 -0.3144605458
v -2.409393072 17.67593002 -0.3342727125
vn 0.9792439938 0.0130344769 0.2022654861
v -2.655595064 17.67593002 -0.3776848018
vn -0.989379704 0.01201510243 -0.1448565573
v -2.438637972 17.67593002 3.536168002e-16
vn 0.9994901419 0.01303447969 0.02914784662
v -2.688637972 17.67593002 3.995411266e-16
vn -0.9995028973 0.01201509964 0.02914818749
v -2.409393072 17.67593002 0.3342727125
vn 0.9893671274 0.01303448156 -0.1448545307
v -2.655595064 17.67593002 0.3776848018
vn -0.9792563915 0.01201509777 0.2022685111
v -2.322546005 17.67593002 0.6583887935
vn 0.94918257 0.01303447038 -0.314455986
v -2.557468891 17.67593002 0.7438938022
vn -0.9292561412 0.01201508567 0.369240731
v -2.180737019 17.67593002 0.9624999762
vn 0.8801582456 0.01303446572 -0.4745013714
v -2.397243023 17.67593002 1.087499976
vn -0.8510212302 0.01201508939 0.5249937773
v -1.988274097 17.67593002 1.237365961
vn 0.7843899727 0.01303447224 -0.6201310158
v -2.179785013 17.67593002 1.398062944
vn -0.7469275594 0.01201510243 0.6647968292
v -1.751003981 17.67593002 1.474636078
vn 0.6647885442 0.01303447504 -0.7469179034
v -1.911700964 17.67593002 1.666146874
vn -0.6201385856 0.01201509591 0.7844002247
v -1.476137996 17.67593002 1.667098999
vn 0.5249874592 0.01303446759 -0.8510101438
v -1.601137996 17.67593002 1.883605003
vn -0.4745078385 0.0120150866 0.8801692724
v -1.172026992 17.67593002 1.808907866
vn 0.3692356348 0.01303447317 -0.9292443991
v -1.257532001 17.67593002 2.04383111
vn -0.3144602478 0.01201509964 0.9491946101
v -0.847910583 17.67593002 1.895754933
vn 0.2022653669 0.01303447969 -0.9792439938
v -0.8913226724 17.67593002 2.141957045
vn -0.1448563188 0.0120151015 0.9893797636
v -0.5136379004 17.67593002 1.924999952
vn 0.02914784476 0.01303447969 -0.9994901419
v -0.5136379004 17.67593002 2.174999952
vn 0.02914818749 0.01201510057 0.9995028973
v -0.1793650836 17.67593002 1.895754933
vn -0.1448545158 0.01303447969 -0.9893671274
v -0.1359531134 17.67593002 2.141957045
vn 0.2022681236 0.0120151015 0.9792564511
v 0.1447508484 17.67593002 1.808907866
vn -0.3144560158 0.01303447783 -0.94918257
v 0.2302559167 17.67593002 2.04383111
vn 0.3692409098 0.01201509219 0.929256022
v 0.4488621354 17.67593002 1.667098999
vn -0.4745013118 0.01303446945 -0.8801583052
v 0.5738620758 17.67593002 1.883605003
vn 0.5249938369 0.01201508846 0.8510212302
v 0.7237281799 -2.324065685 1.474636078
vn -0.6647890806 -0.01303448528 -0.746917367
v 0.8844252229 -2.324065685 1.666146874
vn 0.6201385856 -0.01201509684 0.7844002843
v 0.4488621354 -2.324065685 1.667098999
vn -0.52498734 -0.01303446759 -0.8510102034
v 0.5738620758 -2.324065685 1.883605003
vn 0.4745076597 -0.0120150866 0.8801693916
v 0.1447508484 -2.324065685 1.808907866
vn -0.3692356348 -0.01303447224 -0.9292443991
v 0.2302559167 -2.324065685 2.04383111
vn 0.314460367 -0.01201509871 0.9491945505
v -0.1793650836 -2.324065685 1.895754933
vn -0.202265501 -0.01303448062 -0.9792439938
v -0.1359531134 -2.324065685 2.141957045
vn 0.1448563486 -0.0120151015 0.9893797636
v -0.5136379004 -2.324065685 1.924999952
vn -0.02914784104 -0.01303447876 -0.9994901419
v -0.5136379004 -2.324065685 2.174999952
vn -0.02914818935 -0.01201509964 0.9995028973
v -0.847910583 -2.324065685 1.895754933
vn 0.144854486 -0.01303448156 -0.9893671274
v -0.8913226724 -2.324065685 2.141957045
vn -0.2022680044 -0.01201510243 0.9792565107
v -1.172026992 -2.324065685 1.808907866
vn 0.314455837 -0.0130344769 -0.9491826296
v -1.257532001 -2.324065685 2.04383111
vn -0.3692409396 -0.01201509126 0.929256022
v -1.476137996 -2.324065685 1.667098999
vn 0.4745015204 -0.01303447038 -0.880158186
v -1.601137996 -2.324065685 1.883605003
vn -0.5249940157 -0.01201508939 0.851021111
v -1.751003981 -2.324065685 1.474636078
vn 0.6201310158 -0.01303447224 -0.7843899727
v -1.911700964 -2.324065685 1.666146874
vn -0.6647968292 -0.01201510243 0.7469275594
v -1.988274097 -2.324065685 1.237365961
vn 0.7469179034 -0.01303447504 -0.6647885442
v -2.179785013 -2.324065685 1.398062944
vn -0.7844002247 -0.01201509591 0.6201385856
v -2.180737019 -2.324065685 0.9624999762
vn 0.8510102034 -0.01303446759 -0.5249873996
v -2.397243023 -2.324065685 1.087499976
vn -0.8801695108 -0.01201508474 0.4745073915
v -2.322546005 -2.324065685 0.6583887935
vn 0.9292443991 -0.01303446386 -0.3692356348
v -2.557468891 -2.324065685 0.7438938022
vn -0.9491944909 -0.01201509126 0.3144605458
v -2.409393072 -2.324065685 0.3342727125
vn 0.9792439938 -0.0130344769 -0.2022654861
v -2.655595064 -2.324065685 0.3776848018
vn -0.989379704 -0.01201510243 0.1448565573
v -2.438637972 -2.324065685 3.536167737e-16
vn 0.9994901419 -0.01303447969 -0.02914784662
v -2.688637972 -2.324065685 3.995409678e-16
vn -0.9995028973 -0.01201509964 -0.02914818749
v -2.409393072 -2.324065685 -0.3342727125
vn 0.9893671274 -0.01303448156 0.1448545307
v -2.655595064 -2.324065685 -0.3776848018
vn -0.9792563915 -0.01201509777 -0.2022685111
v -2.322546005 -2.324065685 -0.6583887935
vn 0.94918257 -0.01303447038 0.314455986
v -2.557468891 -2.324065685 -0.7438938022
vn -0.9292561412 -0.01201508567 -0.369240731
v -2.180737019 -2.324065685 -0.9624999762
vn 0.8801582456 -0.01303446572 0.4745013714
v -2.397243023 -2.324065685 -1.087499976
vn -0.8510212302 -0.01201508939 -0.5249937773
v -1.988274097 -2.324065685 -1.237365961
vn 0.7843899727 -0.01303447224 0.6201310158
v -2.179785013 -2.324065685 -1.398062944
vn -0.7469275594 -0.01201510243 -0.6647968292
v -1.751003981 -2.324065685 -1.474636078
vn 0.6647885442 -0.01303447504 0.7469179034
v -1.911700964 -2.324065685 -1.666146874
vn -0.6201385856 -0.01201509591 -0.7844002247
v -1.476137996 -2.324065685 -1.667098999
vn 0.5249874592 -0.01303446759 0.8510101438
v -1.601137996 -2.324065685 -1.883605003
vn -0.4745078385 -0.0120150866 -0.8801692724
v -1.172026992 -2.324065685 -1.808907866
vn 0.3692356348 -0.01303447317 0.9292443991
v -1.257532001 -2.324065685 -2.04383111
vn -0.3144602478 -0.01201509964 -0.9491946101
v -0.847910583 -2.324065685 -1.895754933
vn 0.2022653669 -0.01303447969 0.9792439938
v -0.8913226724 -2.324065685 -2.141957045
vn -0.1448563188 -0.0120151015 -0.9893797636
v -0.5136379004 -2.324065685 -1.924999952
vn 0.02914784476 -0.01303447969 0.9994901419
v -0.5136379004 -2.324065685 -2.174999952
vn 0.02914818749 -0.01201510057 -0.9995028973
v -0.1793650836 -2.324065685 -1.895754933
vn -0.1448545158 -0.01303447969 0.9893671274
v -0.1359531134 -2.324065685 -2.141957045
vn 0.2022681236 -0.0120151015 -0.9792564511
v 0.1447508484 -2.324065685 -1.808907866
vn -0.3144560158 -0.01303447783 0.94918257
v 0.2302559167 -2.324065685 -2.04383111
vn 0.3692409098 -0.01201509219 -0.929256022
v 0.4488621354 -2.324065685 -1.667098999
vn -0.4745013118 -0.01303446945 0.8801583052
v 0.5738620758 -2.324065685 -1.883605003
vn 0.5249938369 -0.01201508846 -0.8510212302
v 0.7237281799 -2.324065685 -1.474636078
vn -0.6201312542 -0.01303447504 0.7843897939
v 0.8844252229 -2.324065685 -1.666146874
vn 0.664797008 -0.01201510523 -0.7469274402
v 0.9609975219 -2.324065685 -1.237365961
vn -0.7469183207 -0.01303448714 0.6647880673
v 1.152508855 -2.324065685 -1.398062944
vn 0.7844004035 -0.01201510709 -0.6201384068
v 1.153460979 -2.324065685 -0.9624999762
vn -0.8510098457 -0.01303447038 0.524987936
v 1.369966984 -2.324065685 -1.087499976
vn 0.8801694512 -0.01201508567 -0.4745075405
v 1.295269847 -2.324065685 -0.6583887935
vn -0.9292443991 -0.01303446852 0.3692356348
v 1.530192971 -2.324065685 -0.7438938022
vn 0.9491945505 -0.01201509498 -0.3144604564
v 1.382116914 -2.324065685 -0.3342727125
vn -0.9792439342 -0.01303447969 0.2022656202
v 1.628319144 -2.324065685 -0.3776848018
vn 0.989379704 -0.0120151015 -0.1448566616
v 1.411362171 -2.324065685 -1.178723241e-16
vn -0.9994901419 -0.01303448062 0.02914796397
v 1.661362052 -2.324065685 -1.33180327e-16
vn 0.9995028973 -0.01201509964 0.0291482918
v 1.382116914 -2.324065685 0.3342727125
vn -0.9893670678 -0.01303448156 -0.1448547542
v 1.628319144 -2.324065685 0.3776848018
vn 0.9792563915 -0.01201510057 0.2022684216
v 1.295269847 -2.324065685 0.6583887935
vn -0.94918257 -0.0130344741 -0.314455986
v 1.530192971 -2.324065685 0.7438938022
vn 0.9292560816 -0.01201508753 0.3692408204
v 1.153460979 -2.324065685 0.9624999762
vn -0.8801581264 -0.01303446759 -0.4745016396
v 1.369966984 -2.324065685 1.087499976
vn 0.8510211706 -0.01201509591 0.5249938965
v 0.9609975219 -2.324065685 1.237365961
vn -0.7843899131 -0.01303447876 -0.620131135
v 1.152508855 -2.324065685 1.398062944
vn 0.7469278574 -0.01201510895 0.6647965312
# mm_gid 0
g mmGroup0
f 1//1 2//2 3//3 
f 226//226 1//1 3//3 
f 226//226 3//3 227//227 
f 227//227 373//373 226//226 
f 226//226 373//373 322//322 
f 226//226 322//322 225//225 
f 225//225 1//1 226//226 
f 225//225 187//187 1//1 
f 187//187 189//189 1//1 
f 1//1 189//189 190//190 
f 1//1 190//190 2//2 
f 413//413 2//2 190//190 
f 190//190 189//189 413//413 
f 413//413 189//189 188//188 
f 413//413 188//188 414//414 
f 414//414 490//490 413//413 
f 413//413 490//490 491//491 
f 413//413 491//491 412//412 
f 412//412 2//2 413//413 
f 412//412 4//4 2//2 
f 3//3 2//2 4//4 
f 3//3 4//4 5//5 
f 227//227 3//3 5//5 
f 227//227 5//5 228//228 
f 228//228 372//372 227//227 
f 227//227 372//372 373//373 
f 322//322 373//373 372//372 
f 371//371 322//322 372//372 
f 228//228 371//371 372//372 
f 229//229 371//371 228//228 
f 228//228 9//9 229//229 
f 229//229 9//9 14//14 
f 229//229 14//14 230//230 
f 230//230 370//370 229//229 
f 229//229 370//370 371//371 
f 370//370 322//322 371//371 
f 370//370 323//323 322//322 
f 225//225 322//322 323//323 
f 225//225 323//323 224//224 
f 224//224 187//187 225//225 
f 224//224 182//182 187//187 
f 182//182 186//186 187//187 
f 186//186 188//188 187//187 
f 187//187 188//188 189//189 
f 414//414 188//188 186//186 
f 414//414 186//186 415//415 
f 415//415 489//489 414//414 
f 414//414 489//489 490//490 
f 489//489 568//568 490//490 
f 490//490 568//568 569//569 
f 490//490 569//569 491//491 
f 491//491 569//569 570//570 
f 491//491 570//570 492//492 
f 412//412 491//491 492//492 
f 412//412 492//492 411//411 
f 411//411 4//4 412//412 
f 411//411 6//6 4//4 
f 5//5 4//4 6//6 
f 5//5 6//6 7//7 
f 11//11 5//5 7//7 
f 410//410 11//11 7//7 
f 410//410 7//7 411//411 
f 411//411 493//493 410//410 
f 410//410 493//493 494//494 
f 410//410 494//494 409//409 
f 409//409 10//10 410//410 
f 10//10 11//11 410//410 
f 10//10 5//5 11//11 
f 10//10 9//9 5//5 
f 228//228 5//5 9//9 
f 8//8 9//9 10//10 
f 409//409 8//8 10//10 
f 408//408 8//8 409//409 
f 409//409 495//495 408//408 
f 408//408 495//495 496//496 
f 408//408 496//496 407//407 
f 407//407 13//13 408//408 
f 13//13 12//12 408//408 
f 408//408 12//12 8//8 
f 8//8 12//12 9//9 
f 9//9 12//12 13//13 
f 9//9 13//13 14//14 
f 13//13 15//15 14//14 
f 14//14 15//15 16//16 
f 14//14 16//16 17//17 
f 230//230 14//14 17//17 
f 230//230 17//17 205//205 
f 205//205 369//369 230//230 
f 230//230 369//369 370//370 
f 369//369 339//339 370//370 
f 339//339 338//338 370//370 
f 370//370 338//338 337//337 
f 370//370 337//337 336//336 
f 336//336 335//335 370//370 
f 370//370 335//335 334//334 
f 370//370 334//334 333//333 
f 333//333 332//332 370//370 
f 370//370 332//332 331//331 
f 370//370 331//331 330//330 
f 330//330 329//329 370//370 
f 370//370 329//329 328//328 
f 370//370 328//328 327//327 
f 327//327 326//326 370//370 
f 370//370 326//326 325//325 
f 370//370 325//325 324//324 
f 324//324 323//323 370//370 
f 224//224 323//323 324//324 
f 224//224 324//324 223//223 
f 223//223 182//182 224//224 
f 223//223 180//180 182//182 
f 183//183 182//182 180//180 
f 183//183 180//180 184//184 
f 183//183 184//184 417//417 
f 416//416 183//183 417//417 
f 417//417 487//487 416//416 
f 416//416 487//487 488//488 
f 416//416 488//488 415//415 
f 415//415 181//181 416//416 
f 416//416 181//181 183//183 
f 181//181 182//182 183//183 
f 181//181 185//185 182//182 
f 182//182 185//185 186//186 
f 186//186 185//185 415//415 
f 415//415 185//185 181//181 
f 415//415 488//488 489//489 
f 488//488 567//567 489//489 
f 489//489 567//567 568//568 
f 567//567 646//646 568//568 
f 568//568 646//646 647//647 
f 568//568 647//647 569//569 
f 569//569 647//647 648//648 
f 569//569 648//648 570//570 
f 570//570 648//648 649//649 
f 570//570 649//649 571//571 
f 492//492 570//570 571//571 
f 492//492 571//571 493//493 
f 411//411 492//492 493//493 
f 493//493 571//571 572//572 
f 493//493 572//572 494//494 
f 494//494 572//572 573//573 
f 494//494 573//573 495//495 
f 409//409 494//494 495//495 
f 495//495 573//573 574//574 
f 495//495 574//574 496//496 
f 496//496 574//574 575//575 
f 496//496 575//575 497//497 
f 407//407 496//496 497//497 
f 407//407 497//497 406//406 
f 406//406 15//15 407//407 
f 407//407 15//15 13//13 
f 406//406 16//16 15//15 
f 18//18 16//16 406//406 
f 405//405 18//18 406//406 
f 406//406 498//498 405//405 
f 405//405 498//498 499//499 
f 405//405 499//499 404//404 
f 404//404 21//21 405//405 
f 21//21 19//19 405//405 
f 405//405 19//19 18//18 
f 17//17 18//18 19//19 
f 17//17 19//19 20//20 
f 205//205 17//17 20//20 
f 205//205 20//20 22//22 
f 205//205 22//22 206//206 
f 206//206 368//368 205//205 
f 205//205 368//368 369//369 
f 368//368 339//339 369//369 
f 368//368 340//340 339//339 
f 233//233 339//339 340//340 
f 233//233 340//340 232//232 
f 232//232 124//124 233//233 
f 233//233 124//124 129//129 
f 233//233 129//129 234//234 
f 234//234 339//339 233//233 
f 234//234 338//338 339//339 
f 235//235 338//338 234//234 
f 234//234 132//132 235//235 
f 235//235 132//132 135//135 
f 235//235 135//135 236//236 
f 236//236 337//337 235//235 
f 235//235 337//337 338//338 
f 236//236 336//336 337//337 
f 237//237 336//336 236//236 
f 236//236 137//137 237//237 
f 237//237 137//137 141//141 
f 237//237 141//141 238//238 
f 238//238 335//335 237//237 
f 237//237 335//335 336//336 
f 238//238 334//334 335//335 
f 239//239 334//334 238//238 
f 238//238 146//146 239//239 
f 239//239 146//146 149//149 
f 239//239 149//149 240//240 
f 240//240 333//333 239//239 
f 239//239 333//333 334//334 
f 240//240 332//332 333//333 
f 241//241 332//332 240//240 
f 240//240 152//152 241//241 
f 241//241 152//152 154//154 
f 241//241 154//154 242//242 
f 242//242 331//331 241//241 
f 241//241 331//331 332//332 
f 242//242 330//330 331//331 
f 218//218 330//330 242//242 
f 242//242 158//158 218//218 
f 218//218 158//158 163//163 
f 218//218 163//163 165//165 
f 218//218 165//165 219//219 
f 219//219 329//329 218//218 
f 218//218 329//329 330//330 
f 219//219 328//328 329//329 
f 220//220 328//328 219//219 
f 219//219 170//170 220//220 
f 220//220 170//170 173//173 
f 220//220 173//173 221//221 
f 221//221 327//327 220//220 
f 220//220 327//327 328//328 
f 221//221 326//326 327//327 
f 222//222 326//326 221//221 
f 221//221 175//175 222//222 
f 222//222 175//175 180//180 
f 222//222 180//180 223//223 
f 223//223 325//325 222//222 
f 222//222 325//325 326//326 
f 223//223 324//324 325//325 
f 175//175 179//179 180//180 
f 184//184 180//180 179//179 
f 417//417 184//184 179//179 
f 417//417 179//179 418//418 
f 418//418 486//486 417//417 
f 417//417 486//486 487//487 
f 486//486 565//565 487//487 
f 487//487 565//565 566//566 
f 487//487 566//566 488//488 
f 488//488 566//566 567//567 
f 566//566 645//645 567//567 
f 567//567 645//645 646//646 
f 645//645 724//724 646//646 
f 646//646 724//724 725//725 
f 646//646 725//725 647//647 
f 647//647 725//725 726//726 
f 647//647 726//726 648//648 
f 648//648 726//726 727//727 
f 648//648 727//727 649//649 
f 649//649 727//727 728//728 
f 649//649 728//728 650//650 
f 571//571 649//649 650//650 
f 571//571 650//650 572//572 
f 572//572 650//650 651//651 
f 572//572 651//651 573//573 
f 573//573 651//651 652//652 
f 573//573 652//652 574//574 
f 574//574 652//652 653//653 
f 574//574 653//653 575//575 
f 575//575 653//653 654//654 
f 575//575 654//654 576//576 
f 497//497 575//575 576//576 
f 497//497 576//576 498//498 
f 406//406 497//497 498//498 
f 498//498 576//576 577//577 
f 498//498 577//577 499//499 
f 499//499 577//577 578//578 
f 499//499 578//578 500//500 
f 404//404 499//499 500//500 
f 404//404 500//500 403//403 
f 403//403 24//24 404//404 
f 24//24 23//23 404//404 
f 404//404 23//23 21//21 
f 22//22 21//21 23//23 
f 22//22 23//23 24//24 
f 28//28 22//22 24//24 
f 403//403 28//28 24//24 
f 27//27 28//28 403//403 
f 402//402 27//27 403//403 
f 403//403 501//501 402//402 
f 402//402 501//501 502//502 
f 402//402 502//502 401//401 
f 401//401 25//25 402//402 
f 402//402 25//25 27//27 
f 25//25 26//26 27//27 
f 27//27 26//26 22//22 
f 27//27 22//22 28//28 
f 206//206 22//22 26//26 
f 206//206 26//26 207//207 
f 207//207 367//367 206//206 
f 206//206 367//367 368//368 
f 368//368 367//367 342//342 
f 368//368 342//342 341//341 
f 341//341 340//340 368//368 
f 232//232 340//340 341//341 
f 232//232 341//341 231//231 
f 231//231 122//122 232//232 
f 232//232 122//122 124//124 
f 125//125 124//124 122//122 
f 125//125 122//122 126//126 
f 125//125 126//126 441//441 
f 440//440 125//125 441//441 
f 441//441 463//463 440//440 
f 440//440 463//463 464//464 
f 440//440 464//464 439//439 
f 439//439 123//123 440//440 
f 440//440 123//123 125//125 
f 123//123 124//124 125//125 
f 123//123 127//127 124//124 
f 124//124 127//127 128//128 
f 124//124 128//128 129//129 
f 128//128 130//130 129//129 
f 129//129 130//130 131//131 
f 129//129 131//131 132//132 
f 234//234 129//129 132//132 
f 131//131 133//133 132//132 
f 132//132 133//133 134//134 
f 132//132 134//134 135//135 
f 135//135 134//134 136//136 
f 135//135 136//136 137//137 
f 236//236 135//135 137//137 
f 137//137 136//136 138//138 
f 137//137 138//138 139//139 
f 143//143 137//137 139//139 
f 434//434 143//143 139//139 
f 434//434 139//139 435//435 
f 435//435 469//469 434//434 
f 434//434 469//469 470//470 
f 434//434 470//470 433//433 
f 433//433 142//142 434//434 
f 142//142 143//143 434//434 
f 142//142 137//137 143//143 
f 142//142 141//141 137//137 
f 140//140 141//141 142//142 
f 433//433 140//140 142//142 
f 432//432 140//140 433//433 
f 433//433 471//471 432//432 
f 432//432 471//471 472//472 
f 432//432 472//472 431//431 
f 431//431 145//145 432//432 
f 145//145 144//144 432//432 
f 432//432 144//144 140//140 
f 140//140 144//144 141//141 
f 141//141 144//144 145//145 
f 141//141 145//145 146//146 
f 238//238 141//141 146//146 
f 145//145 147//147 146//146 
f 146//146 147//147 148//148 
f 146//146 148//148 149//149 
f 148//148 150//150 149//149 
f 149//149 150//150 151//151 
f 149//149 151//151 152//152 
f 240//240 149//149 152//152 
f 152//152 151//151 153//153 
f 152//152 153//153 154//154 
f 154//154 153//153 155//155 
f 154//154 155//155 156//156 
f 160//160 154//154 156//156 
f 427//427 160//160 156//156 
f 427//427 156//156 428//428 
f 428//428 476//476 427//427 
f 427//427 476//476 477//477 
f 427//427 477//477 426//426 
f 426//426 159//159 427//427 
f 159//159 160//160 427//427 
f 159//159 154//154 160//160 
f 159//159 158//158 154//154 
f 242//242 154//154 158//158 
f 157//157 158//158 159//159 
f 426//426 157//157 159//159 
f 425//425 157//157 426//426 
f 426//426 478//478 425//425 
f 425//425 478//478 479//479 
f 425//425 479//479 424//424 
f 424//424 162//162 425//425 
f 162//162 161//161 425//425 
f 425//425 161//161 157//157 
f 157//157 161//161 158//158 
f 158//158 161//161 162//162 
f 158//158 162//162 163//163 
f 167//167 163//163 162//162 
f 424//424 167//167 162//162 
f 166//166 167//167 424//424 
f 423//423 166//166 424//424 
f 424//424 480//480 423//423 
f 423//423 480//480 481//481 
f 423//423 481//481 422//422 
f 422//422 164//164 423//423 
f 423//423 164//164 166//166 
f 164//164 165//165 166//166 
f 166//166 165//165 163//163 
f 166//166 163//163 167//167 
f 164//164 168//168 165//165 
f 165//165 168//168 169//169 
f 165//165 169//169 170//170 
f 219//219 165//165 170//170 
f 169//169 171//171 170//170 
f 170//170 171//171 172//172 
f 170//170 172//172 173//173 
f 177//177 173//173 172//172 
f 177//177 172//172 420//420 
f 420//420 176//176 177//177 
f 176//176 173//173 177//177 
f 176//176 175//175 173//173 
f 221//221 173//173 175//175 
f 174//174 175//175 176//176 
f 419//419 174//174 176//176 
f 419//419 176//176 420//420 
f 420//420 484//484 419//419 
f 419//419 484//484 485//485 
f 419//419 485//485 418//418 
f 418//418 174//174 419//419 
f 418//418 178//178 174//174 
f 174//174 178//178 175//175 
f 175//175 178//178 179//179 
f 179//179 178//178 418//418 
f 418//418 485//485 486//486 
f 485//485 564//564 486//486 
f 486//486 564//564 565//565 
f 564//564 643//643 565//565 
f 565//565 643//643 644//644 
f 565//565 644//644 566//566 
f 566//566 644//644 645//645 
f 644//644 723//723 645//645 
f 645//645 723//723 724//724 
f 723//723 802//802 724//724 
f 724//724 802//802 803//803 
f 724//724 803//803 725//725 
f 725//725 803//803 804//804 
f 725//725 804//804 726//726 
f 726//726 804//804 805//805 
f 726//726 805//805 727//727 
f 727//727 805//805 806//806 
f 727//727 806//806 728//728 
f 728//728 806//806 807//807 
f 728//728 807//807 729//729 
f 650//650 728//728 729//729 
f 650//650 729//729 651//651 
f 651//651 729//729 730//730 
f 651//651 730//730 652//652 
f 652//652 730//730 731//731 
f 652//652 731//731 653//653 
f 653//653 731//731 732//732 
f 653//653 732//732 654//654 
f 654//654 732//732 733//733 
f 654//654 733//733 655//655 
f 576//576 654//654 655//655 
f 576//576 655//655 577//577 
f 577//577 655//655 656//656 
f 577//577 656//656 578//578 
f 578//578 656//656 657//657 
f 578//578 657//657 579//579 
f 500//500 578//578 579//579 
f 500//500 579//579 501//501 
f 403//403 500//500 501//501 
f 501//501 579//579 580//580 
f 501//501 580//580 502//502 
f 502//502 580//580 581//581 
f 502//502 581//581 503//503 
f 401//401 502//502 503//503 
f 401//401 503//503 400//400 
f 400//400 30//30 401//401 
f 30//30 29//29 401//401 
f 401//401 29//29 25//25 
f 25//25 29//29 26//26 
f 26//26 29//29 30//30 
f 26//26 30//30 31//31 
f 207//207 26//26 31//31 
f 207//207 31//31 208//208 
f 208//208 366//366 207//207 
f 207//207 366//366 367//367 
f 342//342 367//367 366//366 
f 342//342 366//366 365//365 
f 365//365 364//364 342//342 
f 342//342 364//364 363//363 
f 342//342 363//363 362//362 
f 342//342 362//362 361//361 
f 361//361 360//360 342//342 
f 342//342 360//360 359//359 
f 342//342 359//359 358//358 
f 357//357 342//342 358//358 
f 216//216 357//357 358//358 
f 216//216 358//358 215//215 
f 215//215 58//58 216//216 
f 216//216 58//58 61//61 
f 216//216 61//61 217//217 
f 217//217 357//357 216//216 
f 217//217 356//356 357//357 
f 356//356 342//342 357//357 
f 356//356 355//355 342//342 
f 342//342 355//355 354//354 
f 342//342 354//354 343//343 
f 204//204 342//342 343//343 
f 204//204 343//343 203//203 
f 203//203 112//112 204//204 
f 112//112 115//115 204//204 
f 204//204 115//115 117//117 
f 204//204 117//117 231//231 
f 231//231 342//342 204//204 
f 231//231 341//341 342//342 
f 231//231 117//117 122//122 
f 117//117 121//121 122//122 
f 126//126 122//122 121//121 
f 441//441 126//126 121//121 
f 441//441 121//121 442//442 
f 442//442 462//462 441//441 
f 441//441 462//462 463//463 
f 462//462 541//541 463//463 
f 463//463 541//541 542//542 
f 463//463 542//542 464//464 
f 464//464 542//542 543//543 
f 464//464 543//543 465//465 
f 439//439 464//464 465//465 
f 439//439 465//465 438//438 
f 438//438 128//128 439//439 
f 128//128 127//127 439//439 
f 439//439 127//127 123//123 
f 438//438 130//130 128//128 
f 437//437 130//130 438//438 
f 438//438 466//466 437//437 
f 437//437 466//466 467//467 
f 437//437 467//467 436//436 
f 436//436 133//133 437//437 
f 133//133 131//131 437//437 
f 437//437 131//131 130//130 
f 436//436 134//134 133//133 
f 136//136 134//134 436//436 
f 435//435 136//136 436//436 
f 436//436 468//468 435//435 
f 435//435 468//468 469//469 
f 468//468 547//547 469//469 
f 469//469 547//547 548//548 
f 469//469 548//548 470//470 
f 470//470 548//548 549//549 
f 470//470 549//549 471//471 
f 433//433 470//470 471//471 
f 471//471 549//549 550//550 
f 471//471 550//550 472//472 
f 472//472 550//550 551//551 
f 472//472 551//551 473//473 
f 431//431 472//472 473//473 
f 431//431 473//473 430//430 
f 430//430 148//148 431//431 
f 148//148 147//147 431//431 
f 431//431 147//147 145//145 
f 430//430 150//150 148//148 
f 429//429 150//150 430//430 
f 430//430 474//474 429//429 
f 429//429 474//474 475//475 
f 429//429 475//475 428//428 
f 428//428 153//153 429//429 
f 153//153 151//151 429//429 
f 429//429 151//151 150//150 
f 428//428 155//155 153//153 
f 156//156 155//155 428//428 
f 428//428 475//475 476//476 
f 475//475 554//554 476//476 
f 476//476 554//554 555//555 
f 476//476 555//555 477//477 
f 477//477 555//555 556//556 
f 477//477 556//556 478//478 
f 426//426 477//477 478//478 
f 478//478 556//556 557//557 
f 478//478 557//557 479//479 
f 479//479 557//557 558//558 
f 479//479 558//558 480//480 
f 424//424 479//479 480//480 
f 480//480 558//558 559//559 
f 480//480 559//559 481//481 
f 481//481 559//559 560//560 
f 481//481 560//560 482//482 
f 422//422 481//481 482//482 
f 422//422 482//482 421//421 
f 421//421 169//169 422//422 
f 169//169 168//168 422//422 
f 422//422 168//168 164//164 
f 421//421 171//171 169//169 
f 420//420 171//171 421//421 
f 421//421 483//483 420//420 
f 420//420 483//483 484//484 
f 483//483 562//562 484//484 
f 484//484 562//562 563//563 
f 484//484 563//563 485//485 
f 485//485 563//563 564//564 
f 563//563 642//642 564//564 
f 564//564 642//642 643//643 
f 642//642 721//721 643//643 
f 643//643 721//721 722//722 
f 643//643 722//722 644//644 
f 644//644 722//722 723//723 
f 722//722 801//801 723//723 
f 723//723 801//801 802//802 
f 801//801 880//880 802//802 
f 802//802 880//880 881//881 
f 802//802 881//881 803//803 
f 803//803 881//881 882//882 
f 803//803 882//882 804//804 
f 804//804 882//882 883//883 
f 804//804 883//883 805//805 
f 805//805 883//883 884//884 
f 805//805 884//884 806//806 
f 806//806 884//884 885//885 
f 806//806 885//885 807//807 
f 807//807 885//885 886//886 
f 807//807 886//886 808//808 
f 729//729 807//807 808//808 
f 729//729 808//808 730//730 
f 730//730 808//808 809//809 
f 730//730 809//809 731//731 
f 731//731 809//809 810//810 
f 731//731 810//810 732//732 
f 732//732 810//810 811//811 
f 732//732 811//811 733//733 
f 733//733 811//811 812//812 
f 733//733 812//812 734//734 
f 655//655 733//733 734//734 
f 655//655 734//734 656//656 
f 656//656 734//734 735//735 
f 656//656 735//735 657//657 
f 657//657 735//735 736//736 
f 657//657 736//736 658//658 
f 579//579 657//657 658//658 
f 579//579 658//658 580//580 
f 580//580 658//658 659//659 
f 580//580 659//659 581//581 
f 581//581 659//659 660//660 
f 581//581 660//660 582//582 
f 503//503 581//581 582//582 
f 503//503 582//582 504//504 
f 400//400 503//503 504//504 
f 400//400 504//504 399//399 
f 399//399 34//34 400//400 
f 34//34 35//35 400//400 
f 400//400 35//35 30//30 
f 35//35 31//31 30//30 
f 34//34 31//31 35//35 
f 34//34 33//33 31//31 
f 208//208 31//31 33//33 
f 208//208 33//33 209//209 
f 209//209 365//365 208//208 
f 208//208 365//365 366//366 
f 209//209 364//364 365//365 
f 210//210 364//364 209//209 
f 209//209 38//38 210//210 
f 210//210 38//38 41//41 
f 210//210 41//41 211//211 
f 211//211 363//363 210//210 
f 210//210 363//363 364//364 
f 211//211 362//362 363//363 
f 212//212 362//362 211//211 
f 211//211 43//43 212//212 
f 212//212 43//43 48//48 
f 212//212 48//48 213//213 
f 213//213 361//361 212//212 
f 212//212 361//361 362//362 
f 213//213 360//360 361//361 
f 214//214 360//360 213//213 
f 213//213 50//50 214//214 
f 214//214 50//50 55//55 
f 214//214 55//55 215//215 
f 215//215 359//359 214//214 
f 214//214 359//359 360//360 
f 215//215 358//358 359//359 
f 215//215 55//55 58//58 
f 55//55 57//57 58//58 
f 57//57 59//59 58//58 
f 58//58 59//59 60//60 
f 58//58 60//60 61//61 
f 61//61 60//60 62//62 
f 61//61 62//62 63//63 
f 217//217 61//61 63//63 
f 217//217 63//63 191//191 
f 191//191 356//356 217//217 
f 191//191 355//355 356//356 
f 192//192 355//355 191//191 
f 191//191 72//72 192//192 
f 192//192 72//72 75//75 
f 192//192 75//75 193//193 
f 193//193 354//354 192//192 
f 192//192 354//354 355//355 
f 193//193 353//353 354//354 
f 343//343 354//354 353//353 
f 343//343 353//353 352//352 
f 351//351 343//343 352//352 
f 195//195 351//351 352//352 
f 195//195 352//352 194//194 
f 194//194 80//80 195//195 
f 195//195 80//80 84//84 
f 195//195 84//84 196//196 
f 196//196 351//351 195//195 
f 196//196 350//350 351//351 
f 345//345 351//351 350//350 
f 345//345 350//350 349//349 
f 349//349 348//348 345//345 
f 345//345 348//348 347//347 
f 345//345 347//347 346//346 
f 201//201 345//345 346//346 
f 201//201 346//346 200//200 
f 200//200 100//100 201//201 
f 201//201 100//100 105//105 
f 201//201 105//105 202//202 
f 202//202 345//345 201//201 
f 202//202 344//344 345//345 
f 344//344 351//351 345//345 
f 344//344 343//343 351//351 
f 203//203 343//343 344//344 
f 203//203 344//344 202//202 
f 202//202 107//107 203//203 
f 203//203 107//107 112//112 
f 107//107 111//111 112//112 
f 111//111 113//113 112//112 
f 112//112 113//113 114//114 
f 112//112 114//114 115//115 
f 119//119 115//115 114//114 
f 119//119 114//114 444//444 
f 444//444 118//118 119//119 
f 118//118 115//115 119//119 
f 118//118 117//117 115//115 
f 116//116 117//117 118//118 
f 443//443 116//116 118//118 
f 443//443 118//118 444//444 
f 444//444 460//460 443//443 
f 443//443 460//460 461//461 
f 443//443 461//461 442//442 
f 442//442 116//116 443//443 
f 442//442 120//120 116//116 
f 116//116 120//120 117//117 
f 117//117 120//120 121//121 
f 121//121 120//120 442//442 
f 442//442 461//461 462//462 
f 461//461 540//540 462//462 
f 462//462 540//540 541//541 
f 540//540 619//619 541//541 
f 541//541 619//619 620//620 
f 541//541 620//620 542//542 
f 542//542 620//620 621//621 
f 542//542 621//621 543//543 
f 543//543 621//621 622//622 
f 543//543 622//622 544//544 
f 465//465 543//543 544//544 
f 465//465 544//544 466//466 
f 438//438 465//465 466//466 
f 466//466 544//544 545//545 
f 466//466 545//545 467//467 
f 467//467 545//545 546//546 
f 467//467 546//546 468//468 
f 436//436 467//467 468//468 
f 468//468 546//546 547//547 
f 546//546 625//625 547//547 
f 547//547 625//625 626//626 
f 547//547 626//626 548//548 
f 548//548 626//626 627//627 
f 548//548 627//627 549//549 
f 549//549 627//627 628//628 
f 549//549 628//628 550//550 
f 550//550 628//628 629//629 
f 550//550 629//629 551//551 
f 551//551 629//629 630//630 
f 551//551 630//630 552//552 
f 473//473 551//551 552//552 
f 473//473 552//552 474//474 
f 430//430 473//473 474//474 
f 474//474 552//552 553//553 
f 474//474 553//553 475//475 
f 475//475 553//553 554//554 
f 553//553 632//632 554//554 
f 554//554 632//632 633//633 
f 554//554 633//633 555//555 
f 555//555 633//633 634//634 
f 555//555 634//634 556//556 
f 556//556 634//634 635//635 
f 556//556 635//635 557//557 
f 557//557 635//635 636//636 
f 557//557 636//636 558//558 
f 558//558 636//636 637//637 
f 558//558 637//637 559//559 
f 559//559 637//637 638//638 
f 559//559 638//638 560//560 
f 560//560 638//638 639//639 
f 560//560 639//639 561//561 
f 482//482 560//560 561//561 
f 482//482 561//561 483//483 
f 421//421 482//482 483//483 
f 483//483 561//561 562//562 
f 561//561 640//640 562//562 
f 562//562 640//640 641//641 
f 562//562 641//641 563//563 
f 563//563 641//641 642//642 
f 641//641 720//720 642//642 
f 642//642 720//720 721//721 
f 720//720 799//799 721//721 
f 721//721 799//799 800//800 
f 721//721 800//800 722//722 
f 722//722 800//800 801//801 
f 800//800 879//879 801//801 
f 801//801 879//879 880//880 
f 879//879 958//958 880//880 
f 880//880 958//958 959//959 
f 880//880 959//959 881//881 
f 881//881 959//959 960//960 
f 881//881 960//960 882//882 
f 882//882 960//960 961//961 
f 882//882 961//961 883//883 
f 883//883 961//961 962//962 
f 883//883 962//962 884//884 
f 884//884 962//962 963//963 
f 884//884 963//963 885//885 
f 885//885 963//963 964//964 
f 885//885 964//964 886//886 
f 886//886 964//964 965//965 
f 886//886 965//965 887//887 
f 808//808 886//886 887//887 
f 808//808 887//887 809//809 
f 809//809 887//887 888//888 
f 809//809 888//888 810//810 
f 810//810 888//888 889//889 
f 810//810 889//889 811//811 
f 811//811 889//889 890//890 
f 811//811 890//890 812//812 
f 812//812 890//890 891//891 
f 812//812 891//891 813//813 
f 734//734 812//812 813//813 
f 734//734 813//813 735//735 
f 735//735 813//813 814//814 
f 735//735 814//814 736//736 
f 736//736 814//814 815//815 
f 736//736 815//815 737//737 
f 658//658 736//736 737//737 
f 658//658 737//737 659//659 
f 659//659 737//737 738//738 
f 659//659 738//738 660//660 
f 660//660 738//738 739//739 
f 660//660 739//739 661//661 
f 582//582 660//660 661//661 
f 582//582 661//661 583//583 
f 504//504 582//582 583//583 
f 504//504 583//583 505//505 
f 399//399 504//504 505//505 
f 399//399 505//505 398//398 
f 398//398 32//32 399//399 
f 399//399 32//32 34//34 
f 32//32 33//33 34//34 
f 32//32 36//36 33//33 
f 33//33 36//36 37//37 
f 33//33 37//37 38//38 
f 209//209 33//33 38//38 
f 37//37 39//39 38//38 
f 38//38 39//39 40//40 
f 38//38 40//40 41//41 
f 45//45 41//41 40//40 
f 45//45 40//40 396//396 
f 396//396 44//44 45//45 
f 44//44 41//41 45//45 
f 44//44 43//43 41//41 
f 211//211 41//41 43//43 
f 42//42 43//43 44//44 
f 395//395 42//42 44//44 
f 395//395 44//44 396//396 
f 396//396 508//508 395//395 
f 395//395 508//508 509//509 
f 395//395 509//509 394//394 
f 394//394 42//42 395//395 
f 394//394 46//46 42//42 
f 42//42 46//46 43//43 
f 43//43 46//46 47//47 
f 43//43 47//47 48//48 
f 52//52 48//48 47//47 
f 393//393 52//52 47//47 
f 393//393 47//47 394//394 
f 394//394 510//510 393//393 
f 393//393 510//510 511//511 
f 393//393 511//511 392//392 
f 392//392 51//51 393//393 
f 51//51 52//52 393//393 
f 51//51 48//48 52//52 
f 51//51 50//50 48//48 
f 213//213 48//48 50//50 
f 49//49 50//50 51//51 
f 392//392 49//49 51//51 
f 391//391 49//49 392//392 
f 392//392 512//512 391//391 
f 391//391 512//512 513//513 
f 391//391 513//513 390//390 
f 390//390 54//54 391//391 
f 54//54 53//53 391//391 
f 391//391 53//53 49//49 
f 49//49 53//53 50//50 
f 50//50 53//53 54//54 
f 50//50 54//54 55//55 
f 54//54 56//56 55//55 
f 55//55 56//56 57//57 
f 389//389 57//57 56//56 
f 389//389 56//56 390//390 
f 390//390 514//514 389//389 
f 389//389 514//514 515//515 
f 389//389 515//515 388//388 
f 388//388 60//60 389//389 
f 389//389 60//60 59//59 
f 59//59 57//57 389//389 
f 388//388 62//62 60//60 
f 387//387 62//62 388//388 
f 388//388 516//516 387//387 
f 387//387 516//516 517//517 
f 387//387 517//517 386//386 
f 386//386 65//65 387//387 
f 65//65 64//64 387//387 
f 387//387 64//64 62//62 
f 63//63 62//62 64//64 
f 63//63 64//64 65//65 
f 69//69 63//63 65//65 
f 386//386 69//69 65//65 
f 68//68 69//69 386//386 
f 385//385 68//68 386//386 
f 386//386 518//518 385//385 
f 385//385 518//518 519//519 
f 385//385 519//519 384//384 
f 384//384 66//66 385//385 
f 385//385 66//66 68//68 
f 66//66 67//67 68//68 
f 68//68 67//67 63//63 
f 68//68 63//63 69//69 
f 191//191 63//63 67//67 
f 191//191 67//67 72//72 
f 67//67 71//71 72//72 
f 71//71 73//73 72//72 
f 72//72 73//73 74//74 
f 72//72 74//74 75//75 
f 74//74 76//76 75//75 
f 75//75 76//76 77//77 
f 75//75 77//77 78//78 
f 193//193 75//75 78//78 
f 193//193 78//78 194//194 
f 194//194 353//353 193//193 
f 194//194 352//352 353//353 
f 194//194 78//78 80//80 
f 78//78 79//79 80//80 
f 80//80 79//79 81//81 
f 80//80 81//81 82//82 
f 86//86 80//80 82//82 
f 379//379 86//86 82//82 
f 379//379 82//82 380//380 
f 380//380 524//524 379//379 
f 379//379 524//524 525//525 
f 379//379 525//525 378//378 
f 378//378 85//85 379//379 
f 85//85 86//86 379//379 
f 85//85 80//80 86//86 
f 85//85 84//84 80//80 
f 83//83 84//84 85//85 
f 378//378 83//83 85//85 
f 377//377 83//83 378//378 
f 378//378 526//526 377//377 
f 377//377 526//526 527//527 
f 377//377 527//527 376//376 
f 376//376 88//88 377//377 
f 88//88 87//87 377//377 
f 377//377 87//87 83//83 
f 83//83 87//87 84//84 
f 84//84 87//87 88//88 
f 84//84 88//88 89//89 
f 196//196 84//84 89//89 
f 196//196 89//89 197//197 
f 197//197 350//350 196//196 
f 197//197 349//349 350//350 
f 198//198 349//349 197//197 
f 197//197 92//92 198//198 
f 198//198 92//92 95//95 
f 198//198 95//95 199//199 
f 199//199 348//348 198//198 
f 198//198 348//348 349//349 
f 199//199 347//347 348//348 
f 200//200 347//347 199//199 
f 199//199 98//98 200//200 
f 200//200 98//98 100//100 
f 101//101 100//100 98//98 
f 101//101 98//98 102//102 
f 101//101 102//102 451//451 
f 450//450 101//101 451//451 
f 451//451 453//453 450//450 
f 450//450 453//453 454//454 
f 450//450 454//454 449//449 
f 449//449 99//99 450//450 
f 450//450 99//99 101//101 
f 99//99 100//100 101//101 
f 99//99 103//103 100//100 
f 100//100 103//103 104//104 
f 100//100 104//104 105//105 
f 109//109 105//105 104//104 
f 448//448 109//109 104//104 
f 448//448 104//104 449//449 
f 449//449 455//455 448//448 
f 448//448 455//455 456//456 
f 448//448 456//456 447//447 
f 447//447 108//108 448//448 
f 108//108 109//109 448//448 
f 108//108 105//105 109//109 
f 108//108 107//107 105//105 
f 202//202 105//105 107//107 
f 106//106 107//107 108//108 
f 447//447 106//106 108//108 
f 446//446 106//106 447//447 
f 447//447 457//457 446//446 
f 446//446 457//457 458//458 
f 446//446 458//458 445//445 
f 445//445 111//111 446//446 
f 111//111 110//110 446//446 
f 446//446 110//110 106//106 
f 106//106 110//110 107//107 
f 107//107 110//110 111//111 
f 445//445 113//113 111//111 
f 444//444 113//113 445//445 
f 445//445 459//459 444//444 
f 444//444 459//459 460//460 
f 459//459 538//538 460//460 
f 460//460 538//538 539//539 
f 460//460 539//539 461//461 
f 461//461 539//539 540//540 
f 539//539 618//618 540//540 
f 540//540 618//618 619//619 
f 618//618 697//697 619//619 
f 619//619 697//697 698//698 
f 619//619 698//698 620//620 
f 620//620 698//698 699//699 
f 620//620 699//699 621//621 
f 621//621 699//699 700//700 
f 621//621 700//700 622//622 
f 622//622 700//700 701//701 
f 622//622 701//701 623//623 
f 544//544 622//622 623//623 
f 544//544 623//623 545//545 
f 545//545 623//623 624//624 
f 545//545 624//624 546//546 
f 546//546 624//624 625//625 
f 624//624 703//703 625//625 
f 625//625 703//703 704//704 
f 625//625 704//704 626//626 
f 626//626 704//704 705//705 
f 626//626 705//705 627//627 
f 627//627 705//705 706//706 
f 627//627 706//706 628//628 
f 628//628 706//706 707//707 
f 628//628 707//707 629//629 
f 629//629 707//707 708//708 
f 629//629 708//708 630//630 
f 630//630 708//708 709//709 
f 630//630 709//709 631//631 
f 552//552 630//630 631//631 
f 552//552 631//631 553//553 
f 553//553 631//631 632//632 
f 631//631 710//710 632//632 
f 632//632 710//710 711//711 
f 632//632 711//711 633//633 
f 633//633 711//711 712//712 
f 633//633 712//712 634//634 
f 634//634 712//712 713//713 
f 634//634 713//713 635//635 
f 635//635 713//713 714//714 
f 635//635 714//714 636//636 
f 636//636 714//714 715//715 
f 636//636 715//715 637//637 
f 637//637 715//715 716//716 
f 637//637 716//716 638//638 
f 638//638 716//716 717//717 
f 638//638 717//717 639//639 
f 639//639 717//717 718//718 
f 639//639 718//718 640//640 
f 561//561 639//639 640//640 
f 640//640 718//718 719//719 
f 640//640 719//719 641//641 
f 641//641 719//719 720//720 
f 719//719 798//798 720//720 
f 720//720 798//798 799//799 
f 798//798 877//877 799//799 
f 799//799 877//877 878//878 
f 799//799 878//878 800//800 
f 800//800 878//878 879//879 
f 878//878 957//957 879//879 
f 879//879 957//957 958//958 
f 957//957 298//298 958//958 
f 958//958 298//298 297//297 
f 958//958 297//297 959//959 
f 959//959 297//297 267//267 
f 959//959 267//267 960//960 
f 960//960 267//267 266//266 
f 960//960 266//266 961//961 
f 961//961 266//266 265//265 
f 961//961 265//265 962//962 
f 962//962 265//265 264//264 
f 962//962 264//264 963//963 
f 963//963 264//264 282//282 
f 963//963 282//282 964//964 
f 964//964 282//282 281//281 
f 964//964 281//281 965//965 
f 965//965 281//281 263//263 
f 965//965 263//263 966//966 
f 887//887 965//965 966//966 
f 887//887 966//966 888//888 
f 888//888 966//966 967//967 
f 888//888 967//967 889//889 
f 889//889 967//967 968//968 
f 889//889 968//968 890//890 
f 890//890 968//968 969//969 
f 890//890 969//969 891//891 
f 891//891 969//969 970//970 
f 891//891 970//970 892//892 
f 813//813 891//891 892//892 
f 813//813 892//892 814//814 
f 814//814 892//892 893//893 
f 814//814 893//893 815//815 
f 815//815 893//893 894//894 
f 815//815 894//894 816//816 
f 737//737 815//815 816//816 
f 737//737 816//816 738//738 
f 738//738 816//816 817//817 
f 738//738 817//817 739//739 
f 739//739 817//817 818//818 
f 739//739 818//818 740//740 
f 661//661 739//739 740//740 
f 661//661 740//740 662//662 
f 583//583 661//661 662//662 
f 583//583 662//662 584//584 
f 505//505 583//583 584//584 
f 505//505 584//584 506//506 
f 398//398 505//505 506//506 
f 398//398 506//506 397//397 
f 397//397 37//37 398//398 
f 37//37 36//36 398//398 
f 398//398 36//36 32//32 
f 397//397 39//39 37//37 
f 396//396 39//39 397//397 
f 397//397 507//507 396//396 
f 396//396 507//507 508//508 
f 507//507 586//586 508//508 
f 508//508 586//586 587//587 
f 508//508 587//587 509//509 
f 509//509 587//587 588//588 
f 509//509 588//588 510//510 
f 394//394 509//509 510//510 
f 510//510 588//588 589//589 
f 510//510 589//589 511//511 
f 511//511 589//589 590//590 
f 511//511 590//590 512//512 
f 392//392 511//511 512//512 
f 512//512 590//590 591//591 
f 512//512 591//591 513//513 
f 513//513 591//591 592//592 
f 513//513 592//592 514//514 
f 390//390 513//513 514//514 
f 514//514 592//592 593//593 
f 514//514 593//593 515//515 
f 515//515 593//593 594//594 
f 515//515 594//594 516//516 
f 388//388 515//515 516//516 
f 516//516 594//594 595//595 
f 516//516 595//595 517//517 
f 517//517 595//595 596//596 
f 517//517 596//596 518//518 
f 386//386 517//517 518//518 
f 518//518 596//596 597//597 
f 518//518 597//597 519//519 
f 519//519 597//597 598//598 
f 519//519 598//598 520//520 
f 384//384 519//519 520//520 
f 384//384 520//520 383//383 
f 383//383 71//71 384//384 
f 71//71 70//70 384//384 
f 384//384 70//70 66//66 
f 66//66 70//70 67//67 
f 67//67 70//70 71//71 
f 383//383 73//73 71//71 
f 382//382 73//73 383//383 
f 383//383 521//521 382//382 
f 382//382 521//521 522//522 
f 382//382 522//522 381//381 
f 381//381 76//76 382//382 
f 76//76 74//74 382//382 
f 382//382 74//74 73//73 
f 381//381 77//77 76//76 
f 79//79 77//77 381//381 
f 380//380 79//79 381//381 
f 381//381 523//523 380//380 
f 380//380 523//523 524//524 
f 523//523 602//602 524//524 
f 524//524 602//602 603//603 
f 524//524 603//603 525//525 
f 525//525 603//603 604//604 
f 525//525 604//604 526//526 
f 378//378 525//525 526//526 
f 526//526 604//604 605//605 
f 526//526 605//605 527//527 
f 527//527 605//605 606//606 
f 527//527 606//606 528//528 
f 376//376 527//527 528//528 
f 376//376 528//528 375//375 
f 375//375 91//91 376//376 
f 91//91 90//90 376//376 
f 376//376 90//90 88//88 
f 88//88 90//90 89//89 
f 89//89 90//90 91//91 
f 89//89 91//91 92//92 
f 197//197 89//89 92//92 
f 91//91 93//93 92//92 
f 92//92 93//93 94//94 
f 92//92 94//94 95//95 
f 94//94 96//96 95//95 
f 95//95 96//96 97//97 
f 95//95 97//97 98//98 
f 199//199 95//95 98//98 
f 102//102 98//98 97//97 
f 451//451 102//102 97//97 
f 451//451 97//97 452//452 
f 452//452 531//531 451//451 
f 451//451 531//531 453//453 
f 531//531 610//610 453//453 
f 453//453 610//610 532//532 
f 453//453 532//532 454//454 
f 454//454 532//532 533//533 
f 454//454 533//533 455//455 
f 449//449 454//454 455//455 
f 455//455 533//533 534//534 
f 455//455 534//534 456//456 
f 456//456 534//534 535//535 
f 456//456 535//535 457//457 
f 447//447 456//456 457//457 
f 457//457 535//535 536//536 
f 457//457 536//536 458//458 
f 458//458 536//536 537//537 
f 458//458 537//537 459//459 
f 445//445 458//458 459//459 
f 459//459 537//537 538//538 
f 537//537 616//616 538//538 
f 538//538 616//616 617//617 
f 538//538 617//617 539//539 
f 539//539 617//617 618//618 
f 617//617 696//696 618//618 
f 618//618 696//696 697//697 
f 696//696 775//775 697//697 
f 697//697 775//775 776//776 
f 697//697 776//776 698//698 
f 698//698 776//776 777//777 
f 698//698 777//777 699//699 
f 699//699 777//777 778//778 
f 699//699 778//778 700//700 
f 700//700 778//778 779//779 
f 700//700 779//779 701//701 
f 701//701 779//779 780//780 
f 701//701 780//780 702//702 
f 623//623 701//701 702//702 
f 623//623 702//702 624//624 
f 624//624 702//702 703//703 
f 702//702 781//781 703//703 
f 703//703 781//781 782//782 
f 703//703 782//782 704//704 
f 704//704 782//782 783//783 
f 704//704 783//783 705//705 
f 705//705 783//783 784//784 
f 705//705 784//784 706//706 
f 706//706 784//784 785//785 
f 706//706 785//785 707//707 
f 707//707 785//785 786//786 
f 707//707 786//786 708//708 
f 708//708 786//786 787//787 
f 708//708 787//787 709//709 
f 709//709 787//787 788//788 
f 709//709 788//788 710//710 
f 631//631 709//709 710//710 
f 710//710 788//788 789//789 
f 710//710 789//789 711//711 
f 711//711 789//789 790//790 
f 711//711 790//790 712//712 
f 712//712 790//790 791//791 
f 712//712 791//791 713//713 
f 713//713 791//791 792//792 
f 713//713 792//792 714//714 
f 714//714 792//792 793//793 
f 714//714 793//793 715//715 
f 715//715 793//793 794//794 
f 715//715 794//794 716//716 
f 716//716 794//794 795//795 
f 716//716 795//795 717//717 
f 717//717 795//795 796//796 
f 717//717 796//796 718//718 
f 718//718 796//796 797//797 
f 718//718 797//797 719//719 
f 719//719 797//797 798//798 
f 797//797 876//876 798//798 
f 798//798 876//876 877//877 
f 876//876 955//955 877//877 
f 877//877 955//955 956//956 
f 877//877 956//956 878//878 
f 878//878 956//956 957//957 
f 956//956 299//299 957//957 
f 957//957 299//299 298//298 
f 245//245 298//298 299//299 
f 299//299 306//306 245//245 
f 245//245 306//306 307//307 
f 245//245 307//307 308//308 
f 308//308 311//311 245//245 
f 245//245 311//311 312//312 
f 245//245 312//312 268//268 
f 268//268 269//269 245//245 
f 245//245 269//269 270//270 
f 245//245 270//270 271//271 
f 271//271 283//283 245//245 
f 245//245 283//283 284//284 
f 245//245 284//284 285//285 
f 285//285 286//286 245//245 
f 245//245 286//286 287//287 
f 245//245 287//287 288//288 
f 288//288 300//300 245//245 
f 245//245 300//300 301//301 
f 245//245 301//301 302//302 
f 302//302 309//309 245//245 
f 245//245 309//309 303//303 
f 245//245 303//303 310//310 
f 1003//1003 245//245 310//310 
f 1003//1003 310//310 1004//1004 
f 925//925 1003//1003 1004//1004 
f 925//925 1004//1004 926//926 
f 847//847 925//925 926//926 
f 847//847 926//926 769//769 
f 690//690 847//847 769//769 
f 690//690 769//769 691//691 
f 612//612 690//690 691//691 
f 612//612 691//691 613//613 
f 534//534 612//612 613//613 
f 534//534 613//613 535//535 
f 535//535 613//613 614//614 
f 535//535 614//614 536//536 
f 536//536 614//614 615//615 
f 536//536 615//615 537//537 
f 537//537 615//615 616//616 
f 615//615 694//694 616//616 
f 616//616 694//694 695//695 
f 616//616 695//695 617//617 
f 617//617 695//695 696//696 
f 695//695 774//774 696//696 
f 696//696 774//774 775//775 
f 774//774 853//853 775//775 
f 775//775 853//853 854//854 
f 775//775 854//854 776//776 
f 776//776 854//854 855//855 
f 776//776 855//855 777//777 
f 777//777 855//855 856//856 
f 777//777 856//856 778//778 
f 778//778 856//856 857//857 
f 778//778 857//857 779//779 
f 779//779 857//857 858//858 
f 779//779 858//858 780//780 
f 780//780 858//858 859//859 
f 780//780 859//859 781//781 
f 702//702 780//780 781//781 
f 781//781 859//859 860//860 
f 781//781 860//860 782//782 
f 782//782 860//860 861//861 
f 782//782 861//861 783//783 
f 783//783 861//861 862//862 
f 783//783 862//862 784//784 
f 784//784 862//862 863//863 
f 784//784 863//863 785//785 
f 785//785 863//863 864//864 
f 785//785 864//864 786//786 
f 786//786 864//864 865//865 
f 786//786 865//865 787//787 
f 787//787 865//865 866//866 
f 787//787 866//866 788//788 
f 788//788 866//866 867//867 
f 788//788 867//867 789//789 
f 789//789 867//867 868//868 
f 789//789 868//868 790//790 
f 790//790 868//868 869//869 
f 790//790 869//869 791//791 
f 791//791 869//869 870//870 
f 791//791 870//870 792//792 
f 792//792 870//870 871//871 
f 792//792 871//871 793//793 
f 793//793 871//871 872//872 
f 793//793 872//872 794//794 
f 794//794 872//872 873//873 
f 794//794 873//873 795//795 
f 795//795 873//873 874//874 
f 795//795 874//874 796//796 
f 796//796 874//874 875//875 
f 796//796 875//875 797//797 
f 797//797 875//875 876//876 
f 875//875 954//954 876//876 
f 876//876 954//954 955//955 
f 954//954 307//307 955//955 
f 955//955 307//307 306//306 
f 955//955 306//306 956//956 
f 956//956 306//306 299//299 
f 954//954 308//308 307//307 
f 953//953 308//308 954//954 
f 875//875 953//953 954//954 
f 874//874 953//953 875//875 
f 874//874 952//952 953//953 
f 952//952 311//311 953//953 
f 953//953 311//311 308//308 
f 952//952 312//312 311//311 
f 951//951 312//312 952//952 
f 873//873 951//951 952//952 
f 873//873 952//952 874//874 
f 872//872 951//951 873//873 
f 872//872 950//950 951//951 
f 950//950 268//268 951//951 
f 951//951 268//268 312//312 
f 950//950 269//269 268//268 
f 949//949 269//269 950//950 
f 871//871 949//949 950//950 
f 871//871 950//950 872//872 
f 870//870 949//949 871//871 
f 870//870 948//948 949//949 
f 948//948 270//270 949//949 
f 949//949 270//270 269//269 
f 948//948 271//271 270//270 
f 947//947 271//271 948//948 
f 869//869 947//947 948//948 
f 869//869 948//948 870//870 
f 868//868 947//947 869//869 
f 868//868 946//946 947//947 
f 946//946 283//283 947//947 
f 947//947 283//283 271//271 
f 946//946 284//284 283//283 
f 945//945 284//284 946//946 
f 867//867 945//945 946//946 
f 867//867 946//946 868//868 
f 866//866 945//945 867//867 
f 866//866 944//944 945//945 
f 944//944 285//285 945//945 
f 945//945 285//285 284//284 
f 944//944 286//286 285//285 
f 943//943 286//286 944//944 
f 865//865 943//943 944//944 
f 865//865 944//944 866//866 
f 864//864 943//943 865//865 
f 864//864 942//942 943//943 
f 942//942 287//287 943//943 
f 943//943 287//287 286//286 
f 942//942 288//288 287//287 
f 941//941 288//288 942//942 
f 863//863 941//941 942//942 
f 863//863 942//942 864//864 
f 862//862 941//941 863//863 
f 862//862 940//940 941//941 
f 940//940 300//300 941//941 
f 941//941 300//300 288//288 
f 940//940 301//301 300//300 
f 939//939 301//301 940//940 
f 861//861 939//939 940//940 
f 861//861 940//940 862//862 
f 860//860 939//939 861//861 
f 860//860 938//938 939//939 
f 938//938 302//302 939//939 
f 939//939 302//302 301//301 
f 938//938 309//309 302//302 
f 937//937 309//309 938//938 
f 859//859 937//937 938//938 
f 859//859 938//938 860//860 
f 858//858 937//937 859//859 
f 858//858 936//936 937//937 
f 936//936 303//303 937//937 
f 937//937 303//303 309//309 
f 936//936 313//313 303//303 
f 313//313 314//314 303//303 
f 303//303 314//314 315//315 
f 303//303 315//315 304//304 
f 303//303 304//304 305//305 
f 310//310 303//303 305//305 
f 1004//1004 310//310 305//305 
f 1004//1004 305//305 1005//1005 
f 926//926 1004//1004 1005//1005 
f 926//926 1005//1005 848//848 
f 769//769 926//926 848//848 
f 769//769 848//848 770//770 
f 691//691 769//769 770//770 
f 691//691 770//770 692//692 
f 613//613 691//691 692//692 
f 613//613 692//692 614//614 
f 614//614 692//692 693//693 
f 614//614 693//693 615//615 
f 615//615 693//693 694//694 
f 693//693 772//772 694//694 
f 694//694 772//772 773//773 
f 694//694 773//773 695//695 
f 695//695 773//773 774//774 
f 773//773 852//852 774//774 
f 774//774 852//852 853//853 
f 852//852 931//931 853//853 
f 853//853 931//931 932//932 
f 853//853 932//932 854//854 
f 854//854 932//932 933//933 
f 854//854 933//933 855//855 
f 855//855 933//933 934//934 
f 855//855 934//934 856//856 
f 856//856 934//934 935//935 
f 856//856 935//935 857//857 
f 857//857 935//935 936//936 
f 857//857 936//936 858//858 
f 935//935 313//313 936//936 
f 935//935 316//316 313//313 
f 313//313 316//316 314//314 
f 314//314 316//316 317//317 
f 314//314 317//317 318//318 
f 318//318 319//319 314//314 
f 314//314 319//319 320//320 
f 314//314 320//320 321//321 
f 929//929 314//314 321//321 
f 929//929 321//321 930//930 
f 851//851 929//929 930//930 
f 851//851 930//930 852//852 
f 773//773 851//851 852//852 
f 772//772 851//851 773//773 
f 772//772 850//850 851//851 
f 850//850 929//929 851//851 
f 850//850 928//928 929//929 
f 928//928 314//314 929//929 
f 928//928 315//315 314//314 
f 927//927 315//315 928//928 
f 849//849 927//927 928//928 
f 849//849 928//928 850//850 
f 771//771 849//849 850//850 
f 771//771 850//850 772//772 
f 693//693 771//771 772//772 
f 692//692 771//771 693//693 
f 692//692 770//770 771//771 
f 770//770 849//849 771//771 
f 770//770 848//848 849//849 
f 848//848 927//927 849//849 
f 848//848 1005//1005 927//927 
f 1005//1005 304//304 927//927 
f 927//927 304//304 315//315 
f 1005//1005 305//305 304//304 
f 852//852 930//930 931//931 
f 930//930 320//320 931//931 
f 931//931 320//320 319//319 
f 931//931 319//319 932//932 
f 932//932 319//319 318//318 
f 932//932 318//318 933//933 
f 933//933 318//318 317//317 
f 933//933 317//317 934//934 
f 934//934 317//317 316//316 
f 934//934 316//316 935//935 
f 930//930 321//321 320//320 
f 533//533 612//612 534//534 
f 533//533 611//611 612//612 
f 611//611 690//690 612//612 
f 611//611 768//768 690//690 
f 768//768 847//847 690//690 
f 768//768 846//846 847//847 
f 846//846 925//925 847//847 
f 846//846 924//924 925//925 
f 924//924 1003//1003 925//925 
f 924//924 1002//1002 1003//1003 
f 1002//1002 245//245 1003//1003 
f 1002//1002 272//272 245//245 
f 248//248 245//245 272//272 
f 248//248 272//272 246//246 
f 246//246 247//247 248//248 
f 248//248 247//247 249//249 
f 248//248 249//249 250//250 
f 250//250 273//273 248//248 
f 248//248 273//273 274//274 
f 248//248 274//274 275//275 
f 275//275 289//289 248//248 
f 248//248 289//289 290//290 
f 248//248 290//290 291//291 
f 291//291 292//292 248//248 
f 248//248 292//292 293//293 
f 248//248 293//293 294//294 
f 988//988 248//248 294//294 
f 988//988 294//294 989//989 
f 910//910 988//988 989//989 
f 910//910 989//989 911//911 
f 832//832 910//910 911//911 
f 832//832 911//911 833//833 
f 754//754 832//832 833//833 
f 754//754 833//833 755//755 
f 676//676 754//754 755//755 
f 676//676 755//755 677//677 
f 598//598 676//676 677//677 
f 598//598 677//677 599//599 
f 520//520 598//598 599//599 
f 520//520 599//599 521//521 
f 383//383 520//520 521//521 
f 521//521 599//599 600//600 
f 521//521 600//600 522//522 
f 522//522 600//600 601//601 
f 522//522 601//601 523//523 
f 381//381 522//522 523//523 
f 523//523 601//601 602//602 
f 601//601 680//680 602//602 
f 602//602 680//680 681//681 
f 602//602 681//681 603//603 
f 603//603 681//681 682//682 
f 603//603 682//682 604//604 
f 604//604 682//682 683//683 
f 604//604 683//683 605//605 
f 605//605 683//683 684//684 
f 605//605 684//684 606//606 
f 606//606 684//684 685//685 
f 606//606 685//685 607//607 
f 528//528 606//606 607//607 
f 528//528 607//607 529//529 
f 375//375 528//528 529//529 
f 375//375 529//529 374//374 
f 374//374 93//93 375//375 
f 375//375 93//93 91//91 
f 374//374 94//94 93//93 
f 374//374 96//96 94//94 
f 452//452 96//96 374//374 
f 374//374 530//530 452//452 
f 452//452 530//530 531//531 
f 530//530 609//609 531//531 
f 531//531 609//609 610//610 
f 609//609 688//688 610//610 
f 610//610 688//688 689//689 
f 610//610 689//689 532//532 
f 532//532 689//689 611//611 
f 532//532 611//611 533//533 
f 689//689 768//768 611//611 
f 689//689 767//767 768//768 
f 767//767 846//846 768//768 
f 767//767 845//845 846//846 
f 845//845 924//924 846//846 
f 845//845 923//923 924//924 
f 923//923 1002//1002 924//924 
f 923//923 1001//1001 1002//1002 
f 1001//1001 272//272 1002//1002 
f 1001//1001 246//246 272//272 
f 1000//1000 246//246 1001//1001 
f 922//922 1000//1000 1001//1001 
f 922//922 1001//1001 923//923 
f 844//844 922//922 923//923 
f 844//844 923//923 845//845 
f 766//766 844//844 845//845 
f 766//766 845//845 767//767 
f 688//688 766//766 767//767 
f 688//688 767//767 689//689 
f 687//687 766//766 688//688 
f 609//609 687//687 688//688 
f 608//608 687//687 609//609 
f 530//530 608//608 609//609 
f 529//529 608//608 530//530 
f 374//374 529//529 530//530 
f 529//529 607//607 608//608 
f 607//607 686//686 608//608 
f 608//608 686//686 687//687 
f 686//686 765//765 687//687 
f 687//687 765//765 766//766 
f 765//765 844//844 766//766 
f 765//765 843//843 844//844 
f 843//843 922//922 844//844 
f 843//843 921//921 922//922 
f 921//921 1000//1000 922//922 
f 921//921 999//999 1000//1000 
f 999//999 247//247 1000//1000 
f 1000//1000 247//247 246//246 
f 999//999 249//249 247//247 
f 998//998 249//249 999//999 
f 920//920 998//998 999//999 
f 920//920 999//999 921//921 
f 842//842 920//920 921//921 
f 842//842 921//921 843//843 
f 764//764 842//842 843//843 
f 764//764 843//843 765//765 
f 686//686 764//764 765//765 
f 685//685 764//764 686//686 
f 607//607 685//685 686//686 
f 685//685 763//763 764//764 
f 763//763 842//842 764//764 
f 763//763 841//841 842//842 
f 841//841 920//920 842//842 
f 841//841 919//919 920//920 
f 919//919 998//998 920//920 
f 919//919 997//997 998//998 
f 997//997 250//250 998//998 
f 998//998 250//250 249//249 
f 997//997 273//273 250//250 
f 996//996 273//273 997//997 
f 918//918 996//996 997//997 
f 918//918 997//997 919//919 
f 840//840 918//918 919//919 
f 840//840 919//919 841//841 
f 762//762 840//840 841//841 
f 762//762 841//841 763//763 
f 684//684 762//762 763//763 
f 684//684 763//763 685//685 
f 683//683 762//762 684//684 
f 683//683 761//761 762//762 
f 761//761 840//840 762//762 
f 761//761 839//839 840//840 
f 839//839 918//918 840//840 
f 839//839 917//917 918//918 
f 917//917 996//996 918//918 
f 917//917 995//995 996//996 
f 995//995 274//274 996//996 
f 996//996 274//274 273//273 
f 995//995 275//275 274//274 
f 994//994 275//275 995//995 
f 916//916 994//994 995//995 
f 916//916 995//995 917//917 
f 838//838 916//916 917//917 
f 838//838 917//917 839//839 
f 760//760 838//838 839//839 
f 760//760 839//839 761//761 
f 682//682 760//760 761//761 
f 682//682 761//761 683//683 
f 681//681 760//760 682//682 
f 681//681 759//759 760//760 
f 759//759 838//838 760//760 
f 759//759 837//837 838//838 
f 837//837 916//916 838//838 
f 837//837 915//915 916//916 
f 915//915 994//994 916//916 
f 915//915 993//993 994//994 
f 993//993 289//289 994//994 
f 994//994 289//289 275//275 
f 993//993 290//290 289//289 
f 992//992 290//290 993//993 
f 914//914 992//992 993//993 
f 914//914 993//993 915//915 
f 836//836 914//914 915//915 
f 836//836 915//915 837//837 
f 758//758 836//836 837//837 
f 758//758 837//837 759//759 
f 680//680 758//758 759//759 
f 680//680 759//759 681//681 
f 679//679 758//758 680//680 
f 601//601 679//679 680//680 
f 600//600 679//679 601//601 
f 600//600 678//678 679//679 
f 678//678 757//757 679//679 
f 679//679 757//757 758//758 
f 757//757 836//836 758//758 
f 757//757 835//835 836//836 
f 835//835 914//914 836//836 
f 835//835 913//913 914//914 
f 913//913 992//992 914//914 
f 913//913 991//991 992//992 
f 991//991 291//291 992//992 
f 992//992 291//291 290//290 
f 991//991 292//292 291//291 
f 990//990 292//292 991//991 
f 912//912 990//990 991//991 
f 912//912 991//991 913//913 
f 834//834 912//912 913//913 
f 834//834 913//913 835//835 
f 756//756 834//834 835//835 
f 756//756 835//835 757//757 
f 678//678 756//756 757//757 
f 677//677 756//756 678//678 
f 599//599 677//677 678//678 
f 599//599 678//678 600//600 
f 677//677 755//755 756//756 
f 755//755 834//834 756//756 
f 755//755 833//833 834//834 
f 833//833 912//912 834//834 
f 833//833 911//911 912//912 
f 911//911 990//990 912//912 
f 911//911 989//989 990//990 
f 989//989 293//293 990//990 
f 990//990 293//293 292//292 
f 989//989 294//294 293//293 
f 452//452 97//97 96//96 
f 597//597 676//676 598//598 
f 597//597 675//675 676//676 
f 675//675 754//754 676//676 
f 675//675 753//753 754//754 
f 753//753 832//832 754//754 
f 753//753 831//831 832//832 
f 831//831 910//910 832//832 
f 831//831 909//909 910//910 
f 909//909 988//988 910//910 
f 909//909 987//987 988//988 
f 987//987 248//248 988//988 
f 987//987 251//251 248//248 
f 251//251 245//245 248//248 
f 251//251 252//252 245//245 
f 245//245 252//252 253//253 
f 253//253 276//276 245//245 
f 245//245 276//276 277//277 
f 245//245 277//277 243//243 
f 243//243 244//244 245//245 
f 244//244 254//254 245//245 
f 245//245 254//254 255//255 
f 245//245 255//255 256//256 
f 256//256 257//257 245//245 
f 245//245 257//257 258//258 
f 245//245 258//258 259//259 
f 259//259 278//278 245//245 
f 245//245 278//278 279//279 
f 245//245 279//279 280//280 
f 280//280 295//295 245//245 
f 245//245 295//295 296//296 
f 245//245 296//296 260//260 
f 260//260 261//261 245//245 
f 245//245 261//261 262//262 
f 245//245 262//262 263//263 
f 263//263 281//281 245//245 
f 245//245 281//281 282//282 
f 245//245 282//282 264//264 
f 264//264 265//265 245//245 
f 245//245 265//265 266//266 
f 245//245 266//266 267//267 
f 267//267 297//297 245//245 
f 245//245 297//297 298//298 
f 966//966 263//263 262//262 
f 966//966 262//262 967//967 
f 967//967 262//262 261//261 
f 967//967 261//261 968//968 
f 968//968 261//261 260//260 
f 968//968 260//260 969//969 
f 969//969 260//260 296//296 
f 969//969 296//296 970//970 
f 970//970 296//296 295//295 
f 970//970 295//295 971//971 
f 892//892 970//970 971//971 
f 892//892 971//971 893//893 
f 893//893 971//971 972//972 
f 893//893 972//972 894//894 
f 894//894 972//972 973//973 
f 894//894 973//973 895//895 
f 816//816 894//894 895//895 
f 816//816 895//895 817//817 
f 817//817 895//895 896//896 
f 817//817 896//896 818//818 
f 818//818 896//896 897//897 
f 818//818 897//897 819//819 
f 740//740 818//818 819//819 
f 740//740 819//819 741//741 
f 662//662 740//740 741//741 
f 662//662 741//741 663//663 
f 584//584 662//662 663//663 
f 584//584 663//663 585//585 
f 506//506 584//584 585//585 
f 506//506 585//585 507//507 
f 397//397 506//506 507//507 
f 507//507 585//585 586//586 
f 585//585 664//664 586//586 
f 586//586 664//664 665//665 
f 586//586 665//665 587//587 
f 587//587 665//665 666//666 
f 587//587 666//666 588//588 
f 588//588 666//666 667//667 
f 588//588 667//667 589//589 
f 589//589 667//667 668//668 
f 589//589 668//668 590//590 
f 590//590 668//668 669//669 
f 590//590 669//669 591//591 
f 591//591 669//669 670//670 
f 591//591 670//670 592//592 
f 592//592 670//670 671//671 
f 592//592 671//671 593//593 
f 593//593 671//671 672//672 
f 593//593 672//672 594//594 
f 594//594 672//672 673//673 
f 594//594 673//673 595//595 
f 595//595 673//673 674//674 
f 595//595 674//674 596//596 
f 596//596 674//674 675//675 
f 596//596 675//675 597//597 
f 674//674 753//753 675//675 
f 674//674 752//752 753//753 
f 752//752 831//831 753//753 
f 752//752 830//830 831//831 
f 830//830 909//909 831//831 
f 830//830 908//908 909//909 
f 908//908 987//987 909//909 
f 908//908 986//986 987//987 
f 986//986 251//251 987//987 
f 986//986 252//252 251//251 
f 985//985 252//252 986//986 
f 907//907 985//985 986//986 
f 907//907 986//986 908//908 
f 829//829 907//907 908//908 
f 829//829 908//908 830//830 
f 751//751 829//829 830//830 
f 751//751 830//830 752//752 
f 673//673 751//751 752//752 
f 673//673 752//752 674//674 
f 672//672 751//751 673//673 
f 672//672 750//750 751//751 
f 750//750 829//829 751//751 
f 750//750 828//828 829//829 
f 828//828 907//907 829//829 
f 828//828 906//906 907//907 
f 906//906 985//985 907//907 
f 906//906 984//984 985//985 
f 984//984 253//253 985//985 
f 985//985 253//253 252//252 
f 984//984 276//276 253//253 
f 983//983 276//276 984//984 
f 905//905 983//983 984//984 
f 905//905 984//984 906//906 
f 827//827 905//905 906//906 
f 827//827 906//906 828//828 
f 749//749 827//827 828//828 
f 749//749 828//828 750//750 
f 671//671 749//749 750//750 
f 671//671 750//750 672//672 
f 670//670 749//749 671//671 
f 670//670 748//748 749//749 
f 748//748 827//827 749//749 
f 748//748 826//826 827//827 
f 826//826 905//905 827//827 
f 826//826 904//904 905//905 
f 904//904 983//983 905//905 
f 904//904 982//982 983//983 
f 982//982 277//277 983//983 
f 983//983 277//277 276//276 
f 982//982 243//243 277//277 
f 981//981 243//243 982//982 
f 903//903 981//981 982//982 
f 903//903 982//982 904//904 
f 825//825 903//903 904//904 
f 825//825 904//904 826//826 
f 747//747 825//825 826//826 
f 747//747 826//826 748//748 
f 669//669 747//747 748//748 
f 669//669 748//748 670//670 
f 668//668 747//747 669//669 
f 668//668 746//746 747//747 
f 746//746 825//825 747//747 
f 746//746 824//824 825//825 
f 824//824 903//903 825//825 
f 824//824 902//902 903//903 
f 902//902 981//981 903//903 
f 902//902 980//980 981//981 
f 980//980 244//244 981//981 
f 981//981 244//244 243//243 
f 980//980 254//254 244//244 
f 979//979 254//254 980//980 
f 901//901 979//979 980//980 
f 901//901 980//980 902//902 
f 823//823 901//901 902//902 
f 823//823 902//902 824//824 
f 745//745 823//823 824//824 
f 745//745 824//824 746//746 
f 667//667 745//745 746//746 
f 667//667 746//746 668//668 
f 666//666 745//745 667//667 
f 666//666 744//744 745//745 
f 744//744 823//823 745//745 
f 744//744 822//822 823//823 
f 822//822 901//901 823//823 
f 822//822 900//900 901//901 
f 900//900 979//979 901//901 
f 900//900 978//978 979//979 
f 978//978 255//255 979//979 
f 979//979 255//255 254//254 
f 978//978 256//256 255//255 
f 977//977 256//256 978//978 
f 899//899 977//977 978//978 
f 899//899 978//978 900//900 
f 821//821 899//899 900//900 
f 821//821 900//900 822//822 
f 743//743 821//821 822//822 
f 743//743 822//822 744//744 
f 665//665 743//743 744//744 
f 665//665 744//744 666//666 
f 664//664 743//743 665//665 
f 664//664 742//742 743//743 
f 742//742 821//821 743//743 
f 742//742 820//820 821//821 
f 820//820 899//899 821//821 
f 820//820 898//898 899//899 
f 898//898 977//977 899//899 
f 898//898 976//976 977//977 
f 976//976 257//257 977//977 
f 977//977 257//257 256//256 
f 976//976 258//258 257//257 
f 975//975 258//258 976//976 
f 897//897 975//975 976//976 
f 897//897 976//976 898//898 
f 819//819 897//897 898//898 
f 819//819 898//898 820//820 
f 741//741 819//819 820//820 
f 741//741 820//820 742//742 
f 663//663 741//741 742//742 
f 663//663 742//742 664//664 
f 585//585 663//663 664//664 
f 896//896 975//975 897//897 
f 896//896 974//974 975//975 
f 974//974 259//259 975//975 
f 975//975 259//259 258//258 
f 974//974 278//278 259//259 
f 973//973 278//278 974//974 
f 895//895 973//973 974//974 
f 895//895 974//974 896//896 
f 973//973 279//279 278//278 
f 972//972 279//279 973//973 
f 972//972 280//280 279//279 
f 971//971 280//280 972//972 
f 971//971 295//295 280//280 
f 380//380 81//81 79//79 
f 82//82 81//81 380//380 
f 78//78 77//77 79//79 
f 396//396 40//40 39//39 
f 444//444 114//114 113//113 
f 104//104 103//103 449//449 
f 449//449 103//103 99//99 
f 200//200 346//346 347//347 
f 390//390 56//56 54//54 
f 47//47 46//46 394//394 
f 420//420 172//172 171//171 
f 435//435 138//138 136//136 
f 139//139 138//138 435//435 
f 20//20 21//21 22//22 
f 20//20 19//19 21//21 
f 16//16 18//18 17//17 
f 7//7 6//6 411//411 
# mm_gid 2
g mmGroup2
f 1007//1007 1006//1006 1043//1043 
f 1007//1007 1043//1043 1042//1042 
f 1008//1008 1006//1006 1007//1007 
f 1008//1008 1007//1007 1045//1045 
f 1008//1008 1045//1045 1044//1044 
f 1008//1008 1044//1044 1046//1046 
f 1009//1009 1008//1008 1046//1046 
f 1009//1009 1046//1046 1047//1047 
f 1009//1009 1006//1006 1008//1008 
f 1009//1009 1010//1010 1006//1006 
f 1006//1006 1010//1010 1011//1011 
f 1006//1006 1011//1011 1012//1012 
f 1013//1013 1006//1006 1012//1012 
f 1013//1013 1012//1012 1048//1048 
f 1049//1049 1048//1048 1012//1012 
f 1013//1013 1048//1048 1050//1050 
f 1014//1014 1013//1013 1051//1051 
f 1050//1050 1051//1051 1013//1013 
f 1014//1014 1006//1006 1013//1013 
f 1014//1014 1041//1041 1006//1006 
f 1006//1006 1041//1041 1053//1053 
f 1006//1006 1053//1053 1052//1052 
f 1006//1006 1052//1052 1043//1043 
f 1007//1007 1042//1042 1045//1045 
f 1009//1009 1047//1047 1054//1054 
f 1010//1010 1009//1009 1055//1055 
f 1054//1054 1055//1055 1009//1009 
f 1010//1010 1055//1055 1056//1056 
f 1011//1011 1010//1010 1057//1057 
f 1056//1056 1057//1057 1010//1010 
f 1011//1011 1057//1057 1058//1058 
f 1012//1012 1011//1011 1059//1059 
f 1058//1058 1059//1059 1011//1011 
f 1012//1012 1059//1059 1049//1049 
f 1014//1014 1051//1051 1060//1060 
f 1015//1015 1014//1014 1061//1061 
f 1060//1060 1061//1061 1014//1014 
f 1015//1015 1032//1032 1014//1014 
f 1014//1014 1032//1032 1033//1033 
f 1014//1014 1033//1033 1034//1034 
f 1034//1034 1035//1035 1014//1014 
f 1014//1014 1035//1035 1036//1036 
f 1014//1014 1036//1036 1037//1037 
f 1037//1037 1038//1038 1014//1014 
f 1014//1014 1038//1038 1039//1039 
f 1014//1014 1039//1039 1040//1040 
f 1040//1040 1041//1041 1014//1014 
f 1063//1063 1041//1041 1080//1080 
f 1041//1041 1063//1063 1062//1062 
f 1041//1041 1062//1062 1053//1053 
f 1032//1032 1064//1064 1033//1033 
f 1065//1065 1033//1033 1064//1064 
f 1033//1033 1065//1065 1066//1066 
f 1033//1033 1066//1066 1034//1034 
f 1067//1067 1034//1034 1066//1066 
f 1034//1034 1067//1067 1068//1068 
f 1034//1034 1068//1068 1035//1035 
f 1069//1069 1035//1035 1068//1068 
f 1035//1035 1069//1069 1070//1070 
f 1035//1035 1070//1070 1036//1036 
f 1071//1071 1036//1036 1070//1070 
f 1036//1036 1071//1071 1072//1072 
f 1036//1036 1072//1072 1037//1037 
f 1073//1073 1037//1037 1072//1072 
f 1037//1037 1073//1073 1074//1074 
f 1037//1037 1074//1074 1038//1038 
f 1075//1075 1038//1038 1074//1074 
f 1038//1038 1075//1075 1076//1076 
f 1038//1038 1076//1076 1039//1039 
f 1077//1077 1039//1039 1076//1076 
f 1039//1039 1077//1077 1078//1078 
f 1039//1039 1078//1078 1040//1040 
f 1079//1079 1040//1040 1078//1078 
f 1040//1040 1079//1079 1080//1080 
f 1040//1040 1080//1080 1041//1041 
f 1081//1081 1032//1032 1082//1082 
f 1032//1032 1081//1081 1064//1064 
f 1032//1032 1029//1029 1031//1031 
f 1031//1031 1029//1029 1030//1030 
f 1083//1083 1031//1031 1089//1089 
f 1031//1031 1083//1083 1082//1082 
f 1031//1031 1082//1082 1032//1032 
f 1015//1015 1061//1061 1084//1084 
f 1016//1016 1015//1015 1085//1085 
f 1084//1084 1085//1085 1015//1015 
f 1015//1015 1016//1016 1032//1032 
f 1032//1032 1016//1016 1017//1017 
f 1032//1032 1017//1017 1018//1018 
f 1018//1018 1019//1019 1032//1032 
f 1032//1032 1019//1019 1020//1020 
f 1032//1032 1020//1020 1021//1021 
f 1021//1021 1022//1022 1032//1032 
f 1032//1032 1022//1022 1023//1023 
f 1032//1032 1023//1023 1024//1024 
f 1024//1024 1025//1025 1032//1032 
f 1032//1032 1025//1025 1026//1026 
f 1032//1032 1026//1026 1027//1027 
f 1027//1027 1028//1028 1032//1032 
f 1032//1032 1028//1028 1029//1029 
f 1087//1087 1029//1029 1092//1092 
f 1029//1029 1087//1087 1086//1086 
f 1029//1029 1086//1086 1030//1030 
f 1088//1088 1030//1030 1086//1086 
f 1030//1030 1088//1088 1089//1089 
f 1030//1030 1089//1089 1031//1031 
f 1027//1027 1090//1090 1028//1028 
f 1091//1091 1028//1028 1090//1090 
f 1028//1028 1091//1091 1092//1092 
f 1028//1028 1092//1092 1029//1029 
f 1027//1027 1026//1026 1093//1093 
f 1027//1027 1093//1093 1090//1090 
f 1026//1026 1094//1094 1093//1093 
f 1026//1026 1025//1025 1095//1095 
f 1026//1026 1095//1095 1094//1094 
f 1025//1025 1096//1096 1095//1095 
f 1025//1025 1024//1024 1097//1097 
f 1025//1025 1097//1097 1096//1096 
f 1024//1024 1098//1098 1097//1097 
f 1024//1024 1023//1023 1099//1099 
f 1024//1024 1099//1099 1098//1098 
f 1023//1023 1100//1100 1099//1099 
f 1023//1023 1022//1022 1100//1100 
f 1101//1101 1100//1100 1022//1022 
f 1022//1022 1102//1102 1101//1101 
f 1022//1022 1021//1021 1102//1102 
f 1103//1103 1102//1102 1021//1021 
f 1021//1021 1104//1104 1103//1103 
f 1021//1021 1020//1020 1104//1104 
f 1105//1105 1104//1104 1020//1020 
f 1020//1020 1106//1106 1105//1105 
f 1020//1020 1019//1019 1106//1106 
f 1107//1107 1106//1106 1019//1019 
f 1019//1019 1108//1108 1107//1107 
f 1019//1019 1018//1018 1108//1108 
f 1109//1109 1108//1108 1018//1018 
f 1018//1018 1110//1110 1109//1109 
f 1018//1018 1017//1017 1110//1110 
f 1111//1111 1110//1110 1017//1017 
f 1017//1017 1112//1112 1111//1111 
f 1017//1017 1016//1016 1112//1112 
f 1113//1113 1112//1112 1016//1016 
f 1016//1016 1085//1085 1113//1113 
# mm_gid 4
g mmGroup4
f 1054//1054 1063//1063 1079//1079 
f 1042//1042 1043//1043 1045//1045 
f 1063//1063 1043//1043 1053//1053 
f 1053//1053 1043//1043 1052//1052 
f 1063//1063 1053//1053 1062//1062 
f 1111//1111 1065//1065 1081//1081 
f 1079//1079 1063//1063 1080//1080 
f 1060//1060 1071//1071 1069//1069 
f 1077//1077 1079//1079 1078//1078 
f 1113//1113 1069//1069 1067//1067 
f 1060//1060 1073//1073 1071//1071 
f 1075//1075 1077//1077 1076//1076 
f 1071//1071 1073//1073 1072//1072 
f 1073//1073 1075//1075 1074//1074 
f 1069//1069 1071//1071 1070//1070 
f 1103//1103 1087//1087 1101//1101 
f 1067//1067 1069//1069 1068//1068 
f 1111//1111 1067//1067 1065//1065 
f 1065//1065 1067//1067 1066//1066 
f 1054//1054 1043//1043 1063//1063 
f 1081//1081 1065//1065 1064//1064 
f 1105//1105 1083//1083 1088//1088 
f 1101//1101 1095//1095 1097//1097 
f 1056//1056 1079//1079 1077//1077 
f 1083//1083 1081//1081 1082//1082 
f 1088//1088 1083//1083 1089//1089 
f 1101//1101 1087//1087 1091//1091 
f 1087//1087 1088//1088 1086//1086 
f 1058//1058 1077//1077 1075//1075 
f 1091//1091 1087//1087 1092//1092 
f 1101//1101 1091//1091 1095//1095 
f 1095//1095 1091//1091 1093//1093 
f 1093//1093 1091//1091 1090//1090 
f 1103//1103 1088//1088 1087//1087 
f 1095//1095 1093//1093 1094//1094 
f 1097//1097 1095//1095 1096//1096 
f 1050//1050 1075//1075 1073//1073 
f 1099//1099 1097//1097 1098//1098 
f 1101//1101 1097//1097 1099//1099 
f 1103//1103 1101//1101 1102//1102 
f 1101//1101 1099//1099 1100//1100 
f 1105//1105 1088//1088 1103//1103 
f 1105//1105 1103//1103 1104//1104 
f 1107//1107 1083//1083 1105//1105 
f 1107//1107 1105//1105 1106//1106 
f 1109//1109 1081//1081 1083//1083 
f 1109//1109 1083//1083 1107//1107 
f 1109//1109 1107//1107 1108//1108 
f 1111//1111 1081//1081 1109//1109 
f 1111//1111 1109//1109 1110//1110 
f 1113//1113 1067//1067 1111//1111 
f 1113//1113 1111//1111 1112//1112 
f 1084//1084 1069//1069 1113//1113 
f 1084//1084 1113//1113 1085//1085 
f 1060//1060 1069//1069 1084//1084 
f 1060//1060 1084//1084 1061//1061 
f 1050//1050 1073//1073 1060//1060 
f 1050//1050 1060//1060 1051//1051 
f 1049//1049 1075//1075 1050//1050 
f 1049//1049 1050//1050 1048//1048 
f 1058//1058 1075//1075 1049//1049 
f 1058//1058 1049//1049 1059//1059 
f 1056//1056 1077//1077 1058//1058 
f 1056//1056 1058//1058 1057//1057 
f 1054//1054 1079//1079 1056//1056 
f 1054//1054 1056//1056 1055//1055 
f 1045//1045 1043//1043 1054//1054 
f 1046//1046 1054//1054 1047//1047 
f 1045//1045 1054//1054 1046//1046 
f 1045//1045 1046//1046 1044//1044 
# mm_gid 6
g mmGroup6
f 1114//1114 1115//1115 1116//1116 
f 1339//1339 1114//1114 1116//1116 
f 1339//1339 1116//1116 1340//1340 
f 1340//1340 1486//1486 1339//1339 
f 1339//1339 1486//1486 1435//1435 
f 1339//1339 1435//1435 1338//1338 
f 1338//1338 1114//1114 1339//1339 
f 1338//1338 1300//1300 1114//1114 
f 1300//1300 1302//1302 1114//1114 
f 1114//1114 1302//1302 1303//1303 
f 1114//1114 1303//1303 1115//1115 
f 1526//1526 1115//1115 1303//1303 
f 1303//1303 1302//1302 1526//1526 
f 1526//1526 1302//1302 1301//1301 
f 1526//1526 1301//1301 1527//1527 
f 1527//1527 1603//1603 1526//1526 
f 1526//1526 1603//1603 1604//1604 
f 1526//1526 1604//1604 1525//1525 
f 1525//1525 1115//1115 1526//1526 
f 1525//1525 1117//1117 1115//1115 
f 1116//1116 1115//1115 1117//1117 
f 1116//1116 1117//1117 1118//1118 
f 1340//1340 1116//1116 1118//1118 
f 1340//1340 1118//1118 1341//1341 
f 1341//1341 1485//1485 1340//1340 
f 1340//1340 1485//1485 1486//1486 
f 1435//1435 1486//1486 1485//1485 
f 1484//1484 1435//1435 1485//1485 
f 1341//1341 1484//1484 1485//1485 
f 1342//1342 1484//1484 1341//1341 
f 1341//1341 1122//1122 1342//1342 
f 1342//1342 1122//1122 1127//1127 
f 1342//1342 1127//1127 1343//1343 
f 1343//1343 1483//1483 1342//1342 
f 1342//1342 1483//1483 1484//1484 
f 1483//1483 1435//1435 1484//1484 
f 1483//1483 1436//1436 1435//1435 
f 1338//1338 1435//1435 1436//1436 
f 1338//1338 1436//1436 1337//1337 
f 1337//1337 1300//1300 1338//1338 
f 1337//1337 1295//1295 1300//1300 
f 1295//1295 1299//1299 1300//1300 
f 1299//1299 1301//1301 1300//1300 
f 1300//1300 1301//1301 1302//1302 
f 1527//1527 1301//1301 1299//1299 
f 1527//1527 1299//1299 1528//1528 
f 1528//1528 1602//1602 1527//1527 
f 1527//1527 1602//1602 1603//1603 
f 1602//1602 1681//1681 1603//1603 
f 1603//1603 1681//1681 1682//1682 
f 1603//1603 1682//1682 1604//1604 
f 1604//1604 1682//1682 1683//1683 
f 1604//1604 1683//1683 1605//1605 
f 1525//1525 1604//1604 1605//1605 
f 1525//1525 1605//1605 1524//1524 
f 1524//1524 1117//1117 1525//1525 
f 1524//1524 1119//1119 1117//1117 
f 1118//1118 1117//1117 1119//1119 
f 1118//1118 1119//1119 1120//1120 
f 1124//1124 1118//1118 1120//1120 
f 1523//1523 1124//1124 1120//1120 
f 1523//1523 1120//1120 1524//1524 
f 1524//1524 1606//1606 1523//1523 
f 1523//1523 1606//1606 1607//1607 
f 1523//1523 1607//1607 1522//1522 
f 1522//1522 1123//1123 1523//1523 
f 1123//1123 1124//1124 1523//1523 
f 1123//1123 1118//1118 1124//1124 
f 1123//1123 1122//1122 1118//1118 
f 1341//1341 1118//1118 1122//1122 
f 1121//1121 1122//1122 1123//1123 
f 1522//1522 1121//1121 1123//1123 
f 1521//1521 1121//1121 1522//1522 
f 1522//1522 1608//1608 1521//1521 
f 1521//1521 1608//1608 1609//1609 
f 1521//1521 1609//1609 1520//1520 
f 1520//1520 1126//1126 1521//1521 
f 1126//1126 1125//1125 1521//1521 
f 1521//1521 1125//1125 1121//1121 
f 1121//1121 1125//1125 1122//1122 
f 1122//1122 1125//1125 1126//1126 
f 1122//1122 1126//1126 1127//1127 
f 1126//1126 1128//1128 1127//1127 
f 1127//1127 1128//1128 1129//1129 
f 1127//1127 1129//1129 1130//1130 
f 1343//1343 1127//1127 1130//1130 
f 1343//1343 1130//1130 1318//1318 
f 1318//1318 1482//1482 1343//1343 
f 1343//1343 1482//1482 1483//1483 
f 1482//1482 1452//1452 1483//1483 
f 1452//1452 1451//1451 1483//1483 
f 1483//1483 1451//1451 1450//1450 
f 1483//1483 1450//1450 1449//1449 
f 1449//1449 1448//1448 1483//1483 
f 1483//1483 1448//1448 1447//1447 
f 1483//1483 1447//1447 1446//1446 
f 1446//1446 1445//1445 1483//1483 
f 1483//1483 1445//1445 1444//1444 
f 1483//1483 1444//1444 1443//1443 
f 1443//1443 1442//1442 1483//1483 
f 1483//1483 1442//1442 1441//1441 
f 1483//1483 1441//1441 1440//1440 
f 1440//1440 1439//1439 1483//1483 
f 1483//1483 1439//1439 1438//1438 
f 1483//1483 1438//1438 1437//1437 
f 1437//1437 1436//1436 1483//1483 
f 1337//1337 1436//1436 1437//1437 
f 1337//1337 1437//1437 1336//1336 
f 1336//1336 1295//1295 1337//1337 
f 1336//1336 1293//1293 1295//1295 
f 1296//1296 1295//1295 1293//1293 
f 1296//1296 1293//1293 1297//1297 
f 1296//1296 1297//1297 1530//1530 
f 1529//1529 1296//1296 1530//1530 
f 1530//1530 1600//1600 1529//1529 
f 1529//1529 1600//1600 1601//1601 
f 1529//1529 1601//1601 1528//1528 
f 1528//1528 1294//1294 1529//1529 
f 1529//1529 1294//1294 1296//1296 
f 1294//1294 1295//1295 1296//1296 
f 1294//1294 1298//1298 1295//1295 
f 1295//1295 1298//1298 1299//1299 
f 1299//1299 1298//1298 1528//1528 
f 1528//1528 1298//1298 1294//1294 
f 1528//1528 1601//1601 1602//1602 
f 1601//1601 1680//1680 1602//1602 
f 1602//1602 1680//1680 1681//1681 
f 1680//1680 1759//1759 1681//1681 
f 1681//1681 1759//1759 1760//1760 
f 1681//1681 1760//1760 1682//1682 
f 1682//1682 1760//1760 1761//1761 
f 1682//1682 1761//1761 1683//1683 
f 1683//1683 1761//1761 1762//1762 
f 1683//1683 1762//1762 1684//1684 
f 1605//1605 1683//1683 1684//1684 
f 1605//1605 1684//1684 1606//1606 
f 1524//1524 1605//1605 1606//1606 
f 1606//1606 1684//1684 1685//1685 
f 1606//1606 1685//1685 1607//1607 
f 1607//1607 1685//1685 1686//1686 
f 1607//1607 1686//1686 1608//1608 
f 1522//1522 1607//1607 1608//1608 
f 1608//1608 1686//1686 1687//1687 
f 1608//1608 1687//1687 1609//1609 
f 1609//1609 1687//1687 1688//1688 
f 1609//1609 1688//1688 1610//1610 
f 1520//1520 1609//1609 1610//1610 
f 1520//1520 1610//1610 1519//1519 
f 1519//1519 1128//1128 1520//1520 
f 1520//1520 1128//1128 1126//1126 
f 1519//1519 1129//1129 1128//1128 
f 1131//1131 1129//1129 1519//1519 
f 1518//1518 1131//1131 1519//1519 
f 1519//1519 1611//1611 1518//1518 
f 1518//1518 1611//1611 1612//1612 
f 1518//1518 1612//1612 1517//1517 
f 1517//1517 1134//1134 1518//1518 
f 1134//1134 1132//1132 1518//1518 
f 1518//1518 1132//1132 1131//1131 
f 1130//1130 1131//1131 1132//1132 
f 1130//1130 1132//1132 1133//1133 
f 1318//1318 1130//1130 1133//1133 
f 1318//1318 1133//1133 1135//1135 
f 1318//1318 1135//1135 1319//1319 
f 1319//1319 1481//1481 1318//1318 
f 1318//1318 1481//1481 1482//1482 
f 1481//1481 1452//1452 1482//1482 
f 1481//1481 1453//1453 1452//1452 
f 1346//1346 1452//1452 1453//1453 
f 1346//1346 1453//1453 1345//1345 
f 1345//1345 1237//1237 1346//1346 
f 1346//1346 1237//1237 1242//1242 
f 1346//1346 1242//1242 1347//1347 
f 1347//1347 1452//1452 1346//1346 
f 1347//1347 1451//1451 1452//1452 
f 1348//1348 1451//1451 1347//1347 
f 1347//1347 1245//1245 1348//1348 
f 1348//1348 1245//1245 1248//1248 
f 1348//1348 1248//1248 1349//1349 
f 1349//1349 1450//1450 1348//1348 
f 1348//1348 1450//1450 1451//1451 
f 1349//1349 1449//1449 1450//1450 
f 1350//1350 1449//1449 1349//1349 
f 1349//1349 1250//1250 1350//1350 
f 1350//1350 1250//1250 1254//1254 
f 1350//1350 1254//1254 1351//1351 
f 1351//1351 1448//1448 1350//1350 
f 1350//1350 1448//1448 1449//1449 
f 1351//1351 1447//1447 1448//1448 
f 1352//1352 1447//1447 1351//1351 
f 1351//1351 1259//1259 1352//1352 
f 1352//1352 1259//1259 1262//1262 
f 1352//1352 1262//1262 1353//1353 
f 1353//1353 1446//1446 1352//1352 
f 1352//1352 1446//1446 1447//1447 
f 1353//1353 1445//1445 1446//1446 
f 1354//1354 1445//1445 1353//1353 
f 1353//1353 1265//1265 1354//1354 
f 1354//1354 1265//1265 1267//1267 
f 1354//1354 1267//1267 1355//1355 
f 1355//1355 1444//1444 1354//1354 
f 1354//1354 1444//1444 1445//1445 
f 1355//1355 1443//1443 1444//1444 
f 1331//1331 1443//1443 1355//1355 
f 1355//1355 1271//1271 1331//1331 
f 1331//1331 1271//1271 1276//1276 
f 1331//1331 1276//1276 1278//1278 
f 1331//1331 1278//1278 1332//1332 
f 1332//1332 1442//1442 1331//1331 
f 1331//1331 1442//1442 1443//1443 
f 1332//1332 1441//1441 1442//1442 
f 1333//1333 1441//1441 1332//1332 
f 1332//1332 1283//1283 1333//1333 
f 1333//1333 1283//1283 1286//1286 
f 1333//1333 1286//1286 1334//1334 
f 1334//1334 1440//1440 1333//1333 
f 1333//1333 1440//1440 1441//1441 
f 1334//1334 1439//1439 1440//1440 
f 1335//1335 1439//1439 1334//1334 
f 1334//1334 1288//1288 1335//1335 
f 1335//1335 1288//1288 1293//1293 
f 1335//1335 1293//1293 1336//1336 
f 1336//1336 1438//1438 1335//1335 
f 1335//1335 1438//1438 1439//1439 
f 1336//1336 1437//1437 1438//1438 
f 1288//1288 1292//1292 1293//1293 
f 1297//1297 1293//1293 1292//1292 
f 1530//1530 1297//1297 1292//1292 
f 1530//1530 1292//1292 1531//1531 
f 1531//1531 1599//1599 1530//1530 
f 1530//1530 1599//1599 1600//1600 
f 1599//1599 1678//1678 1600//1600 
f 1600//1600 1678//1678 1679//1679 
f 1600//1600 1679//1679 1601//1601 
f 1601//1601 1679//1679 1680//1680 
f 1679//1679 1758//1758 1680//1680 
f 1680//1680 1758//1758 1759//1759 
f 1758//1758 1837//1837 1759//1759 
f 1759//1759 1837//1837 1838//1838 
f 1759//1759 1838//1838 1760//1760 
f 1760//1760 1838//1838 1839//1839 
f 1760//1760 1839//1839 1761//1761 
f 1761//1761 1839//1839 1840//1840 
f 1761//1761 1840//1840 1762//1762 
f 1762//1762 1840//1840 1841//1841 
f 1762//1762 1841//1841 1763//1763 
f 1684//1684 1762//1762 1763//1763 
f 1684//1684 1763//1763 1685//1685 
f 1685//1685 1763//1763 1764//1764 
f 1685//1685 1764//1764 1686//1686 
f 1686//1686 1764//1764 1765//1765 
f 1686//1686 1765//1765 1687//1687 
f 1687//1687 1765//1765 1766//1766 
f 1687//1687 1766//1766 1688//1688 
f 1688//1688 1766//1766 1767//1767 
f 1688//1688 1767//1767 1689//1689 
f 1610//1610 1688//1688 1689//1689 
f 1610//1610 1689//1689 1611//1611 
f 1519//1519 1610//1610 1611//1611 
f 1611//1611 1689//1689 1690//1690 
f 1611//1611 1690//1690 1612//1612 
f 1612//1612 1690//1690 1691//1691 
f 1612//1612 1691//1691 1613//1613 
f 1517//1517 1612//1612 1613//1613 
f 1517//1517 1613//1613 1516//1516 
f 1516//1516 1137//1137 1517//1517 
f 1137//1137 1136//1136 1517//1517 
f 1517//1517 1136//1136 1134//1134 
f 1135//1135 1134//1134 1136//1136 
f 1135//1135 1136//1136 1137//1137 
f 1141//1141 1135//1135 1137//1137 
f 1516//1516 1141//1141 1137//1137 
f 1140//1140 1141//1141 1516//1516 
f 1515//1515 1140//1140 1516//1516 
f 1516//1516 1614//1614 1515//1515 
f 1515//1515 1614//1614 1615//1615 
f 1515//1515 1615//1615 1514//1514 
f 1514//1514 1138//1138 1515//1515 
f 1515//1515 1138//1138 1140//1140 
f 1138//1138 1139//1139 1140//1140 
f 1140//1140 1139//1139 1135//1135 
f 1140//1140 1135//1135 1141//1141 
f 1319//1319 1135//1135 1139//1139 
f 1319//1319 1139//1139 1320//1320 
f 1320//1320 1480//1480 1319//1319 
f 1319//1319 1480//1480 1481//1481 
f 1481//1481 1480//1480 1455//1455 
f 1481//1481 1455//1455 1454//1454 
f 1454//1454 1453//1453 1481//1481 
f 1345//1345 1453//1453 1454//1454 
f 1345//1345 1454//1454 1344//1344 
f 1344//1344 1235//1235 1345//1345 
f 1345//1345 1235//1235 1237//1237 
f 1238//1238 1237//1237 1235//1235 
f 1238//1238 1235//1235 1239//1239 
f 1238//1238 1239//1239 1554//1554 
f 1553//1553 1238//1238 1554//1554 
f 1554//1554 1576//1576 1553//1553 
f 1553//1553 1576//1576 1577//1577 
f 1553//1553 1577//1577 1552//1552 
f 1552//1552 1236//1236 1553//1553 
f 1553//1553 1236//1236 1238//1238 
f 1236//1236 1237//1237 1238//1238 
f 1236//1236 1240//1240 1237//1237 
f 1237//1237 1240//1240 1241//1241 
f 1237//1237 1241//1241 1242//1242 
f 1241//1241 1243//1243 1242//1242 
f 1242//1242 1243//1243 1244//1244 
f 1242//1242 1244//1244 1245//1245 
f 1347//1347 1242//1242 1245//1245 
f 1244//1244 1246//1246 1245//1245 
f 1245//1245 1246//1246 1247//1247 
f 1245//1245 1247//1247 1248//1248 
f 1248//1248 1247//1247 1249//1249 
f 1248//1248 1249//1249 1250//1250 
f 1349//1349 1248//1248 1250//1250 
f 1250//1250 1249//1249 1251//1251 
f 1250//1250 1251//1251 1252//1252 
f 1256//1256 1250//1250 1252//1252 
f 1547//1547 1256//1256 1252//1252 
f 1547//1547 1252//1252 1548//1548 
f 1548//1548 1582//1582 1547//1547 
f 1547//1547 1582//1582 1583//1583 
f 1547//1547 1583//1583 1546//1546 
f 1546//1546 1255//1255 1547//1547 
f 1255//1255 1256//1256 1547//1547 
f 1255//1255 1250//1250 1256//1256 
f 1255//1255 1254//1254 1250//1250 
f 1253//1253 1254//1254 1255//1255 
f 1546//1546 1253//1253 1255//1255 
f 1545//1545 1253//1253 1546//1546 
f 1546//1546 1584//1584 1545//1545 
f 1545//1545 1584//1584 1585//1585 
f 1545//1545 1585//1585 1544//1544 
f 1544//1544 1258//1258 1545//1545 
f 1258//1258 1257//1257 1545//1545 
f 1545//1545 1257//1257 1253//1253 
f 1253//1253 1257//1257 1254//1254 
f 1254//1254 1257//1257 1258//1258 
f 1254//1254 1258//1258 1259//1259 
f 1351//1351 1254//1254 1259//1259 
f 1258//1258 1260//1260 1259//1259 
f 1259//1259 1260//1260 1261//1261 
f 1259//1259 1261//1261 1262//1262 
f 1261//1261 1263//1263 1262//1262 
f 1262//1262 1263//1263 1264//1264 
f 1262//1262 1264//1264 1265//1265 
f 1353//1353 1262//1262 1265//1265 
f 1265//1265 1264//1264 1266//1266 
f 1265//1265 1266//1266 1267//1267 
f 1267//1267 1266//1266 1268//1268 
f 1267//1267 1268//1268 1269//1269 
f 1273//1273 1267//1267 1269//1269 
f 1540//1540 1273//1273 1269//1269 
f 1540//1540 1269//1269 1541//1541 
f 1541//1541 1589//1589 1540//1540 
f 1540//1540 1589//1589 1590//1590 
f 1540//1540 1590//1590 1539//1539 
f 1539//1539 1272//1272 1540//1540 
f 1272//1272 1273//1273 1540//1540 
f 1272//1272 1267//1267 1273//1273 
f 1272//1272 1271//1271 1267//1267 
f 1355//1355 1267//1267 1271//1271 
f 1270//1270 1271//1271 1272//1272 
f 1539//1539 1270//1270 1272//1272 
f 1538//1538 1270//1270 1539//1539 
f 1539//1539 1591//1591 1538//1538 
f 1538//1538 1591//1591 1592//1592 
f 1538//1538 1592//1592 1537//1537 
f 1537//1537 1275//1275 1538//1538 
f 1275//1275 1274//1274 1538//1538 
f 1538//1538 1274//1274 1270//1270 
f 1270//1270 1274//1274 1271//1271 
f 1271//1271 1274//1274 1275//1275 
f 1271//1271 1275//1275 1276//1276 
f 1280//1280 1276//1276 1275//1275 
f 1537//1537 1280//1280 1275//1275 
f 1279//1279 1280//1280 1537//1537 
f 1536//1536 1279//1279 1537//1537 
f 1537//1537 1593//1593 1536//1536 
f 1536//1536 1593//1593 1594//1594 
f 1536//1536 1594//1594 1535//1535 
f 1535//1535 1277//1277 1536//1536 
f 1536//1536 1277//1277 1279//1279 
f 1277//1277 1278//1278 1279//1279 
f 1279//1279 1278//1278 1276//1276 
f 1279//1279 1276//1276 1280//1280 
f 1277//1277 1281//1281 1278//1278 
f 1278//1278 1281//1281 1282//1282 
f 1278//1278 1282//1282 1283//1283 
f 1332//1332 1278//1278 1283//1283 
f 1282//1282 1284//1284 1283//1283 
f 1283//1283 1284//1284 1285//1285 
f 1283//1283 1285//1285 1286//1286 
f 1290//1290 1286//1286 1285//1285 
f 1290//1290 1285//1285 1533//1533 
f 1533//1533 1289//1289 1290//1290 
f 1289//1289 1286//1286 1290//1290 
f 1289//1289 1288//1288 1286//1286 
f 1334//1334 1286//1286 1288//1288 
f 1287//1287 1288//1288 1289//1289 
f 1532//1532 1287//1287 1289//1289 
f 1532//1532 1289//1289 1533//1533 
f 1533//1533 1597//1597 1532//1532 
f 1532//1532 1597//1597 1598//1598 
f 1532//1532 1598//1598 1531//1531 
f 1531//1531 1287//1287 1532//1532 
f 1531//1531 1291//1291 1287//1287 
f 1287//1287 1291//1291 1288//1288 
f 1288//1288 1291//1291 1292//1292 
f 1292//1292 1291//1291 1531//1531 
f 1531//1531 1598//1598 1599//1599 
f 1598//1598 1677//1677 1599//1599 
f 1599//1599 1677//1677 1678//1678 
f 1677//1677 1756//1756 1678//1678 
f 1678//1678 1756//1756 1757//1757 
f 1678//1678 1757//1757 1679//1679 
f 1679//1679 1757//1757 1758//1758 
f 1757//1757 1836//1836 1758//1758 
f 1758//1758 1836//1836 1837//1837 
f 1836//1836 1915//1915 1837//1837 
f 1837//1837 1915//1915 1916//1916 
f 1837//1837 1916//1916 1838//1838 
f 1838//1838 1916//1916 1917//1917 
f 1838//1838 1917//1917 1839//1839 
f 1839//1839 1917//1917 1918//1918 
f 1839//1839 1918//1918 1840//1840 
f 1840//1840 1918//1918 1919//1919 
f 1840//1840 1919//1919 1841//1841 
f 1841//1841 1919//1919 1920//1920 
f 1841//1841 1920//1920 1842//1842 
f 1763//1763 1841//1841 1842//1842 
f 1763//1763 1842//1842 1764//1764 
f 1764//1764 1842//1842 1843//1843 
f 1764//1764 1843//1843 1765//1765 
f 1765//1765 1843//1843 1844//1844 
f 1765//1765 1844//1844 1766//1766 
f 1766//1766 1844//1844 1845//1845 
f 1766//1766 1845//1845 1767//1767 
f 1767//1767 1845//1845 1846//1846 
f 1767//1767 1846//1846 1768//1768 
f 1689//1689 1767//1767 1768//1768 
f 1689//1689 1768//1768 1690//1690 
f 1690//1690 1768//1768 1769//1769 
f 1690//1690 1769//1769 1691//1691 
f 1691//1691 1769//1769 1770//1770 
f 1691//1691 1770//1770 1692//1692 
f 1613//1613 1691//1691 1692//1692 
f 1613//1613 1692//1692 1614//1614 
f 1516//1516 1613//1613 1614//1614 
f 1614//1614 1692//1692 1693//1693 
f 1614//1614 1693//1693 1615//1615 
f 1615//1615 1693//1693 1694//1694 
f 1615//1615 1694//1694 1616//1616 
f 1514//1514 1615//1615 1616//1616 
f 1514//1514 1616//1616 1513//1513 
f 1513//1513 1143//1143 1514//1514 
f 1143//1143 1142//1142 1514//1514 
f 1514//1514 1142//1142 1138//1138 
f 1138//1138 1142//1142 1139//1139 
f 1139//1139 1142//1142 1143//1143 
f 1139//1139 1143//1143 1144//1144 
f 1320//1320 1139//1139 1144//1144 
f 1320//1320 1144//1144 1321//1321 
f 1321//1321 1479//1479 1320//1320 
f 1320//1320 1479//1479 1480//1480 
f 1455//1455 1480//1480 1479//1479 
f 1455//1455 1479//1479 1478//1478 
f 1478//1478 1477//1477 1455//1455 
f 1455//1455 1477//1477 1476//1476 
f 1455//1455 1476//1476 1475//1475 
f 1455//1455 1475//1475 1474//1474 
f 1474//1474 1473//1473 1455//1455 
f 1455//1455 1473//1473 1472//1472 
f 1455//1455 1472//1472 1471//1471 
f 1470//1470 1455//1455 1471//1471 
f 1329//1329 1470//1470 1471//1471 
f 1329//1329 1471//1471 1328//1328 
f 1328//1328 1171//1171 1329//1329 
f 1329//1329 1171//1171 1174//1174 
f 1329//1329 1174//1174 1330//1330 
f 1330//1330 1470//1470 1329//1329 
f 1330//1330 1469//1469 1470//1470 
f 1469//1469 1455//1455 1470//1470 
f 1469//1469 1468//1468 1455//1455 
f 1455//1455 1468//1468 1467//1467 
f 1455//1455 1467//1467 1456//1456 
f 1317//1317 1455//1455 1456//1456 
f 1317//1317 1456//1456 1316//1316 
f 1316//1316 1225//1225 1317//1317 
f 1225//1225 1228//1228 1317//1317 
f 1317//1317 1228//1228 1230//1230 
f 1317//1317 1230//1230 1344//1344 
f 1344//1344 1455//1455 1317//1317 
f 1344//1344 1454//1454 1455//1455 
f 1344//1344 1230//1230 1235//1235 
f 1230//1230 1234//1234 1235//1235 
f 1239//1239 1235//1235 1234//1234 
f 1554//1554 1239//1239 1234//1234 
f 1554//1554 1234//1234 1555//1555 
f 1555//1555 1575//1575 1554//1554 
f 1554//1554 1575//1575 1576//1576 
f 1575//1575 1654//1654 1576//1576 
f 1576//1576 1654//1654 1655//1655 
f 1576//1576 1655//1655 1577//1577 
f 1577//1577 1655//1655 1656//1656 
f 1577//1577 1656//1656 1578//1578 
f 1552//1552 1577//1577 1578//1578 
f 1552//1552 1578//1578 1551//1551 
f 1551//1551 1241//1241 1552//1552 
f 1241//1241 1240//1240 1552//1552 
f 1552//1552 1240//1240 1236//1236 
f 1551//1551 1243//1243 1241//1241 
f 1550//1550 1243//1243 1551//1551 
f 1551//1551 1579//1579 1550//1550 
f 1550//1550 1579//1579 1580//1580 
f 1550//1550 1580//1580 1549//1549 
f 1549//1549 1246//1246 1550//1550 
f 1246//1246 1244//1244 1550//1550 
f 1550//1550 1244//1244 1243//1243 
f 1549//1549 1247//1247 1246//1246 
f 1249//1249 1247//1247 1549//1549 
f 1548//1548 1249//1249 1549//1549 
f 1549//1549 1581//1581 1548//1548 
f 1548//1548 1581//1581 1582//1582 
f 1581//1581 1660//1660 1582//1582 
f 1582//1582 1660//1660 1661//1661 
f 1582//1582 1661//1661 1583//1583 
f 1583//1583 1661//1661 1662//1662 
f 1583//1583 1662//1662 1584//1584 
f 1546//1546 1583//1583 1584//1584 
f 1584//1584 1662//1662 1663//1663 
f 1584//1584 1663//1663 1585//1585 
f 1585//1585 1663//1663 1664//1664 
f 1585//1585 1664//1664 1586//1586 
f 1544//1544 1585//1585 1586//1586 
f 1544//1544 1586//1586 1543//1543 
f 1543//1543 1261//1261 1544//1544 
f 1261//1261 1260//1260 1544//1544 
f 1544//1544 1260//1260 1258//1258 
f 1543//1543 1263//1263 1261//1261 
f 1542//1542 1263//1263 1543//1543 
f 1543//1543 1587//1587 1542//1542 
f 1542//1542 1587//1587 1588//1588 
f 1542//1542 1588//1588 1541//1541 
f 1541//1541 1266//1266 1542//1542 
f 1266//1266 1264//1264 1542//1542 
f 1542//1542 1264//1264 1263//1263 
f 1541//1541 1268//1268 1266//1266 
f 1269//1269 1268//1268 1541//1541 
f 1541//1541 1588//1588 1589//1589 
f 1588//1588 1667//1667 1589//1589 
f 1589//1589 1667//1667 1668//1668 
f 1589//1589 1668//1668 1590//1590 
f 1590//1590 1668//1668 1669//1669 
f 1590//1590 1669//1669 1591//1591 
f 1539//1539 1590//1590 1591//1591 
f 1591//1591 1669//1669 1670//1670 
f 1591//1591 1670//1670 1592//1592 
f 1592//1592 1670//1670 1671//1671 
f 1592//1592 1671//1671 1593//1593 
f 1537//1537 1592//1592 1593//1593 
f 1593//1593 1671//1671 1672//1672 
f 1593//1593 1672//1672 1594//1594 
f 1594//1594 1672//1672 1673//1673 
f 1594//1594 1673//1673 1595//1595 
f 1535//1535 1594//1594 1595//1595 
f 1535//1535 1595//1595 1534//1534 
f 1534//1534 1282//1282 1535//1535 
f 1282//1282 1281//1281 1535//1535 
f 1535//1535 1281//1281 1277//1277 
f 1534//1534 1284//1284 1282//1282 
f 1533//1533 1284//1284 1534//1534 
f 1534//1534 1596//1596 1533//1533 
f 1533//1533 1596//1596 1597//1597 
f 1596//1596 1675//1675 1597//1597 
f 1597//1597 1675//1675 1676//1676 
f 1597//1597 1676//1676 1598//1598 
f 1598//1598 1676//1676 1677//1677 
f 1676//1676 1755//1755 1677//1677 
f 1677//1677 1755//1755 1756//1756 
f 1755//1755 1834//1834 1756//1756 
f 1756//1756 1834//1834 1835//1835 
f 1756//1756 1835//1835 1757//1757 
f 1757//1757 1835//1835 1836//1836 
f 1835//1835 1914//1914 1836//1836 
f 1836//1836 1914//1914 1915//1915 
f 1914//1914 1993//1993 1915//1915 
f 1915//1915 1993//1993 1994//1994 
f 1915//1915 1994//1994 1916//1916 
f 1916//1916 1994//1994 1995//1995 
f 1916//1916 1995//1995 1917//1917 
f 1917//1917 1995//1995 1996//1996 
f 1917//1917 1996//1996 1918//1918 
f 1918//1918 1996//1996 1997//1997 
f 1918//1918 1997//1997 1919//1919 
f 1919//1919 1997//1997 1998//1998 
f 1919//1919 1998//1998 1920//1920 
f 1920//1920 1998//1998 1999//1999 
f 1920//1920 1999//1999 1921//1921 
f 1842//1842 1920//1920 1921//1921 
f 1842//1842 1921//1921 1843//1843 
f 1843//1843 1921//1921 1922//1922 
f 1843//1843 1922//1922 1844//1844 
f 1844//1844 1922//1922 1923//1923 
f 1844//1844 1923//1923 1845//1845 
f 1845//1845 1923//1923 1924//1924 
f 1845//1845 1924//1924 1846//1846 
f 1846//1846 1924//1924 1925//1925 
f 1846//1846 1925//1925 1847//1847 
f 1768//1768 1846//1846 1847//1847 
f 1768//1768 1847//1847 1769//1769 
f 1769//1769 1847//1847 1848//1848 
f 1769//1769 1848//1848 1770//1770 
f 1770//1770 1848//1848 1849//1849 
f 1770//1770 1849//1849 1771//1771 
f 1692//1692 1770//1770 1771//1771 
f 1692//1692 1771//1771 1693//1693 
f 1693//1693 1771//1771 1772//1772 
f 1693//1693 1772//1772 1694//1694 
f 1694//1694 1772//1772 1773//1773 
f 1694//1694 1773//1773 1695//1695 
f 1616//1616 1694//1694 1695//1695 
f 1616//1616 1695//1695 1617//1617 
f 1513//1513 1616//1616 1617//1617 
f 1513//1513 1617//1617 1512//1512 
f 1512//1512 1147//1147 1513//1513 
f 1147//1147 1148//1148 1513//1513 
f 1513//1513 1148//1148 1143//1143 
f 1148//1148 1144//1144 1143//1143 
f 1147//1147 1144//1144 1148//1148 
f 1147//1147 1146//1146 1144//1144 
f 1321//1321 1144//1144 1146//1146 
f 1321//1321 1146//1146 1322//1322 
f 1322//1322 1478//1478 1321//1321 
f 1321//1321 1478//1478 1479//1479 
f 1322//1322 1477//1477 1478//1478 
f 1323//1323 1477//1477 1322//1322 
f 1322//1322 1151//1151 1323//1323 
f 1323//1323 1151//1151 1154//1154 
f 1323//1323 1154//1154 1324//1324 
f 1324//1324 1476//1476 1323//1323 
f 1323//1323 1476//1476 1477//1477 
f 1324//1324 1475//1475 1476//1476 
f 1325//1325 1475//1475 1324//1324 
f 1324//1324 1156//1156 1325//1325 
f 1325//1325 1156//1156 1161//1161 
f 1325//1325 1161//1161 1326//1326 
f 1326//1326 1474//1474 1325//1325 
f 1325//1325 1474//1474 1475//1475 
f 1326//1326 1473//1473 1474//1474 
f 1327//1327 1473//1473 1326//1326 
f 1326//1326 1163//1163 1327//1327 
f 1327//1327 1163//1163 1168//1168 
f 1327//1327 1168//1168 1328//1328 
f 1328//1328 1472//1472 1327//1327 
f 1327//1327 1472//1472 1473//1473 
f 1328//1328 1471//1471 1472//1472 
f 1328//1328 1168//1168 1171//1171 
f 1168//1168 1170//1170 1171//1171 
f 1170//1170 1172//1172 1171//1171 
f 1171//1171 1172//1172 1173//1173 
f 1171//1171 1173//1173 1174//1174 
f 1174//1174 1173//1173 1175//1175 
f 1174//1174 1175//1175 1176//1176 
f 1330//1330 1174//1174 1176//1176 
f 1330//1330 1176//1176 1304//1304 
f 1304//1304 1469//1469 1330//1330 
f 1304//1304 1468//1468 1469//1469 
f 1305//1305 1468//1468 1304//1304 
f 1304//1304 1185//1185 1305//1305 
f 1305//1305 1185//1185 1188//1188 
f 1305//1305 1188//1188 1306//1306 
f 1306//1306 1467//1467 1305//1305 
f 1305//1305 1467//1467 1468//1468 
f 1306//1306 1466//1466 1467//1467 
f 1456//1456 1467//1467 1466//1466 
f 1456//1456 1466//1466 1465//1465 
f 1464//1464 1456//1456 1465//1465 
f 1308//1308 1464//1464 1465//1465 
f 1308//1308 1465//1465 1307//1307 
f 1307//1307 1193//1193 1308//1308 
f 1308//1308 1193//1193 1197//1197 
f 1308//1308 1197//1197 1309//1309 
f 1309//1309 1464//1464 1308//1308 
f 1309//1309 1463//1463 1464//1464 
f 1458//1458 1464//1464 1463//1463 
f 1458//1458 1463//1463 1462//1462 
f 1462//1462 1461//1461 1458//1458 
f 1458//1458 1461//1461 1460//1460 
f 1458//1458 1460//1460 1459//1459 
f 1314//1314 1458//1458 1459//1459 
f 1314//1314 1459//1459 1313//1313 
f 1313//1313 1213//1213 1314//1314 
f 1314//1314 1213//1213 1218//1218 
f 1314//1314 1218//1218 1315//1315 
f 1315//1315 1458//1458 1314//1314 
f 1315//1315 1457//1457 1458//1458 
f 1457//1457 1464//1464 1458//1458 
f 1457//1457 1456//1456 1464//1464 
f 1316//1316 1456//1456 1457//1457 
f 1316//1316 1457//1457 1315//1315 
f 1315//1315 1220//1220 1316//1316 
f 1316//1316 1220//1220 1225//1225 
f 1220//1220 1224//1224 1225//1225 
f 1224//1224 1226//1226 1225//1225 
f 1225//1225 1226//1226 1227//1227 
f 1225//1225 1227//1227 1228//1228 
f 1232//1232 1228//1228 1227//1227 
f 1232//1232 1227//1227 1557//1557 
f 1557//1557 1231//1231 1232//1232 
f 1231//1231 1228//1228 1232//1232 
f 1231//1231 1230//1230 1228//1228 
f 1229//1229 1230//1230 1231//1231 
f 1556//1556 1229//1229 1231//1231 
f 1556//1556 1231//1231 1557//1557 
f 1557//1557 1573//1573 1556//1556 
f 1556//1556 1573//1573 1574//1574 
f 1556//1556 1574//1574 1555//1555 
f 1555//1555 1229//1229 1556//1556 
f 1555//1555 1233//1233 1229//1229 
f 1229//1229 1233//1233 1230//1230 
f 1230//1230 1233//1233 1234//1234 
f 1234//1234 1233//1233 1555//1555 
f 1555//1555 1574//1574 1575//1575 
f 1574//1574 1653//1653 1575//1575 
f 1575//1575 1653//1653 1654//1654 
f 1653//1653 1732//1732 1654//1654 
f 1654//1654 1732//1732 1733//1733 
f 1654//1654 1733//1733 1655//1655 
f 1655//1655 1733//1733 1734//1734 
f 1655//1655 1734//1734 1656//1656 
f 1656//1656 1734//1734 1735//1735 
f 1656//1656 1735//1735 1657//1657 
f 1578//1578 1656//1656 1657//1657 
f 1578//1578 1657//1657 1579//1579 
f 1551//1551 1578//1578 1579//1579 
f 1579//1579 1657//1657 1658//1658 
f 1579//1579 1658//1658 1580//1580 
f 1580//1580 1658//1658 1659//1659 
f 1580//1580 1659//1659 1581//1581 
f 1549//1549 1580//1580 1581//1581 
f 1581//1581 1659//1659 1660//1660 
f 1659//1659 1738//1738 1660//1660 
f 1660//1660 1738//1738 1739//1739 
f 1660//1660 1739//1739 1661//1661 
f 1661//1661 1739//1739 1740//1740 
f 1661//1661 1740//1740 1662//1662 
f 1662//1662 1740//1740 1741//1741 
f 1662//1662 1741//1741 1663//1663 
f 1663//1663 1741//1741 1742//1742 
f 1663//1663 1742//1742 1664//1664 
f 1664//1664 1742//1742 1743//1743 
f 1664//1664 1743//1743 1665//1665 
f 1586//1586 1664//1664 1665//1665 
f 1586//1586 1665//1665 1587//1587 
f 1543//1543 1586//1586 1587//1587 
f 1587//1587 1665//1665 1666//1666 
f 1587//1587 1666//1666 1588//1588 
f 1588//1588 1666//1666 1667//1667 
f 1666//1666 1745//1745 1667//1667 
f 1667//1667 1745//1745 1746//1746 
f 1667//1667 1746//1746 1668//1668 
f 1668//1668 1746//1746 1747//1747 
f 1668//1668 1747//1747 1669//1669 
f 1669//1669 1747//1747 1748//1748 
f 1669//1669 1748//1748 1670//1670 
f 1670//1670 1748//1748 1749//1749 
f 1670//1670 1749//1749 1671//1671 
f 1671//1671 1749//1749 1750//1750 
f 1671//1671 1750//1750 1672//1672 
f 1672//1672 1750//1750 1751//1751 
f 1672//1672 1751//1751 1673//1673 
f 1673//1673 1751//1751 1752//1752 
f 1673//1673 1752//1752 1674//1674 
f 1595//1595 1673//1673 1674//1674 
f 1595//1595 1674//1674 1596//1596 
f 1534//1534 1595//1595 1596//1596 
f 1596//1596 1674//1674 1675//1675 
f 1674//1674 1753//1753 1675//1675 
f 1675//1675 1753//1753 1754//1754 
f 1675//1675 1754//1754 1676//1676 
f 1676//1676 1754//1754 1755//1755 
f 1754//1754 1833//1833 1755//1755 
f 1755//1755 1833//1833 1834//1834 
f 1833//1833 1912//1912 1834//1834 
f 1834//1834 1912//1912 1913//1913 
f 1834//1834 1913//1913 1835//1835 
f 1835//1835 1913//1913 1914//1914 
f 1913//1913 1992//1992 1914//1914 
f 1914//1914 1992//1992 1993//1993 
f 1992//1992 2071//2071 1993//1993 
f 1993//1993 2071//2071 2072//2072 
f 1993//1993 2072//2072 1994//1994 
f 1994//1994 2072//2072 2073//2073 
f 1994//1994 2073//2073 1995//1995 
f 1995//1995 2073//2073 2074//2074 
f 1995//1995 2074//2074 1996//1996 
f 1996//1996 2074//2074 2075//2075 
f 1996//1996 2075//2075 1997//1997 
f 1997//1997 2075//2075 2076//2076 
f 1997//1997 2076//2076 1998//1998 
f 1998//1998 2076//2076 2077//2077 
f 1998//1998 2077//2077 1999//1999 
f 1999//1999 2077//2077 2078//2078 
f 1999//1999 2078//2078 2000//2000 
f 1921//1921 1999//1999 2000//2000 
f 1921//1921 2000//2000 1922//1922 
f 1922//1922 2000//2000 2001//2001 
f 1922//1922 2001//2001 1923//1923 
f 1923//1923 2001//2001 2002//2002 
f 1923//1923 2002//2002 1924//1924 
f 1924//1924 2002//2002 2003//2003 
f 1924//1924 2003//2003 1925//1925 
f 1925//1925 2003//2003 2004//2004 
f 1925//1925 2004//2004 1926//1926 
f 1847//1847 1925//1925 1926//1926 
f 1847//1847 1926//1926 1848//1848 
f 1848//1848 1926//1926 1927//1927 
f 1848//1848 1927//1927 1849//1849 
f 1849//1849 1927//1927 1928//1928 
f 1849//1849 1928//1928 1850//1850 
f 1771//1771 1849//1849 1850//1850 
f 1771//1771 1850//1850 1772//1772 
f 1772//1772 1850//1850 1851//1851 
f 1772//1772 1851//1851 1773//1773 
f 1773//1773 1851//1851 1852//1852 
f 1773//1773 1852//1852 1774//1774 
f 1695//1695 1773//1773 1774//1774 
f 1695//1695 1774//1774 1696//1696 
f 1617//1617 1695//1695 1696//1696 
f 1617//1617 1696//1696 1618//1618 
f 1512//1512 1617//1617 1618//1618 
f 1512//1512 1618//1618 1511//1511 
f 1511//1511 1145//1145 1512//1512 
f 1512//1512 1145//1145 1147//1147 
f 1145//1145 1146//1146 1147//1147 
f 1145//1145 1149//1149 1146//1146 
f 1146//1146 1149//1149 1150//1150 
f 1146//1146 1150//1150 1151//1151 
f 1322//1322 1146//1146 1151//1151 
f 1150//1150 1152//1152 1151//1151 
f 1151//1151 1152//1152 1153//1153 
f 1151//1151 1153//1153 1154//1154 
f 1158//1158 1154//1154 1153//1153 
f 1158//1158 1153//1153 1509//1509 
f 1509//1509 1157//1157 1158//1158 
f 1157//1157 1154//1154 1158//1158 
f 1157//1157 1156//1156 1154//1154 
f 1324//1324 1154//1154 1156//1156 
f 1155//1155 1156//1156 1157//1157 
f 1508//1508 1155//1155 1157//1157 
f 1508//1508 1157//1157 1509//1509 
f 1509//1509 1621//1621 1508//1508 
f 1508//1508 1621//1621 1622//1622 
f 1508//1508 1622//1622 1507//1507 
f 1507//1507 1155//1155 1508//1508 
f 1507//1507 1159//1159 1155//1155 
f 1155//1155 1159//1159 1156//1156 
f 1156//1156 1159//1159 1160//1160 
f 1156//1156 1160//1160 1161//1161 
f 1165//1165 1161//1161 1160//1160 
f 1506//1506 1165//1165 1160//1160 
f 1506//1506 1160//1160 1507//1507 
f 1507//1507 1623//1623 1506//1506 
f 1506//1506 1623//1623 1624//1624 
f 1506//1506 1624//1624 1505//1505 
f 1505//1505 1164//1164 1506//1506 
f 1164//1164 1165//1165 1506//1506 
f 1164//1164 1161//1161 1165//1165 
f 1164//1164 1163//1163 1161//1161 
f 1326//1326 1161//1161 1163//1163 
f 1162//1162 1163//1163 1164//1164 
f 1505//1505 1162//1162 1164//1164 
f 1504//1504 1162//1162 1505//1505 
f 1505//1505 1625//1625 1504//1504 
f 1504//1504 1625//1625 1626//1626 
f 1504//1504 1626//1626 1503//1503 
f 1503//1503 1167//1167 1504//1504 
f 1167//1167 1166//1166 1504//1504 
f 1504//1504 1166//1166 1162//1162 
f 1162//1162 1166//1166 1163//1163 
f 1163//1163 1166//1166 1167//1167 
f 1163//1163 1167//1167 1168//1168 
f 1167//1167 1169//1169 1168//1168 
f 1168//1168 1169//1169 1170//1170 
f 1502//1502 1170//1170 1169//1169 
f 1502//1502 1169//1169 1503//1503 
f 1503//1503 1627//1627 1502//1502 
f 1502//1502 1627//1627 1628//1628 
f 1502//1502 1628//1628 1501//1501 
f 1501//1501 1173//1173 1502//1502 
f 1502//1502 1173//1173 1172//1172 
f 1172//1172 1170//1170 1502//1502 
f 1501//1501 1175//1175 1173//1173 
f 1500//1500 1175//1175 1501//1501 
f 1501//1501 1629//1629 1500//1500 
f 1500//1500 1629//1629 1630//1630 
f 1500//1500 1630//1630 1499//1499 
f 1499//1499 1178//1178 1500//1500 
f 1178//1178 1177//1177 1500//1500 
f 1500//1500 1177//1177 1175//1175 
f 1176//1176 1175//1175 1177//1177 
f 1176//1176 1177//1177 1178//1178 
f 1182//1182 1176//1176 1178//1178 
f 1499//1499 1182//1182 1178//1178 
f 1181//1181 1182//1182 1499//1499 
f 1498//1498 1181//1181 1499//1499 
f 1499//1499 1631//1631 1498//1498 
f 1498//1498 1631//1631 1632//1632 
f 1498//1498 1632//1632 1497//1497 
f 1497//1497 1179//1179 1498//1498 
f 1498//1498 1179//1179 1181//1181 
f 1179//1179 1180//1180 1181//1181 
f 1181//1181 1180//1180 1176//1176 
f 1181//1181 1176//1176 1182//1182 
f 1304//1304 1176//1176 1180//1180 
f 1304//1304 1180//1180 1185//1185 
f 1180//1180 1184//1184 1185//1185 
f 1184//1184 1186//1186 1185//1185 
f 1185//1185 1186//1186 1187//1187 
f 1185//1185 1187//1187 1188//1188 
f 1187//1187 1189//1189 1188//1188 
f 1188//1188 1189//1189 1190//1190 
f 1188//1188 1190//1190 1191//1191 
f 1306//1306 1188//1188 1191//1191 
f 1306//1306 1191//1191 1307//1307 
f 1307//1307 1466//1466 1306//1306 
f 1307//1307 1465//1465 1466//1466 
f 1307//1307 1191//1191 1193//1193 
f 1191//1191 1192//1192 1193//1193 
f 1193//1193 1192//1192 1194//1194 
f 1193//1193 1194//1194 1195//1195 
f 1199//1199 1193//1193 1195//1195 
f 1492//1492 1199//1199 1195//1195 
f 1492//1492 1195//1195 1493//1493 
f 1493//1493 1637//1637 1492//1492 
f 1492//1492 1637//1637 1638//1638 
f 1492//1492 1638//1638 1491//1491 
f 1491//1491 1198//1198 1492//1492 
f 1198//1198 1199//1199 1492//1492 
f 1198//1198 1193//1193 1199//1199 
f 1198//1198 1197//1197 1193//1193 
f 1196//1196 1197//1197 1198//1198 
f 1491//1491 1196//1196 1198//1198 
f 1490//1490 1196//1196 1491//1491 
f 1491//1491 1639//1639 1490//1490 
f 1490//1490 1639//1639 1640//1640 
f 1490//1490 1640//1640 1489//1489 
f 1489//1489 1201//1201 1490//1490 
f 1201//1201 1200//1200 1490//1490 
f 1490//1490 1200//1200 1196//1196 
f 1196//1196 1200//1200 1197//1197 
f 1197//1197 1200//1200 1201//1201 
f 1197//1197 1201//1201 1202//1202 
f 1309//1309 1197//1197 1202//1202 
f 1309//1309 1202//1202 1310//1310 
f 1310//1310 1463//1463 1309//1309 
f 1310//1310 1462//1462 1463//1463 
f 1311//1311 1462//1462 1310//1310 
f 1310//1310 1205//1205 1311//1311 
f 1311//1311 1205//1205 1208//1208 
f 1311//1311 1208//1208 1312//1312 
f 1312//1312 1461//1461 1311//1311 
f 1311//1311 1461//1461 1462//1462 
f 1312//1312 1460//1460 1461//1461 
f 1313//1313 1460//1460 1312//1312 
f 1312//1312 1211//1211 1313//1313 
f 1313//1313 1211//1211 1213//1213 
f 1214//1214 1213//1213 1211//1211 
f 1214//1214 1211//1211 1215//1215 
f 1214//1214 1215//1215 1564//1564 
f 1563//1563 1214//1214 1564//1564 
f 1564//1564 1566//1566 1563//1563 
f 1563//1563 1566//1566 1567//1567 
f 1563//1563 1567//1567 1562//1562 
f 1562//1562 1212//1212 1563//1563 
f 1563//1563 1212//1212 1214//1214 
f 1212//1212 1213//1213 1214//1214 
f 1212//1212 1216//1216 1213//1213 
f 1213//1213 1216//1216 1217//1217 
f 1213//1213 1217//1217 1218//1218 
f 1222//1222 1218//1218 1217//1217 
f 1561//1561 1222//1222 1217//1217 
f 1561//1561 1217//1217 1562//1562 
f 1562//1562 1568//1568 1561//1561 
f 1561//1561 1568//1568 1569//1569 
f 1561//1561 1569//1569 1560//1560 
f 1560//1560 1221//1221 1561//1561 
f 1221//1221 1222//1222 1561//1561 
f 1221//1221 1218//1218 1222//1222 
f 1221//1221 1220//1220 1218//1218 
f 1315//1315 1218//1218 1220//1220 
f 1219//1219 1220//1220 1221//1221 
f 1560//1560 1219//1219 1221//1221 
f 1559//1559 1219//1219 1560//1560 
f 1560//1560 1570//1570 1559//1559 
f 1559//1559 1570//1570 1571//1571 
f 1559//1559 1571//1571 1558//1558 
f 1558//1558 1224//1224 1559//1559 
f 1224//1224 1223//1223 1559//1559 
f 1559//1559 1223//1223 1219//1219 
f 1219//1219 1223//1223 1220//1220 
f 1220//1220 1223//1223 1224//1224 
f 1558//1558 1226//1226 1224//1224 
f 1557//1557 1226//1226 1558//1558 
f 1558//1558 1572//1572 1557//1557 
f 1557//1557 1572//1572 1573//1573 
f 1572//1572 1651//1651 1573//1573 
f 1573//1573 1651//1651 1652//1652 
f 1573//1573 1652//1652 1574//1574 
f 1574//1574 1652//1652 1653//1653 
f 1652//1652 1731//1731 1653//1653 
f 1653//1653 1731//1731 1732//1732 
f 1731//1731 1810//1810 1732//1732 
f 1732//1732 1810//1810 1811//1811 
f 1732//1732 1811//1811 1733//1733 
f 1733//1733 1811//1811 1812//1812 
f 1733//1733 1812//1812 1734//1734 
f 1734//1734 1812//1812 1813//1813 
f 1734//1734 1813//1813 1735//1735 
f 1735//1735 1813//1813 1814//1814 
f 1735//1735 1814//1814 1736//1736 
f 1657//1657 1735//1735 1736//1736 
f 1657//1657 1736//1736 1658//1658 
f 1658//1658 1736//1736 1737//1737 
f 1658//1658 1737//1737 1659//1659 
f 1659//1659 1737//1737 1738//1738 
f 1737//1737 1816//1816 1738//1738 
f 1738//1738 1816//1816 1817//1817 
f 1738//1738 1817//1817 1739//1739 
f 1739//1739 1817//1817 1818//1818 
f 1739//1739 1818//1818 1740//1740 
f 1740//1740 1818//1818 1819//1819 
f 1740//1740 1819//1819 1741//1741 
f 1741//1741 1819//1819 1820//1820 
f 1741//1741 1820//1820 1742//1742 
f 1742//1742 1820//1820 1821//1821 
f 1742//1742 1821//1821 1743//1743 
f 1743//1743 1821//1821 1822//1822 
f 1743//1743 1822//1822 1744//1744 
f 1665//1665 1743//1743 1744//1744 
f 1665//1665 1744//1744 1666//1666 
f 1666//1666 1744//1744 1745//1745 
f 1744//1744 1823//1823 1745//1745 
f 1745//1745 1823//1823 1824//1824 
f 1745//1745 1824//1824 1746//1746 
f 1746//1746 1824//1824 1825//1825 
f 1746//1746 1825//1825 1747//1747 
f 1747//1747 1825//1825 1826//1826 
f 1747//1747 1826//1826 1748//1748 
f 1748//1748 1826//1826 1827//1827 
f 1748//1748 1827//1827 1749//1749 
f 1749//1749 1827//1827 1828//1828 
f 1749//1749 1828//1828 1750//1750 
f 1750//1750 1828//1828 1829//1829 
f 1750//1750 1829//1829 1751//1751 
f 1751//1751 1829//1829 1830//1830 
f 1751//1751 1830//1830 1752//1752 
f 1752//1752 1830//1830 1831//1831 
f 1752//1752 1831//1831 1753//1753 
f 1674//1674 1752//1752 1753//1753 
f 1753//1753 1831//1831 1832//1832 
f 1753//1753 1832//1832 1754//1754 
f 1754//1754 1832//1832 1833//1833 
f 1832//1832 1911//1911 1833//1833 
f 1833//1833 1911//1911 1912//1912 
f 1911//1911 1990//1990 1912//1912 
f 1912//1912 1990//1990 1991//1991 
f 1912//1912 1991//1991 1913//1913 
f 1913//1913 1991//1991 1992//1992 
f 1991//1991 2070//2070 1992//1992 
f 1992//1992 2070//2070 2071//2071 
f 2070//2070 1411//1411 2071//2071 
f 2071//2071 1411//1411 1410//1410 
f 2071//2071 1410//1410 2072//2072 
f 2072//2072 1410//1410 1380//1380 
f 2072//2072 1380//1380 2073//2073 
f 2073//2073 1380//1380 1379//1379 
f 2073//2073 1379//1379 2074//2074 
f 2074//2074 1379//1379 1378//1378 
f 2074//2074 1378//1378 2075//2075 
f 2075//2075 1378//1378 1377//1377 
f 2075//2075 1377//1377 2076//2076 
f 2076//2076 1377//1377 1395//1395 
f 2076//2076 1395//1395 2077//2077 
f 2077//2077 1395//1395 1394//1394 
f 2077//2077 1394//1394 2078//2078 
f 2078//2078 1394//1394 1376//1376 
f 2078//2078 1376//1376 2079//2079 
f 2000//2000 2078//2078 2079//2079 
f 2000//2000 2079//2079 2001//2001 
f 2001//2001 2079//2079 2080//2080 
f 2001//2001 2080//2080 2002//2002 
f 2002//2002 2080//2080 2081//2081 
f 2002//2002 2081//2081 2003//2003 
f 2003//2003 2081//2081 2082//2082 
f 2003//2003 2082//2082 2004//2004 
f 2004//2004 2082//2082 2083//2083 
f 2004//2004 2083//2083 2005//2005 
f 1926//1926 2004//2004 2005//2005 
f 1926//1926 2005//2005 1927//1927 
f 1927//1927 2005//2005 2006//2006 
f 1927//1927 2006//2006 1928//1928 
f 1928//1928 2006//2006 2007//2007 
f 1928//1928 2007//2007 1929//1929 
f 1850//1850 1928//1928 1929//1929 
f 1850//1850 1929//1929 1851//1851 
f 1851//1851 1929//1929 1930//1930 
f 1851//1851 1930//1930 1852//1852 
f 1852//1852 1930//1930 1931//1931 
f 1852//1852 1931//1931 1853//1853 
f 1774//1774 1852//1852 1853//1853 
f 1774//1774 1853//1853 1775//1775 
f 1696//1696 1774//1774 1775//1775 
f 1696//1696 1775//1775 1697//1697 
f 1618//1618 1696//1696 1697//1697 
f 1618//1618 1697//1697 1619//1619 
f 1511//1511 1618//1618 1619//1619 
f 1511//1511 1619//1619 1510//1510 
f 1510//1510 1150//1150 1511//1511 
f 1150//1150 1149//1149 1511//1511 
f 1511//1511 1149//1149 1145//1145 
f 1510//1510 1152//1152 1150//1150 
f 1509//1509 1152//1152 1510//1510 
f 1510//1510 1620//1620 1509//1509 
f 1509//1509 1620//1620 1621//1621 
f 1620//1620 1699//1699 1621//1621 
f 1621//1621 1699//1699 1700//1700 
f 1621//1621 1700//1700 1622//1622 
f 1622//1622 1700//1700 1701//1701 
f 1622//1622 1701//1701 1623//1623 
f 1507//1507 1622//1622 1623//1623 
f 1623//1623 1701//1701 1702//1702 
f 1623//1623 1702//1702 1624//1624 
f 1624//1624 1702//1702 1703//1703 
f 1624//1624 1703//1703 1625//1625 
f 1505//1505 1624//1624 1625//1625 
f 1625//1625 1703//1703 1704//1704 
f 1625//1625 1704//1704 1626//1626 
f 1626//1626 1704//1704 1705//1705 
f 1626//1626 1705//1705 1627//1627 
f 1503//1503 1626//1626 1627//1627 
f 1627//1627 1705//1705 1706//1706 
f 1627//1627 1706//1706 1628//1628 
f 1628//1628 1706//1706 1707//1707 
f 1628//1628 1707//1707 1629//1629 
f 1501//1501 1628//1628 1629//1629 
f 1629//1629 1707//1707 1708//1708 
f 1629//1629 1708//1708 1630//1630 
f 1630//1630 1708//1708 1709//1709 
f 1630//1630 1709//1709 1631//1631 
f 1499//1499 1630//1630 1631//1631 
f 1631//1631 1709//1709 1710//1710 
f 1631//1631 1710//1710 1632//1632 
f 1632//1632 1710//1710 1711//1711 
f 1632//1632 1711//1711 1633//1633 
f 1497//1497 1632//1632 1633//1633 
f 1497//1497 1633//1633 1496//1496 
f 1496//1496 1184//1184 1497//1497 
f 1184//1184 1183//1183 1497//1497 
f 1497//1497 1183//1183 1179//1179 
f 1179//1179 1183//1183 1180//1180 
f 1180//1180 1183//1183 1184//1184 
f 1496//1496 1186//1186 1184//1184 
f 1495//1495 1186//1186 1496//1496 
f 1496//1496 1634//1634 1495//1495 
f 1495//1495 1634//1634 1635//1635 
f 1495//1495 1635//1635 1494//1494 
f 1494//1494 1189//1189 1495//1495 
f 1189//1189 1187//1187 1495//1495 
f 1495//1495 1187//1187 1186//1186 
f 1494//1494 1190//1190 1189//1189 
f 1192//1192 1190//1190 1494//1494 
f 1493//1493 1192//1192 1494//1494 
f 1494//1494 1636//1636 1493//1493 
f 1493//1493 1636//1636 1637//1637 
f 1636//1636 1715//1715 1637//1637 
f 1637//1637 1715//1715 1716//1716 
f 1637//1637 1716//1716 1638//1638 
f 1638//1638 1716//1716 1717//1717 
f 1638//1638 1717//1717 1639//1639 
f 1491//1491 1638//1638 1639//1639 
f 1639//1639 1717//1717 1718//1718 
f 1639//1639 1718//1718 1640//1640 
f 1640//1640 1718//1718 1719//1719 
f 1640//1640 1719//1719 1641//1641 
f 1489//1489 1640//1640 1641//1641 
f 1489//1489 1641//1641 1488//1488 
f 1488//1488 1204//1204 1489//1489 
f 1204//1204 1203//1203 1489//1489 
f 1489//1489 1203//1203 1201//1201 
f 1201//1201 1203//1203 1202//1202 
f 1202//1202 1203//1203 1204//1204 
f 1202//1202 1204//1204 1205//1205 
f 1310//1310 1202//1202 1205//1205 
f 1204//1204 1206//1206 1205//1205 
f 1205//1205 1206//1206 1207//1207 
f 1205//1205 1207//1207 1208//1208 
f 1207//1207 1209//1209 1208//1208 
f 1208//1208 1209//1209 1210//1210 
f 1208//1208 1210//1210 1211//1211 
f 1312//1312 1208//1208 1211//1211 
f 1215//1215 1211//1211 1210//1210 
f 1564//1564 1215//1215 1210//1210 
f 1564//1564 1210//1210 1565//1565 
f 1565//1565 1644//1644 1564//1564 
f 1564//1564 1644//1644 1566//1566 
f 1644//1644 1723//1723 1566//1566 
f 1566//1566 1723//1723 1645//1645 
f 1566//1566 1645//1645 1567//1567 
f 1567//1567 1645//1645 1646//1646 
f 1567//1567 1646//1646 1568//1568 
f 1562//1562 1567//1567 1568//1568 
f 1568//1568 1646//1646 1647//1647 
f 1568//1568 1647//1647 1569//1569 
f 1569//1569 1647//1647 1648//1648 
f 1569//1569 1648//1648 1570//1570 
f 1560//1560 1569//1569 1570//1570 
f 1570//1570 1648//1648 1649//1649 
f 1570//1570 1649//1649 1571//1571 
f 1571//1571 1649//1649 1650//1650 
f 1571//1571 1650//1650 1572//1572 
f 1558//1558 1571//1571 1572//1572 
f 1572//1572 1650//1650 1651//1651 
f 1650//1650 1729//1729 1651//1651 
f 1651//1651 1729//1729 1730//1730 
f 1651//1651 1730//1730 1652//1652 
f 1652//1652 1730//1730 1731//1731 
f 1730//1730 1809//1809 1731//1731 
f 1731//1731 1809//1809 1810//1810 
f 1809//1809 1888//1888 1810//1810 
f 1810//1810 1888//1888 1889//1889 
f 1810//1810 1889//1889 1811//1811 
f 1811//1811 1889//1889 1890//1890 
f 1811//1811 1890//1890 1812//1812 
f 1812//1812 1890//1890 1891//1891 
f 1812//1812 1891//1891 1813//1813 
f 1813//1813 1891//1891 1892//1892 
f 1813//1813 1892//1892 1814//1814 
f 1814//1814 1892//1892 1893//1893 
f 1814//1814 1893//1893 1815//1815 
f 1736//1736 1814//1814 1815//1815 
f 1736//1736 1815//1815 1737//1737 
f 1737//1737 1815//1815 1816//1816 
f 1815//1815 1894//1894 1816//1816 
f 1816//1816 1894//1894 1895//1895 
f 1816//1816 1895//1895 1817//1817 
f 1817//1817 1895//1895 1896//1896 
f 1817//1817 1896//1896 1818//1818 
f 1818//1818 1896//1896 1897//1897 
f 1818//1818 1897//1897 1819//1819 
f 1819//1819 1897//1897 1898//1898 
f 1819//1819 1898//1898 1820//1820 
f 1820//1820 1898//1898 1899//1899 
f 1820//1820 1899//1899 1821//1821 
f 1821//1821 1899//1899 1900//1900 
f 1821//1821 1900//1900 1822//1822 
f 1822//1822 1900//1900 1901//1901 
f 1822//1822 1901//1901 1823//1823 
f 1744//1744 1822//1822 1823//1823 
f 1823//1823 1901//1901 1902//1902 
f 1823//1823 1902//1902 1824//1824 
f 1824//1824 1902//1902 1903//1903 
f 1824//1824 1903//1903 1825//1825 
f 1825//1825 1903//1903 1904//1904 
f 1825//1825 1904//1904 1826//1826 
f 1826//1826 1904//1904 1905//1905 
f 1826//1826 1905//1905 1827//1827 
f 1827//1827 1905//1905 1906//1906 
f 1827//1827 1906//1906 1828//1828 
f 1828//1828 1906//1906 1907//1907 
f 1828//1828 1907//1907 1829//1829 
f 1829//1829 1907//1907 1908//1908 
f 1829//1829 1908//1908 1830//1830 
f 1830//1830 1908//1908 1909//1909 
f 1830//1830 1909//1909 1831//1831 
f 1831//1831 1909//1909 1910//1910 
f 1831//1831 1910//1910 1832//1832 
f 1832//1832 1910//1910 1911//1911 
f 1910//1910 1989//1989 1911//1911 
f 1911//1911 1989//1989 1990//1990 
f 1989//1989 2068//2068 1990//1990 
f 1990//1990 2068//2068 2069//2069 
f 1990//1990 2069//2069 1991//1991 
f 1991//1991 2069//2069 2070//2070 
f 2069//2069 1412//1412 2070//2070 
f 2070//2070 1412//1412 1411//1411 
f 1358//1358 1411//1411 1412//1412 
f 1412//1412 1419//1419 1358//1358 
f 1358//1358 1419//1419 1420//1420 
f 1358//1358 1420//1420 1421//1421 
f 1421//1421 1424//1424 1358//1358 
f 1358//1358 1424//1424 1425//1425 
f 1358//1358 1425//1425 1381//1381 
f 1381//1381 1382//1382 1358//1358 
f 1358//1358 1382//1382 1383//1383 
f 1358//1358 1383//1383 1384//1384 
f 1384//1384 1396//1396 1358//1358 
f 1358//1358 1396//1396 1397//1397 
f 1358//1358 1397//1397 1398//1398 
f 1398//1398 1399//1399 1358//1358 
f 1358//1358 1399//1399 1400//1400 
f 1358//1358 1400//1400 1401//1401 
f 1401//1401 1413//1413 1358//1358 
f 1358//1358 1413//1413 1414//1414 
f 1358//1358 1414//1414 1415//1415 
f 1415//1415 1422//1422 1358//1358 
f 1358//1358 1422//1422 1416//1416 
f 1358//1358 1416//1416 1423//1423 
f 2116//2116 1358//1358 1423//1423 
f 2116//2116 1423//1423 2117//2117 
f 2038//2038 2116//2116 2117//2117 
f 2038//2038 2117//2117 2039//2039 
f 1960//1960 2038//2038 2039//2039 
f 1960//1960 2039//2039 1882//1882 
f 1803//1803 1960//1960 1882//1882 
f 1803//1803 1882//1882 1804//1804 
f 1725//1725 1803//1803 1804//1804 
f 1725//1725 1804//1804 1726//1726 
f 1647//1647 1725//1725 1726//1726 
f 1647//1647 1726//1726 1648//1648 
f 1648//1648 1726//1726 1727//1727 
f 1648//1648 1727//1727 1649//1649 
f 1649//1649 1727//1727 1728//1728 
f 1649//1649 1728//1728 1650//1650 
f 1650//1650 1728//1728 1729//1729 
f 1728//1728 1807//1807 1729//1729 
f 1729//1729 1807//1807 1808//1808 
f 1729//1729 1808//1808 1730//1730 
f 1730//1730 1808//1808 1809//1809 
f 1808//1808 1887//1887 1809//1809 
f 1809//1809 1887//1887 1888//1888 
f 1887//1887 1966//1966 1888//1888 
f 1888//1888 1966//1966 1967//1967 
f 1888//1888 1967//1967 1889//1889 
f 1889//1889 1967//1967 1968//1968 
f 1889//1889 1968//1968 1890//1890 
f 1890//1890 1968//1968 1969//1969 
f 1890//1890 1969//1969 1891//1891 
f 1891//1891 1969//1969 1970//1970 
f 1891//1891 1970//1970 1892//1892 
f 1892//1892 1970//1970 1971//1971 
f 1892//1892 1971//1971 1893//1893 
f 1893//1893 1971//1971 1972//1972 
f 1893//1893 1972//1972 1894//1894 
f 1815//1815 1893//1893 1894//1894 
f 1894//1894 1972//1972 1973//1973 
f 1894//1894 1973//1973 1895//1895 
f 1895//1895 1973//1973 1974//1974 
f 1895//1895 1974//1974 1896//1896 
f 1896//1896 1974//1974 1975//1975 
f 1896//1896 1975//1975 1897//1897 
f 1897//1897 1975//1975 1976//1976 
f 1897//1897 1976//1976 1898//1898 
f 1898//1898 1976//1976 1977//1977 
f 1898//1898 1977//1977 1899//1899 
f 1899//1899 1977//1977 1978//1978 
f 1899//1899 1978//1978 1900//1900 
f 1900//1900 1978//1978 1979//1979 
f 1900//1900 1979//1979 1901//1901 
f 1901//1901 1979//1979 1980//1980 
f 1901//1901 1980//1980 1902//1902 
f 1902//1902 1980//1980 1981//1981 
f 1902//1902 1981//1981 1903//1903 
f 1903//1903 1981//1981 1982//1982 
f 1903//1903 1982//1982 1904//1904 
f 1904//1904 1982//1982 1983//1983 
f 1904//1904 1983//1983 1905//1905 
f 1905//1905 1983//1983 1984//1984 
f 1905//1905 1984//1984 1906//1906 
f 1906//1906 1984//1984 1985//1985 
f 1906//1906 1985//1985 1907//1907 
f 1907//1907 1985//1985 1986//1986 
f 1907//1907 1986//1986 1908//1908 
f 1908//1908 1986//1986 1987//1987 
f 1908//1908 1987//1987 1909//1909 
f 1909//1909 1987//1987 1988//1988 
f 1909//1909 1988//1988 1910//1910 
f 1910//1910 1988//1988 1989//1989 
f 1988//1988 2067//2067 1989//1989 
f 1989//1989 2067//2067 2068//2068 
f 2067//2067 1420//1420 2068//2068 
f 2068//2068 1420//1420 1419//1419 
f 2068//2068 1419//1419 2069//2069 
f 2069//2069 1419//1419 1412//1412 
f 2067//2067 1421//1421 1420//1420 
f 2066//2066 1421//1421 2067//2067 
f 1988//1988 2066//2066 2067//2067 
f 1987//1987 2066//2066 1988//1988 
f 1987//1987 2065//2065 2066//2066 
f 2065//2065 1424//1424 2066//2066 
f 2066//2066 1424//1424 1421//1421 
f 2065//2065 1425//1425 1424//1424 
f 2064//2064 1425//1425 2065//2065 
f 1986//1986 2064//2064 2065//2065 
f 1986//1986 2065//2065 1987//1987 
f 1985//1985 2064//2064 1986//1986 
f 1985//1985 2063//2063 2064//2064 
f 2063//2063 1381//1381 2064//2064 
f 2064//2064 1381//1381 1425//1425 
f 2063//2063 1382//1382 1381//1381 
f 2062//2062 1382//1382 2063//2063 
f 1984//1984 2062//2062 2063//2063 
f 1984//1984 2063//2063 1985//1985 
f 1983//1983 2062//2062 1984//1984 
f 1983//1983 2061//2061 2062//2062 
f 2061//2061 1383//1383 2062//2062 
f 2062//2062 1383//1383 1382//1382 
f 2061//2061 1384//1384 1383//1383 
f 2060//2060 1384//1384 2061//2061 
f 1982//1982 2060//2060 2061//2061 
f 1982//1982 2061//2061 1983//1983 
f 1981//1981 2060//2060 1982//1982 
f 1981//1981 2059//2059 2060//2060 
f 2059//2059 1396//1396 2060//2060 
f 2060//2060 1396//1396 1384//1384 
f 2059//2059 1397//1397 1396//1396 
f 2058//2058 1397//1397 2059//2059 
f 1980//1980 2058//2058 2059//2059 
f 1980//1980 2059//2059 1981//1981 
f 1979//1979 2058//2058 1980//1980 
f 1979//1979 2057//2057 2058//2058 
f 2057//2057 1398//1398 2058//2058 
f 2058//2058 1398//1398 1397//1397 
f 2057//2057 1399//1399 1398//1398 
f 2056//2056 1399//1399 2057//2057 
f 1978//1978 2056//2056 2057//2057 
f 1978//1978 2057//2057 1979//1979 
f 1977//1977 2056//2056 1978//1978 
f 1977//1977 2055//2055 2056//2056 
f 2055//2055 1400//1400 2056//2056 
f 2056//2056 1400//1400 1399//1399 
f 2055//2055 1401//1401 1400//1400 
f 2054//2054 1401//1401 2055//2055 
f 1976//1976 2054//2054 2055//2055 
f 1976//1976 2055//2055 1977//1977 
f 1975//1975 2054//2054 1976//1976 
f 1975//1975 2053//2053 2054//2054 
f 2053//2053 1413//1413 2054//2054 
f 2054//2054 1413//1413 1401//1401 
f 2053//2053 1414//1414 1413//1413 
f 2052//2052 1414//1414 2053//2053 
f 1974//1974 2052//2052 2053//2053 
f 1974//1974 2053//2053 1975//1975 
f 1973//1973 2052//2052 1974//1974 
f 1973//1973 2051//2051 2052//2052 
f 2051//2051 1415//1415 2052//2052 
f 2052//2052 1415//1415 1414//1414 
f 2051//2051 1422//1422 1415//1415 
f 2050//2050 1422//1422 2051//2051 
f 1972//1972 2050//2050 2051//2051 
f 1972//1972 2051//2051 1973//1973 
f 1971//1971 2050//2050 1972//1972 
f 1971//1971 2049//2049 2050//2050 
f 2049//2049 1416//1416 2050//2050 
f 2050//2050 1416//1416 1422//1422 
f 2049//2049 1426//1426 1416//1416 
f 1426//1426 1427//1427 1416//1416 
f 1416//1416 1427//1427 1428//1428 
f 1416//1416 1428//1428 1417//1417 
f 1416//1416 1417//1417 1418//1418 
f 1423//1423 1416//1416 1418//1418 
f 2117//2117 1423//1423 1418//1418 
f 2117//2117 1418//1418 2118//2118 
f 2039//2039 2117//2117 2118//2118 
f 2039//2039 2118//2118 1961//1961 
f 1882//1882 2039//2039 1961//1961 
f 1882//1882 1961//1961 1883//1883 
f 1804//1804 1882//1882 1883//1883 
f 1804//1804 1883//1883 1805//1805 
f 1726//1726 1804//1804 1805//1805 
f 1726//1726 1805//1805 1727//1727 
f 1727//1727 1805//1805 1806//1806 
f 1727//1727 1806//1806 1728//1728 
f 1728//1728 1806//1806 1807//1807 
f 1806//1806 1885//1885 1807//1807 
f 1807//1807 1885//1885 1886//1886 
f 1807//1807 1886//1886 1808//1808 
f 1808//1808 1886//1886 1887//1887 
f 1886//1886 1965//1965 1887//1887 
f 1887//1887 1965//1965 1966//1966 
f 1965//1965 2044//2044 1966//1966 
f 1966//1966 2044//2044 2045//2045 
f 1966//1966 2045//2045 1967//1967 
f 1967//1967 2045//2045 2046//2046 
f 1967//1967 2046//2046 1968//1968 
f 1968//1968 2046//2046 2047//2047 
f 1968//1968 2047//2047 1969//1969 
f 1969//1969 2047//2047 2048//2048 
f 1969//1969 2048//2048 1970//1970 
f 1970//1970 2048//2048 2049//2049 
f 1970//1970 2049//2049 1971//1971 
f 2048//2048 1426//1426 2049//2049 
f 2048//2048 1429//1429 1426//1426 
f 1426//1426 1429//1429 1427//1427 
f 1427//1427 1429//1429 1430//1430 
f 1427//1427 1430//1430 1431//1431 
f 1431//1431 1432//1432 1427//1427 
f 1427//1427 1432//1432 1433//1433 
f 1427//1427 1433//1433 1434//1434 
f 2042//2042 1427//1427 1434//1434 
f 2042//2042 1434//1434 2043//2043 
f 1964//1964 2042//2042 2043//2043 
f 1964//1964 2043//2043 1965//1965 
f 1886//1886 1964//1964 1965//1965 
f 1885//1885 1964//1964 1886//1886 
f 1885//1885 1963//1963 1964//1964 
f 1963//1963 2042//2042 1964//1964 
f 1963//1963 2041//2041 2042//2042 
f 2041//2041 1427//1427 2042//2042 
f 2041//2041 1428//1428 1427//1427 
f 2040//2040 1428//1428 2041//2041 
f 1962//1962 2040//2040 2041//2041 
f 1962//1962 2041//2041 1963//1963 
f 1884//1884 1962//1962 1963//1963 
f 1884//1884 1963//1963 1885//1885 
f 1806//1806 1884//1884 1885//1885 
f 1805//1805 1884//1884 1806//1806 
f 1805//1805 1883//1883 1884//1884 
f 1883//1883 1962//1962 1884//1884 
f 1883//1883 1961//1961 1962//1962 
f 1961//1961 2040//2040 1962//1962 
f 1961//1961 2118//2118 2040//2040 
f 2118//2118 1417//1417 2040//2040 
f 2040//2040 1417//1417 1428//1428 
f 2118//2118 1418//1418 1417//1417 
f 1965//1965 2043//2043 2044//2044 
f 2043//2043 1433//1433 2044//2044 
f 2044//2044 1433//1433 1432//1432 
f 2044//2044 1432//1432 2045//2045 
f 2045//2045 1432//1432 1431//1431 
f 2045//2045 1431//1431 2046//2046 
f 2046//2046 1431//1431 1430//1430 
f 2046//2046 1430//1430 2047//2047 
f 2047//2047 1430//1430 1429//1429 
f 2047//2047 1429//1429 2048//2048 
f 2043//2043 1434//1434 1433//1433 
f 1646//1646 1725//1725 1647//1647 
f 1646//1646 1724//1724 1725//1725 
f 1724//1724 1803//1803 1725//1725 
f 1724//1724 1881//1881 1803//1803 
f 1881//1881 1960//1960 1803//1803 
f 1881//1881 1959//1959 1960//1960 
f 1959//1959 2038//2038 1960//1960 
f 1959//1959 2037//2037 2038//2038 
f 2037//2037 2116//2116 2038//2038 
f 2037//2037 2115//2115 2116//2116 
f 2115//2115 1358//1358 2116//2116 
f 2115//2115 1385//1385 1358//1358 
f 1361//1361 1358//1358 1385//1385 
f 1361//1361 1385//1385 1359//1359 
f 1359//1359 1360//1360 1361//1361 
f 1361//1361 1360//1360 1362//1362 
f 1361//1361 1362//1362 1363//1363 
f 1363//1363 1386//1386 1361//1361 
f 1361//1361 1386//1386 1387//1387 
f 1361//1361 1387//1387 1388//1388 
f 1388//1388 1402//1402 1361//1361 
f 1361//1361 1402//1402 1403//1403 
f 1361//1361 1403//1403 1404//1404 
f 1404//1404 1405//1405 1361//1361 
f 1361//1361 1405//1405 1406//1406 
f 1361//1361 1406//1406 1407//1407 
f 2101//2101 1361//1361 1407//1407 
f 2101//2101 1407//1407 2102//2102 
f 2023//2023 2101//2101 2102//2102 
f 2023//2023 2102//2102 2024//2024 
f 1945//1945 2023//2023 2024//2024 
f 1945//1945 2024//2024 1946//1946 
f 1867//1867 1945//1945 1946//1946 
f 1867//1867 1946//1946 1868//1868 
f 1789//1789 1867//1867 1868//1868 
f 1789//1789 1868//1868 1790//1790 
f 1711//1711 1789//1789 1790//1790 
f 1711//1711 1790//1790 1712//1712 
f 1633//1633 1711//1711 1712//1712 
f 1633//1633 1712//1712 1634//1634 
f 1496//1496 1633//1633 1634//1634 
f 1634//1634 1712//1712 1713//1713 
f 1634//1634 1713//1713 1635//1635 
f 1635//1635 1713//1713 1714//1714 
f 1635//1635 1714//1714 1636//1636 
f 1494//1494 1635//1635 1636//1636 
f 1636//1636 1714//1714 1715//1715 
f 1714//1714 1793//1793 1715//1715 
f 1715//1715 1793//1793 1794//1794 
f 1715//1715 1794//1794 1716//1716 
f 1716//1716 1794//1794 1795//1795 
f 1716//1716 1795//1795 1717//1717 
f 1717//1717 1795//1795 1796//1796 
f 1717//1717 1796//1796 1718//1718 
f 1718//1718 1796//1796 1797//1797 
f 1718//1718 1797//1797 1719//1719 
f 1719//1719 1797//1797 1798//1798 
f 1719//1719 1798//1798 1720//1720 
f 1641//1641 1719//1719 1720//1720 
f 1641//1641 1720//1720 1642//1642 
f 1488//1488 1641//1641 1642//1642 
f 1488//1488 1642//1642 1487//1487 
f 1487//1487 1206//1206 1488//1488 
f 1488//1488 1206//1206 1204//1204 
f 1487//1487 1207//1207 1206//1206 
f 1487//1487 1209//1209 1207//1207 
f 1565//1565 1209//1209 1487//1487 
f 1487//1487 1643//1643 1565//1565 
f 1565//1565 1643//1643 1644//1644 
f 1643//1643 1722//1722 1644//1644 
f 1644//1644 1722//1722 1723//1723 
f 1722//1722 1801//1801 1723//1723 
f 1723//1723 1801//1801 1802//1802 
f 1723//1723 1802//1802 1645//1645 
f 1645//1645 1802//1802 1724//1724 
f 1645//1645 1724//1724 1646//1646 
f 1802//1802 1881//1881 1724//1724 
f 1802//1802 1880//1880 1881//1881 
f 1880//1880 1959//1959 1881//1881 
f 1880//1880 1958//1958 1959//1959 
f 1958//1958 2037//2037 1959//1959 
f 1958//1958 2036//2036 2037//2037 
f 2036//2036 2115//2115 2037//2037 
f 2036//2036 2114//2114 2115//2115 
f 2114//2114 1385//1385 2115//2115 
f 2114//2114 1359//1359 1385//1385 
f 2113//2113 1359//1359 2114//2114 
f 2035//2035 2113//2113 2114//2114 
f 2035//2035 2114//2114 2036//2036 
f 1957//1957 2035//2035 2036//2036 
f 1957//1957 2036//2036 1958//1958 
f 1879//1879 1957//1957 1958//1958 
f 1879//1879 1958//1958 1880//1880 
f 1801//1801 1879//1879 1880//1880 
f 1801//1801 1880//1880 1802//1802 
f 1800//1800 1879//1879 1801//1801 
f 1722//1722 1800//1800 1801//1801 
f 1721//1721 1800//1800 1722//1722 
f 1643//1643 1721//1721 1722//1722 
f 1642//1642 1721//1721 1643//1643 
f 1487//1487 1642//1642 1643//1643 
f 1642//1642 1720//1720 1721//1721 
f 1720//1720 1799//1799 1721//1721 
f 1721//1721 1799//1799 1800//1800 
f 1799//1799 1878//1878 1800//1800 
f 1800//1800 1878//1878 1879//1879 
f 1878//1878 1957//1957 1879//1879 
f 1878//1878 1956//1956 1957//1957 
f 1956//1956 2035//2035 1957//1957 
f 1956//1956 2034//2034 2035//2035 
f 2034//2034 2113//2113 2035//2035 
f 2034//2034 2112//2112 2113//2113 
f 2112//2112 1360//1360 2113//2113 
f 2113//2113 1360//1360 1359//1359 
f 2112//2112 1362//1362 1360//1360 
f 2111//2111 1362//1362 2112//2112 
f 2033//2033 2111//2111 2112//2112 
f 2033//2033 2112//2112 2034//2034 
f 1955//1955 2033//2033 2034//2034 
f 1955//1955 2034//2034 1956//1956 
f 1877//1877 1955//1955 1956//1956 
f 1877//1877 1956//1956 1878//1878 
f 1799//1799 1877//1877 1878//1878 
f 1798//1798 1877//1877 1799//1799 
f 1720//1720 1798//1798 1799//1799 
f 1798//1798 1876//1876 1877//1877 
f 1876//1876 1955//1955 1877//1877 
f 1876//1876 1954//1954 1955//1955 
f 1954//1954 2033//2033 1955//1955 
f 1954//1954 2032//2032 2033//2033 
f 2032//2032 2111//2111 2033//2033 
f 2032//2032 2110//2110 2111//2111 
f 2110//2110 1363//1363 2111//2111 
f 2111//2111 1363//1363 1362//1362 
f 2110//2110 1386//1386 1363//1363 
f 2109//2109 1386//1386 2110//2110 
f 2031//2031 2109//2109 2110//2110 
f 2031//2031 2110//2110 2032//2032 
f 1953//1953 2031//2031 2032//2032 
f 1953//1953 2032//2032 1954//1954 
f 1875//1875 1953//1953 1954//1954 
f 1875//1875 1954//1954 1876//1876 
f 1797//1797 1875//1875 1876//1876 
f 1797//1797 1876//1876 1798//1798 
f 1796//1796 1875//1875 1797//1797 
f 1796//1796 1874//1874 1875//1875 
f 1874//1874 1953//1953 1875//1875 
f 1874//1874 1952//1952 1953//1953 
f 1952//1952 2031//2031 1953//1953 
f 1952//1952 2030//2030 2031//2031 
f 2030//2030 2109//2109 2031//2031 
f 2030//2030 2108//2108 2109//2109 
f 2108//2108 1387//1387 2109//2109 
f 2109//2109 1387//1387 1386//1386 
f 2108//2108 1388//1388 1387//1387 
f 2107//2107 1388//1388 2108//2108 
f 2029//2029 2107//2107 2108//2108 
f 2029//2029 2108//2108 2030//2030 
f 1951//1951 2029//2029 2030//2030 
f 1951//1951 2030//2030 1952//1952 
f 1873//1873 1951//1951 1952//1952 
f 1873//1873 1952//1952 1874//1874 
f 1795//1795 1873//1873 1874//1874 
f 1795//1795 1874//1874 1796//1796 
f 1794//1794 1873//1873 1795//1795 
f 1794//1794 1872//1872 1873//1873 
f 1872//1872 1951//1951 1873//1873 
f 1872//1872 1950//1950 1951//1951 
f 1950//1950 2029//2029 1951//1951 
f 1950//1950 2028//2028 2029//2029 
f 2028//2028 2107//2107 2029//2029 
f 2028//2028 2106//2106 2107//2107 
f 2106//2106 1402//1402 2107//2107 
f 2107//2107 1402//1402 1388//1388 
f 2106//2106 1403//1403 1402//1402 
f 2105//2105 1403//1403 2106//2106 
f 2027//2027 2105//2105 2106//2106 
f 2027//2027 2106//2106 2028//2028 
f 1949//1949 2027//2027 2028//2028 
f 1949//1949 2028//2028 1950//1950 
f 1871//1871 1949//1949 1950//1950 
f 1871//1871 1950//1950 1872//1872 
f 1793//1793 1871//1871 1872//1872 
f 1793//1793 1872//1872 1794//1794 
f 1792//1792 1871//1871 1793//1793 
f 1714//1714 1792//1792 1793//1793 
f 1713//1713 1792//1792 1714//1714 
f 1713//1713 1791//1791 1792//1792 
f 1791//1791 1870//1870 1792//1792 
f 1792//1792 1870//1870 1871//1871 
f 1870//1870 1949//1949 1871//1871 
f 1870//1870 1948//1948 1949//1949 
f 1948//1948 2027//2027 1949//1949 
f 1948//1948 2026//2026 2027//2027 
f 2026//2026 2105//2105 2027//2027 
f 2026//2026 2104//2104 2105//2105 
f 2104//2104 1404//1404 2105//2105 
f 2105//2105 1404//1404 1403//1403 
f 2104//2104 1405//1405 1404//1404 
f 2103//2103 1405//1405 2104//2104 
f 2025//2025 2103//2103 2104//2104 
f 2025//2025 2104//2104 2026//2026 
f 1947//1947 2025//2025 2026//2026 
f 1947//1947 2026//2026 1948//1948 
f 1869//1869 1947//1947 1948//1948 
f 1869//1869 1948//1948 1870//1870 
f 1791//1791 1869//1869 1870//1870 
f 1790//1790 1869//1869 1791//1791 
f 1712//1712 1790//1790 1791//1791 
f 1712//1712 1791//1791 1713//1713 
f 1790//1790 1868//1868 1869//1869 
f 1868//1868 1947//1947 1869//1869 
f 1868//1868 1946//1946 1947//1947 
f 1946//1946 2025//2025 1947//1947 
f 1946//1946 2024//2024 2025//2025 
f 2024//2024 2103//2103 2025//2025 
f 2024//2024 2102//2102 2103//2103 
f 2102//2102 1406//1406 2103//2103 
f 2103//2103 1406//1406 1405//1405 
f 2102//2102 1407//1407 1406//1406 
f 1565//1565 1210//1210 1209//1209 
f 1710//1710 1789//1789 1711//1711 
f 1710//1710 1788//1788 1789//1789 
f 1788//1788 1867//1867 1789//1789 
f 1788//1788 1866//1866 1867//1867 
f 1866//1866 1945//1945 1867//1867 
f 1866//1866 1944//1944 1945//1945 
f 1944//1944 2023//2023 1945//1945 
f 1944//1944 2022//2022 2023//2023 
f 2022//2022 2101//2101 2023//2023 
f 2022//2022 2100//2100 2101//2101 
f 2100//2100 1361//1361 2101//2101 
f 2100//2100 1364//1364 1361//1361 
f 1364//1364 1358//1358 1361//1361 
f 1364//1364 1365//1365 1358//1358 
f 1358//1358 1365//1365 1366//1366 
f 1366//1366 1389//1389 1358//1358 
f 1358//1358 1389//1389 1390//1390 
f 1358//1358 1390//1390 1356//1356 
f 1356//1356 1357//1357 1358//1358 
f 1357//1357 1367//1367 1358//1358 
f 1358//1358 1367//1367 1368//1368 
f 1358//1358 1368//1368 1369//1369 
f 1369//1369 1370//1370 1358//1358 
f 1358//1358 1370//1370 1371//1371 
f 1358//1358 1371//1371 1372//1372 
f 1372//1372 1391//1391 1358//1358 
f 1358//1358 1391//1391 1392//1392 
f 1358//1358 1392//1392 1393//1393 
f 1393//1393 1408//1408 1358//1358 
f 1358//1358 1408//1408 1409//1409 
f 1358//1358 1409//1409 1373//1373 
f 1373//1373 1374//1374 1358//1358 
f 1358//1358 1374//1374 1375//1375 
f 1358//1358 1375//1375 1376//1376 
f 1376//1376 1394//1394 1358//1358 
f 1358//1358 1394//1394 1395//1395 
f 1358//1358 1395//1395 1377//1377 
f 1377//1377 1378//1378 1358//1358 
f 1358//1358 1378//1378 1379//1379 
f 1358//1358 1379//1379 1380//1380 
f 1380//1380 1410//1410 1358//1358 
f 1358//1358 1410//1410 1411//1411 
f 2079//2079 1376//1376 1375//1375 
f 2079//2079 1375//1375 2080//2080 
f 2080//2080 1375//1375 1374//1374 
f 2080//2080 1374//1374 2081//2081 
f 2081//2081 1374//1374 1373//1373 
f 2081//2081 1373//1373 2082//2082 
f 2082//2082 1373//1373 1409//1409 
f 2082//2082 1409//1409 2083//2083 
f 2083//2083 1409//1409 1408//1408 
f 2083//2083 1408//1408 2084//2084 
f 2005//2005 2083//2083 2084//2084 
f 2005//2005 2084//2084 2006//2006 
f 2006//2006 2084//2084 2085//2085 
f 2006//2006 2085//2085 2007//2007 
f 2007//2007 2085//2085 2086//2086 
f 2007//2007 2086//2086 2008//2008 
f 1929//1929 2007//2007 2008//2008 
f 1929//1929 2008//2008 1930//1930 
f 1930//1930 2008//2008 2009//2009 
f 1930//1930 2009//2009 1931//1931 
f 1931//1931 2009//2009 2010//2010 
f 1931//1931 2010//2010 1932//1932 
f 1853//1853 1931//1931 1932//1932 
f 1853//1853 1932//1932 1854//1854 
f 1775//1775 1853//1853 1854//1854 
f 1775//1775 1854//1854 1776//1776 
f 1697//1697 1775//1775 1776//1776 
f 1697//1697 1776//1776 1698//1698 
f 1619//1619 1697//1697 1698//1698 
f 1619//1619 1698//1698 1620//1620 
f 1510//1510 1619//1619 1620//1620 
f 1620//1620 1698//1698 1699//1699 
f 1698//1698 1777//1777 1699//1699 
f 1699//1699 1777//1777 1778//1778 
f 1699//1699 1778//1778 1700//1700 
f 1700//1700 1778//1778 1779//1779 
f 1700//1700 1779//1779 1701//1701 
f 1701//1701 1779//1779 1780//1780 
f 1701//1701 1780//1780 1702//1702 
f 1702//1702 1780//1780 1781//1781 
f 1702//1702 1781//1781 1703//1703 
f 1703//1703 1781//1781 1782//1782 
f 1703//1703 1782//1782 1704//1704 
f 1704//1704 1782//1782 1783//1783 
f 1704//1704 1783//1783 1705//1705 
f 1705//1705 1783//1783 1784//1784 
f 1705//1705 1784//1784 1706//1706 
f 1706//1706 1784//1784 1785//1785 
f 1706//1706 1785//1785 1707//1707 
f 1707//1707 1785//1785 1786//1786 
f 1707//1707 1786//1786 1708//1708 
f 1708//1708 1786//1786 1787//1787 
f 1708//1708 1787//1787 1709//1709 
f 1709//1709 1787//1787 1788//1788 
f 1709//1709 1788//1788 1710//1710 
f 1787//1787 1866//1866 1788//1788 
f 1787//1787 1865//1865 1866//1866 
f 1865//1865 1944//1944 1866//1866 
f 1865//1865 1943//1943 1944//1944 
f 1943//1943 2022//2022 1944//1944 
f 1943//1943 2021//2021 2022//2022 
f 2021//2021 2100//2100 2022//2022 
f 2021//2021 2099//2099 2100//2100 
f 2099//2099 1364//1364 2100//2100 
f 2099//2099 1365//1365 1364//1364 
f 2098//2098 1365//1365 2099//2099 
f 2020//2020 2098//2098 2099//2099 
f 2020//2020 2099//2099 2021//2021 
f 1942//1942 2020//2020 2021//2021 
f 1942//1942 2021//2021 1943//1943 
f 1864//1864 1942//1942 1943//1943 
f 1864//1864 1943//1943 1865//1865 
f 1786//1786 1864//1864 1865//1865 
f 1786//1786 1865//1865 1787//1787 
f 1785//1785 1864//1864 1786//1786 
f 1785//1785 1863//1863 1864//1864 
f 1863//1863 1942//1942 1864//1864 
f 1863//1863 1941//1941 1942//1942 
f 1941//1941 2020//2020 1942//1942 
f 1941//1941 2019//2019 2020//2020 
f 2019//2019 2098//2098 2020//2020 
f 2019//2019 2097//2097 2098//2098 
f 2097//2097 1366//1366 2098//2098 
f 2098//2098 1366//1366 1365//1365 
f 2097//2097 1389//1389 1366//1366 
f 2096//2096 1389//1389 2097//2097 
f 2018//2018 2096//2096 2097//2097 
f 2018//2018 2097//2097 2019//2019 
f 1940//1940 2018//2018 2019//2019 
f 1940//1940 2019//2019 1941//1941 
f 1862//1862 1940//1940 1941//1941 
f 1862//1862 1941//1941 1863//1863 
f 1784//1784 1862//1862 1863//1863 
f 1784//1784 1863//1863 1785//1785 
f 1783//1783 1862//1862 1784//1784 
f 1783//1783 1861//1861 1862//1862 
f 1861//1861 1940//1940 1862//1862 
f 1861//1861 1939//1939 1940//1940 
f 1939//1939 2018//2018 1940//1940 
f 1939//1939 2017//2017 2018//2018 
f 2017//2017 2096//2096 2018//2018 
f 2017//2017 2095//2095 2096//2096 
f 2095//2095 1390//1390 2096//2096 
f 2096//2096 1390//1390 1389//1389 
f 2095//2095 1356//1356 1390//1390 
f 2094//2094 1356//1356 2095//2095 
f 2016//2016 2094//2094 2095//2095 
f 2016//2016 2095//2095 2017//2017 
f 1938//1938 2016//2016 2017//2017 
f 1938//1938 2017//2017 1939//1939 
f 1860//1860 1938//1938 1939//1939 
f 1860//1860 1939//1939 1861//1861 
f 1782//1782 1860//1860 1861//1861 
f 1782//1782 1861//1861 1783//1783 
f 1781//1781 1860//1860 1782//1782 
f 1781//1781 1859//1859 1860//1860 
f 1859//1859 1938//1938 1860//1860 
f 1859//1859 1937//1937 1938//1938 
f 1937//1937 2016//2016 1938//1938 
f 1937//1937 2015//2015 2016//2016 
f 2015//2015 2094//2094 2016//2016 
f 2015//2015 2093//2093 2094//2094 
f 2093//2093 1357//1357 2094//2094 
f 2094//2094 1357//1357 1356//1356 
f 2093//2093 1367//1367 1357//1357 
f 2092//2092 1367//1367 2093//2093 
f 2014//2014 2092//2092 2093//2093 
f 2014//2014 2093//2093 2015//2015 
f 1936//1936 2014//2014 2015//2015 
f 1936//1936 2015//2015 1937//1937 
f 1858//1858 1936//1936 1937//1937 
f 1858//1858 1937//1937 1859//1859 
f 1780//1780 1858//1858 1859//1859 
f 1780//1780 1859//1859 1781//1781 
f 1779//1779 1858//1858 1780//1780 
f 1779//1779 1857//1857 1858//1858 
f 1857//1857 1936//1936 1858//1858 
f 1857//1857 1935//1935 1936//1936 
f 1935//1935 2014//2014 1936//1936 
f 1935//1935 2013//2013 2014//2014 
f 2013//2013 2092//2092 2014//2014 
f 2013//2013 2091//2091 2092//2092 
f 2091//2091 1368//1368 2092//2092 
f 2092//2092 1368//1368 1367//1367 
f 2091//2091 1369//1369 1368//1368 
f 2090//2090 1369//1369 2091//2091 
f 2012//2012 2090//2090 2091//2091 
f 2012//2012 2091//2091 2013//2013 
f 1934//1934 2012//2012 2013//2013 
f 1934//1934 2013//2013 1935//1935 
f 1856//1856 1934//1934 1935//1935 
f 1856//1856 1935//1935 1857//1857 
f 1778//1778 1856//1856 1857//1857 
f 1778//1778 1857//1857 1779//1779 
f 1777//1777 1856//1856 1778//1778 
f 1777//1777 1855//1855 1856//1856 
f 1855//1855 1934//1934 1856//1856 
f 1855//1855 1933//1933 1934//1934 
f 1933//1933 2012//2012 1934//1934 
f 1933//1933 2011//2011 2012//2012 
f 2011//2011 2090//2090 2012//2012 
f 2011//2011 2089//2089 2090//2090 
f 2089//2089 1370//1370 2090//2090 
f 2090//2090 1370//1370 1369//1369 
f 2089//2089 1371//1371 1370//1370 
f 2088//2088 1371//1371 2089//2089 
f 2010//2010 2088//2088 2089//2089 
f 2010//2010 2089//2089 2011//2011 
f 1932//1932 2010//2010 2011//2011 
f 1932//1932 2011//2011 1933//1933 
f 1854//1854 1932//1932 1933//1933 
f 1854//1854 1933//1933 1855//1855 
f 1776//1776 1854//1854 1855//1855 
f 1776//1776 1855//1855 1777//1777 
f 1698//1698 1776//1776 1777//1777 
f 2009//2009 2088//2088 2010//2010 
f 2009//2009 2087//2087 2088//2088 
f 2087//2087 1372//1372 2088//2088 
f 2088//2088 1372//1372 1371//1371 
f 2087//2087 1391//1391 1372//1372 
f 2086//2086 1391//1391 2087//2087 
f 2008//2008 2086//2086 2087//2087 
f 2008//2008 2087//2087 2009//2009 
f 2086//2086 1392//1392 1391//1391 
f 2085//2085 1392//1392 2086//2086 
f 2085//2085 1393//1393 1392//1392 
f 2084//2084 1393//1393 2085//2085 
f 2084//2084 1408//1408 1393//1393 
f 1493//1493 1194//1194 1192//1192 
f 1195//1195 1194//1194 1493//1493 
f 1191//1191 1190//1190 1192//1192 
f 1509//1509 1153//1153 1152//1152 
f 1557//1557 1227//1227 1226//1226 
f 1217//1217 1216//1216 1562//1562 
f 1562//1562 1216//1216 1212//1212 
f 1313//1313 1459//1459 1460//1460 
f 1503//1503 1169//1169 1167//1167 
f 1160//1160 1159//1159 1507//1507 
f 1533//1533 1285//1285 1284//1284 
f 1548//1548 1251//1251 1249//1249 
f 1252//1252 1251//1251 1548//1548 
f 1133//1133 1134//1134 1135//1135 
f 1133//1133 1132//1132 1134//1134 
f 1129//1129 1131//1131 1130//1130 
f 1120//1120 1119//1119 1524//1524 
# mm_gid 8
g mmGroup8
f 2226//2226 2198//2198 2144//2144 
f 2144//2144 2225//2225 2226//2226 
f 2170//2170 2137//2137 2136//2136 
f 2171//2171 2170//2170 2136//2136 
f 2171//2171 2136//2136 2185//2185 
f 2171//2171 2185//2185 2183//2183 
f 2165//2165 2171//2171 2183//2183 
f 2165//2165 2183//2183 2190//2190 
f 2165//2165 2190//2190 2167//2167 
f 2162//2162 2165//2165 2167//2167 
f 2167//2167 2166//2166 2162//2162 
f 2162//2162 2166//2166 2168//2168 
f 2162//2162 2168//2168 2163//2163 
f 2163//2163 2121//2121 2162//2162 
f 2120//2120 2162//2162 2121//2121 
f 2163//2163 2119//2119 2121//2121 
f 2119//2119 2163//2163 2133//2133 
f 2168//2168 2123//2123 2133//2133 
f 2168//2168 2133//2133 2163//2163 
f 2123//2123 2168//2168 2191//2191 
f 2166//2166 2192//2192 2191//2191 
f 2166//2166 2191//2191 2168//2168 
f 2192//2192 2166//2166 2193//2193 
f 2167//2167 2189//2189 2193//2193 
f 2167//2167 2193//2193 2166//2166 
f 2189//2189 2167//2167 2190//2190 
f 2162//2162 2120//2120 2122//2122 
f 2162//2162 2122//2122 2164//2164 
f 2171//2171 2162//2162 2164//2164 
f 2171//2171 2164//2164 2161//2161 
f 2161//2161 2160//2160 2171//2171 
f 2171//2171 2160//2160 2159//2159 
f 2171//2171 2159//2159 2170//2170 
f 2170//2170 2159//2159 2126//2126 
f 2170//2170 2126//2126 2180//2180 
f 2170//2170 2180//2180 2137//2137 
f 2126//2126 2169//2169 2180//2180 
f 2181//2181 2178//2178 2130//2130 
f 2130//2130 2179//2179 2181//2181 
f 2177//2177 2179//2179 2140//2140 
f 2140//2140 2176//2176 2177//2177 
f 2175//2175 2176//2176 2138//2138 
f 2138//2138 2174//2174 2175//2175 
f 2186//2186 2174//2174 2139//2139 
f 2139//2139 2184//2184 2186//2186 
f 2188//2188 2184//2184 2141//2141 
f 2141//2141 2187//2187 2188//2188 
f 2173//2173 2187//2187 2142//2142 
f 2142//2142 2172//2172 2173//2173 
f 2197//2197 2172//2172 2143//2143 
f 2143//2143 2198//2198 2197//2197 
f 2143//2143 2144//2144 2198//2198 
f 2159//2159 2144//2144 2143//2143 
f 2143//2143 2142//2142 2159//2159 
f 2159//2159 2142//2142 2141//2141 
f 2159//2159 2141//2141 2139//2139 
f 2138//2138 2159//2159 2139//2139 
f 2138//2138 2139//2139 2174//2174 
f 2138//2138 2140//2140 2159//2159 
f 2140//2140 2130//2130 2159//2159 
f 2159//2159 2130//2130 2128//2128 
f 2159//2159 2128//2128 2126//2126 
f 2126//2126 2128//2128 2182//2182 
f 2126//2126 2182//2182 2169//2169 
f 2128//2128 2178//2178 2182//2182 
f 2128//2128 2130//2130 2178//2178 
f 2130//2130 2140//2140 2179//2179 
f 2140//2140 2138//2138 2176//2176 
f 2139//2139 2141//2141 2184//2184 
f 2141//2141 2142//2142 2187//2187 
f 2142//2142 2143//2143 2172//2172 
f 2159//2159 2145//2145 2144//2144 
f 2144//2144 2145//2145 2225//2225 
f 2224//2224 2225//2225 2145//2145 
f 2145//2145 2223//2223 2224//2224 
f 2160//2160 2131//2131 2132//2132 
f 2160//2160 2132//2132 2159//2159 
f 2134//2134 2159//2159 2132//2132 
f 2159//2159 2134//2134 2135//2135 
f 2159//2159 2135//2135 2158//2158 
f 2158//2158 2154//2154 2159//2159 
f 2159//2159 2154//2154 2153//2153 
f 2159//2159 2153//2153 2152//2152 
f 2152//2152 2151//2151 2159//2159 
f 2159//2159 2151//2151 2150//2150 
f 2159//2159 2150//2150 2149//2149 
f 2149//2149 2148//2148 2159//2159 
f 2159//2159 2148//2148 2147//2147 
f 2159//2159 2147//2147 2146//2146 
f 2146//2146 2145//2145 2159//2159 
f 2145//2145 2146//2146 2223//2223 
f 2222//2222 2223//2223 2146//2146 
f 2146//2146 2221//2221 2222//2222 
f 2158//2158 2194//2194 2195//2195 
f 2158//2158 2195//2195 2157//2157 
f 2158//2158 2157//2157 2156//2156 
f 2156//2156 2155//2155 2158//2158 
f 2158//2158 2155//2155 2154//2154 
f 2155//2155 2205//2205 2154//2154 
f 2204//2204 2154//2154 2205//2205 
f 2218//2218 2219//2219 2148//2148 
f 2148//2148 2217//2217 2218//2218 
f 2216//2216 2217//2217 2149//2149 
f 2149//2149 2215//2215 2216//2216 
f 2214//2214 2215//2215 2150//2150 
f 2150//2150 2213//2213 2214//2214 
f 2154//2154 2204//2204 2203//2203 
f 2154//2154 2203//2203 2206//2206 
f 2153//2153 2154//2154 2206//2206 
f 2153//2153 2206//2206 2207//2207 
f 2153//2153 2207//2207 2208//2208 
f 2152//2152 2153//2153 2208//2208 
f 2152//2152 2208//2208 2209//2209 
f 2152//2152 2209//2209 2210//2210 
f 2151//2151 2152//2152 2210//2210 
f 2151//2151 2210//2210 2211//2211 
f 2151//2151 2211//2211 2212//2212 
f 2150//2150 2151//2151 2212//2212 
f 2150//2150 2212//2212 2213//2213 
f 2149//2149 2150//2150 2215//2215 
f 2148//2148 2149//2149 2217//2217 
f 2147//2147 2148//2148 2219//2219 
f 2147//2147 2219//2219 2220//2220 
f 2220//2220 2221//2221 2147//2147 
f 2146//2146 2147//2147 2221//2221 
f 2157//2157 2196//2196 2202//2202 
f 2157//2157 2202//2202 2156//2156 
f 2201//2201 2156//2156 2202//2202 
f 2156//2156 2201//2201 2199//2199 
f 2156//2156 2199//2199 2155//2155 
f 2200//2200 2155//2155 2199//2199 
f 2155//2155 2200//2200 2205//2205 
f 2196//2196 2157//2157 2195//2195 
f 2194//2194 2158//2158 2135//2135 
f 2131//2131 2160//2160 2129//2129 
f 2161//2161 2127//2127 2129//2129 
f 2161//2161 2129//2129 2160//2160 
f 2127//2127 2161//2161 2125//2125 
f 2164//2164 2124//2124 2125//2125 
f 2164//2164 2125//2125 2161//2161 
f 2124//2124 2164//2164 2122//2122 
f 2165//2165 2162//2162 2171//2171 
# mm_gid 9
g mmGroup9
f 2226//2226 2225//2225 2224//2224 
f 2226//2226 2224//2224 2131//2131 
f 2197//2197 2226//2226 2131//2131 
f 2197//2197 2131//2131 2127//2127 
f 2173//2173 2197//2197 2127//2127 
f 2173//2173 2127//2127 2124//2124 
f 2173//2173 2124//2124 2120//2120 
f 2188//2188 2173//2173 2120//2120 
f 2188//2188 2120//2120 2119//2119 
f 2186//2186 2188//2188 2119//2119 
f 2175//2175 2186//2186 2119//2119 
f 2175//2175 2119//2119 2123//2123 
f 2177//2177 2175//2175 2123//2123 
f 2177//2177 2123//2123 2192//2192 
f 2181//2181 2177//2177 2192//2192 
f 2181//2181 2192//2192 2189//2189 
f 2181//2181 2189//2189 2136//2136 
f 2180//2180 2181//2181 2136//2136 
f 2137//2137 2180//2180 2136//2136 
f 2120//2120 2121//2121 2119//2119 
f 2119//2119 2133//2133 2123//2123 
f 2123//2123 2191//2191 2192//2192 
f 2192//2192 2193//2193 2189//2189 
f 2189//2189 2190//2190 2183//2183 
f 2189//2189 2183//2183 2136//2136 
f 2183//2183 2185//2185 2136//2136 
f 2180//2180 2169//2169 2182//2182 
f 2180//2180 2182//2182 2181//2181 
f 2182//2182 2178//2178 2181//2181 
f 2181//2181 2179//2179 2177//2177 
f 2177//2177 2176//2176 2175//2175 
f 2175//2175 2174//2174 2186//2186 
f 2186//2186 2184//2184 2188//2188 
f 2188//2188 2187//2187 2173//2173 
f 2173//2173 2172//2172 2197//2197 
f 2197//2197 2198//2198 2226//2226 
f 2224//2224 2223//2223 2222//2222 
f 2224//2224 2222//2222 2194//2194 
f 2224//2224 2194//2194 2134//2134 
f 2224//2224 2134//2134 2131//2131 
f 2134//2134 2132//2132 2131//2131 
f 2222//2222 2221//2221 2220//2220 
f 2222//2222 2220//2220 2196//2196 
f 2222//2222 2196//2196 2194//2194 
f 2196//2196 2195//2195 2194//2194 
f 2204//2204 2205//2205 2200//2200 
f 2214//2214 2204//2204 2200//2200 
f 2216//2216 2214//2214 2200//2200 
f 2216//2216 2200//2200 2201//2201 
f 2218//2218 2216//2216 2201//2201 
f 2218//2218 2201//2201 2196//2196 
f 2220//2220 2218//2218 2196//2196 
f 2220//2220 2219//2219 2218//2218 
f 2218//2218 2217//2217 2216//2216 
f 2216//2216 2215//2215 2214//2214 
f 2214//2214 2213//2213 2212//2212 
f 2214//2214 2212//2212 2210//2210 
f 2214//2214 2210//2210 2208//2208 
f 2214//2214 2208//2208 2204//2204 
f 2208//2208 2206//2206 2204//2204 
f 2206//2206 2203//2203 2204//2204 
f 2212//2212 2211//2211 2210//2210 
f 2210//2210 2209//2209 2208//2208 
f 2208//2208 2207//2207 2206//2206 
f 2201//2201 2202//2202 2196//2196 
f 2200//2200 2199//2199 2201//2201 
f 2194//2194 2135//2135 2134//2134 
f 2131//2131 2129//2129 2127//2127 
f 2127//2127 2125//2125 2124//2124 
f 2124//2124 2122//2122 2120//2120 
# mm_gid 11
g mmGroup11
f 2227//2227 2228//2228 2229//2229 
f 2229//2229 2228//2228 2230//2230 
f 2229//2229 2230//2230 2231//2231 
f 2231//2231 2230//2230 2232//2232 
f 2231//2231 2232//2232 2233//2233 
f 2233//2233 2232//2232 2234//2234 
f 2233//2233 2234//2234 2235//2235 
f 2235//2235 2234//2234 2236//2236 
f 2235//2235 2236//2236 2237//2237 
f 2237//2237 2236//2236 2238//2238 
f 2237//2237 2238//2238 2239//2239 
f 2239//2239 2238//2238 2240//2240 
f 2239//2239 2240//2240 2241//2241 
f 2241//2241 2240//2240 2242//2242 
f 2241//2241 2242//2242 2243//2243 
f 2243//2243 2242//2242 2244//2244 
f 2243//2243 2244//2244 2245//2245 
f 2245//2245 2244//2244 2246//2246 
f 2245//2245 2246//2246 2247//2247 
f 2247//2247 2246//2246 2248//2248 
f 2247//2247 2248//2248 2249//2249 
f 2249//2249 2248//2248 2250//2250 
f 2249//2249 2250//2250 2251//2251 
f 2251//2251 2250//2250 2252//2252 
f 2251//2251 2252//2252 2253//2253 
f 2253//2253 2252//2252 2254//2254 
f 2253//2253 2254//2254 2255//2255 
f 2255//2255 2254//2254 2256//2256 
f 2255//2255 2256//2256 2257//2257 
f 2257//2257 2256//2256 2258//2258 
f 2257//2257 2258//2258 2259//2259 
f 2259//2259 2258//2258 2260//2260 
f 2259//2259 2260//2260 2261//2261 
f 2261//2261 2260//2260 2262//2262 
f 2261//2261 2262//2262 2263//2263 
f 2263//2263 2262//2262 2264//2264 
f 2263//2263 2264//2264 2265//2265 
f 2265//2265 2264//2264 2266//2266 
f 2265//2265 2266//2266 2267//2267 
f 2267//2267 2266//2266 2268//2268 
f 2267//2267 2268//2268 2269//2269 
f 2269//2269 2268//2268 2270//2270 
f 2269//2269 2270//2270 2271//2271 
f 2271//2271 2270//2270 2272//2272 
f 2271//2271 2272//2272 2273//2273 
f 2273//2273 2272//2272 2274//2274 
f 2273//2273 2274//2274 2275//2275 
f 2275//2275 2274//2274 2276//2276 
f 2275//2275 2276//2276 2277//2277 
f 2277//2277 2276//2276 2278//2278 
f 2277//2277 2278//2278 2279//2279 
f 2279//2279 2278//2278 2280//2280 
f 2279//2279 2280//2280 2281//2281 
f 2281//2281 2280//2280 2282//2282 
f 2281//2281 2282//2282 2283//2283 
f 2283//2283 2282//2282 2284//2284 
f 2283//2283 2284//2284 2285//2285 
f 2285//2285 2284//2284 2286//2286 
f 2285//2285 2286//2286 2287//2287 
f 2287//2287 2286//2286 2288//2288 
f 2287//2287 2288//2288 2289//2289 
f 2289//2289 2288//2288 2290//2290 
f 2289//2289 2290//2290 2291//2291 
f 2291//2291 2290//2290 2292//2292 
f 2291//2291 2292//2292 2293//2293 
f 2293//2293 2292//2292 2294//2294 
f 2293//2293 2294//2294 2295//2295 
f 2295//2295 2294//2294 2296//2296 
f 2295//2295 2296//2296 2297//2297 
f 2297//2297 2296//2296 2298//2298 
f 2297//2297 2298//2298 2227//2227 
f 2227//2227 2298//2298 2228//2228 
f 2299//2299 2300//2300 2301//2301 
f 2301//2301 2300//2300 2302//2302 
f 2301//2301 2302//2302 2303//2303 
f 2303//2303 2302//2302 2304//2304 
f 2303//2303 2304//2304 2305//2305 
f 2305//2305 2304//2304 2306//2306 
f 2305//2305 2306//2306 2307//2307 
f 2307//2307 2306//2306 2308//2308 
f 2307//2307 2308//2308 2309//2309 
f 2309//2309 2308//2308 2310//2310 
f 2309//2309 2310//2310 2311//2311 
f 2311//2311 2310//2310 2312//2312 
f 2311//2311 2312//2312 2313//2313 
f 2313//2313 2312//2312 2314//2314 
f 2313//2313 2314//2314 2315//2315 
f 2315//2315 2314//2314 2316//2316 
f 2315//2315 2316//2316 2317//2317 
f 2317//2317 2316//2316 2318//2318 
f 2317//2317 2318//2318 2319//2319 
f 2319//2319 2318//2318 2320//2320 
f 2319//2319 2320//2320 2321//2321 
f 2321//2321 2320//2320 2322//2322 
f 2321//2321 2322//2322 2323//2323 
f 2323//2323 2322//2322 2324//2324 
f 2323//2323 2324//2324 2325//2325 
f 2325//2325 2324//2324 2326//2326 
f 2325//2325 2326//2326 2327//2327 
f 2327//2327 2326//2326 2328//2328 
f 2327//2327 2328//2328 2329//2329 
f 2329//2329 2328//2328 2330//2330 
f 2329//2329 2330//2330 2331//2331 
f 2331//2331 2330//2330 2332//2332 
f 2331//2331 2332//2332 2333//2333 
f 2333//2333 2332//2332 2334//2334 
f 2333//2333 2334//2334 2335//2335 
f 2335//2335 2334//2334 2336//2336 
f 2335//2335 2336//2336 2337//2337 
f 2337//2337 2336//2336 2338//2338 
f 2337//2337 2338//2338 2339//2339 
f 2339//2339 2338//2338 2340//2340 
f 2339//2339 2340//2340 2341//2341 
f 2341//2341 2340//2340 2342//2342 
f 2341//2341 2342//2342 2343//2343 
f 2343//2343 2342//2342 2344//2344 
f 2343//2343 2344//2344 2345//2345 
f 2345//2345 2344//2344 2346//2346 
f 2345//2345 2346//2346 2347//2347 
f 2347//2347 2346//2346 2348//2348 
f 2347//2347 2348//2348 2349//2349 
f 2349//2349 2348//2348 2350//2350 
f 2349//2349 2350//2350 2351//2351 
f 2351//2351 2350//2350 2352//2352 
f 2351//2351 2352//2352 2353//2353 
f 2353//2353 2352//2352 2354//2354 
f 2353//2353 2354//2354 2355//2355 
f 2355//2355 2354//2354 2356//2356 
f 2355//2355 2356//2356 2357//2357 
f 2357//2357 2356//2356 2358//2358 
f 2357//2357 2358//2358 2359//2359 
f 2359//2359 2358//2358 2360//2360 
f 2359//2359 2360//2360 2361//2361 
f 2361//2361 2360//2360 2362//2362 
f 2361//2361 2362//2362 2363//2363 
f 2363//2363 2362//2362 2364//2364 
f 2363//2363 2364//2364 2365//2365 
f 2365//2365 2364//2364 2366//2366 
f 2365//2365 2366//2366 2367//2367 
f 2367//2367 2366//2366 2368//2368 
f 2367//2367 2368//2368 2369//2369 
f 2369//2369 2368//2368 2370//2370 
f 2369//2369 2370//2370 2299//2299 
f 2299//2299 2370//2370 2300//2300 
f 2254//2254 2344//2344 2256//2256 
f 2256//2256 2344//2344 2342//2342 
f 2256//2256 2342//2342 2258//2258 
f 2258//2258 2342//2342 2340//2340 
f 2258//2258 2340//2340 2260//2260 
f 2260//2260 2340//2340 2338//2338 
f 2260//2260 2338//2338 2262//2262 
f 2262//2262 2338//2338 2336//2336 
f 2262//2262 2336//2336 2264//2264 
f 2264//2264 2336//2336 2334//2334 
f 2264//2264 2334//2334 2266//2266 
f 2266//2266 2334//2334 2332//2332 
f 2266//2266 2332//2332 2268//2268 
f 2268//2268 2332//2332 2330//2330 
f 2268//2268 2330//2330 2270//2270 
f 2270//2270 2330//2330 2328//2328 
f 2270//2270 2328//2328 2272//2272 
f 2272//2272 2328//2328 2326//2326 
f 2272//2272 2326//2326 2274//2274 
f 2274//2274 2326//2326 2324//2324 
f 2274//2274 2324//2324 2276//2276 
f 2276//2276 2324//2324 2322//2322 
f 2276//2276 2322//2322 2278//2278 
f 2278//2278 2322//2322 2320//2320 
f 2278//2278 2320//2320 2280//2280 
f 2280//2280 2320//2320 2318//2318 
f 2280//2280 2318//2318 2282//2282 
f 2282//2282 2318//2318 2316//2316 
f 2282//2282 2316//2316 2284//2284 
f 2284//2284 2316//2316 2314//2314 
f 2284//2284 2314//2314 2286//2286 
f 2286//2286 2314//2314 2312//2312 
f 2286//2286 2312//2312 2288//2288 
f 2288//2288 2312//2312 2310//2310 
f 2288//2288 2310//2310 2290//2290 
f 2290//2290 2310//2310 2308//2308 
f 2290//2290 2308//2308 2292//2292 
f 2292//2292 2308//2308 2306//2306 
f 2292//2292 2306//2306 2294//2294 
f 2294//2294 2306//2306 2304//2304 
f 2294//2294 2304//2304 2296//2296 
f 2296//2296 2304//2304 2302//2302 
f 2296//2296 2302//2302 2298//2298 
f 2298//2298 2302//2302 2300//2300 
f 2298//2298 2300//2300 2228//2228 
f 2228//2228 2300//2300 2370//2370 
f 2228//2228 2370//2370 2230//2230 
f 2230//2230 2370//2370 2368//2368 
f 2230//2230 2368//2368 2232//2232 
f 2232//2232 2368//2368 2366//2366 
f 2232//2232 2366//2366 2234//2234 
f 2234//2234 2366//2366 2364//2364 
f 2234//2234 2364//2364 2236//2236 
f 2236//2236 2364//2364 2362//2362 
f 2236//2236 2362//2362 2238//2238 
f 2238//2238 2362//2362 2360//2360 
f 2238//2238 2360//2360 2240//2240 
f 2240//2240 2360//2360 2358//2358 
f 2240//2240 2358//2358 2242//2242 
f 2242//2242 2358//2358 2356//2356 
f 2242//2242 2356//2356 2244//2244 
f 2244//2244 2356//2356 2354//2354 
f 2244//2244 2354//2354 2246//2246 
f 2246//2246 2354//2354 2352//2352 
f 2246//2246 2352//2352 2248//2248 
f 2248//2248 2352//2352 2350//2350 
f 2248//2248 2350//2350 2250//2250 
f 2250//2250 2350//2350 2348//2348 
f 2250//2250 2348//2348 2252//2252 
f 2252//2252 2348//2348 2346//2346 
f 2252//2252 2346//2346 2254//2254 
f 2254//2254 2346//2346 2344//2344 
f 2257//2257 2343//2343 2255//2255 
f 2255//2255 2343//2343 2345//2345 
f 2255//2255 2345//2345 2253//2253 
f 2253//2253 2345//2345 2347//2347 
f 2253//2253 2347//2347 2251//2251 
f 2251//2251 2347//2347 2349//2349 
f 2251//2251 2349//2349 2249//2249 
f 2249//2249 2349//2349 2351//2351 
f 2249//2249 2351//2351 2247//2247 
f 2247//2247 2351//2351 2353//2353 
f 2247//2247 2353//2353 2245//2245 
f 2245//2245 2353//2353 2355//2355 
f 2245//2245 2355//2355 2243//2243 
f 2243//2243 2355//2355 2357//2357 
f 2243//2243 2357//2357 2241//2241 
f 2241//2241 2357//2357 2359//2359 
f 2241//2241 2359//2359 2239//2239 
f 2239//2239 2359//2359 2361//2361 
f 2239//2239 2361//2361 2237//2237 
f 2237//2237 2361//2361 2363//2363 
f 2237//2237 2363//2363 2235//2235 
f 2235//2235 2363//2363 2365//2365 
f 2235//2235 2365//2365 2233//2233 
f 2233//2233 2365//2365 2367//2367 
f 2233//2233 2367//2367 2231//2231 
f 2231//2231 2367//2367 2369//2369 
f 2231//2231 2369//2369 2229//2229 
f 2229//2229 2369//2369 2299//2299 
f 2229//2229 2299//2299 2227//2227 
f 2227//2227 2299//2299 2301//2301 
f 2227//2227 2301//2301 2297//2297 
f 2297//2297 2301//2301 2303//2303 
f 2297//2297 2303//2303 2295//2295 
f 2295//2295 2303//2303 2305//2305 
f 2295//2295 2305//2305 2293//2293 
f 2293//2293 2305//2305 2307//2307 
f 2293//2293 2307//2307 2291//2291 
f 2291//2291 2307//2307 2309//2309 
f 2291//2291 2309//2309 2289//2289 
f 2289//2289 2309//2309 2311//2311 
f 2289//2289 2311//2311 2287//2287 
f 2287//2287 2311//2311 2313//2313 
f 2287//2287 2313//2313 2285//2285 
f 2285//2285 2313//2313 2315//2315 
f 2285//2285 2315//2315 2283//2283 
f 2283//2283 2315//2315 2317//2317 
f 2283//2283 2317//2317 2281//2281 
f 2281//2281 2317//2317 2319//2319 
f 2281//2281 2319//2319 2279//2279 
f 2279//2279 2319//2319 2321//2321 
f 2279//2279 2321//2321 2277//2277 
f 2277//2277 2321//2321 2323//2323 
f 2277//2277 2323//2323 2275//2275 
f 2275//2275 2323//2323 2325//2325 
f 2275//2275 2325//2325 2273//2273 
f 2273//2273 2325//2325 2327//2327 
f 2273//2273 2327//2327 2271//2271 
f 2271//2271 2327//2327 2329//2329 
f 2271//2271 2329//2329 2269//2269 
f 2269//2269 2329//2329 2331//2331 
f 2269//2269 2331//2331 2267//2267 
f 2267//2267 2331//2331 2333//2333 
f 2267//2267 2333//2333 2265//2265 
f 2265//2265 2333//2333 2335//2335 
f 2265//2265 2335//2335 2263//2263 
f 2263//2263 2335//2335 2337//2337 
f 2263//2263 2337//2337 2261//2261 
f 2261//2261 2337//2337 2339//2339 
f 2261//2261 2339//2339 2259//2259 
f 2259//2259 2339//2339 2341//2341 
f 2259//2259 2341//2341 2257//2257 
f 2257//2257 2341//2341 2343//2343 
