v 5.367147923 24.10648537 22.5981102
vn -0.5965303779 -0.2063903511 -0.7755994797
v 7.55033493 25.13478088 29.57369232
vn -0.8271293044 -0.2180869579 0.5179721713
v 5.366847992 27.85152054 22.51545906
vn -0.6036689281 0.1820055544 -0.776181519
v 11.40208912 24.23053169 23.93104935
vn 0.1271871477 -0.441942066 -0.887981236
v 11.89713383 24.72324753 23.83450699
vn 0.2502439022 -0.3249990046 -0.9120053053
v 5.794549942 28.79973602 22.5
vn -0.08968294412 0.05853546038 -0.9942487478
v 7.238006115 30.48867416 22.5
vn -0.02103080228 0.02681102604 -0.9994192719
v 11.45138454 21.51969337 26.68285561
vn -0.2227369249 0.9672678113 0.1215781942
v 11.85258865 21.59183311 27.40149117
vn -0.3347148597 0.9422676563 0.009882499464
v 8.04364872 24.98048592 30.14918327
vn -0.7891969085 -0.5309052467 -0.3087196648
v 9.296290398 28.46076393 30.20916748
vn -0.4038498998 0.6213051677 0.6714798212
v 8.460198402 28.87262917 28.86220551
vn -0.5874248743 0.7382906079 0.3314498663
v 15.84536743 26.98014641 22.5
vn 2.702871029e-07 -0.6495411396 -0.7603264451
v 15.79608631 26.98014641 22.5
vn -1.464122477e-07 -0.984564364 -0.175022915
v 15.83274651 26.98014641 22.5
vn -1.434323877e-07 -0.9614733458 -0.2748982012
v 11.67147636 26.29792023 23.58332634
vn 0.1834534705 0.09842253476 -0.9780888557
v 11.68944645 24.13688087 24.03563881
vn 0.199860543 -0.4667125642 -0.8615307212
v 8.978417397 22.72999573 26.10427666
vn -0.1613938808 -0.9793647528 -0.1216418296
v 7.630815983 23.65854836 27.94147491
vn -0.8047065139 -0.5829101801 0.1125304326
v 10.45097923 22.89410019 24.97405624
vn -0.08735194057 -0.7534580827 -0.6516674757
v 6.912932396 30.23395538 22.5
vn -0.06772893667 0.0667162016 -0.9954705834
v 12.22428417 25.98014641 23.72767639
vn 0.3420206904 -6.429555126e-17 -0.9396924376
v 6.238293648 22.88572121 22.5
vn -0.05737024173 -0.04221080989 -0.9974602461
v 12.33892441 30.21658897 22.5
vn -0.3716892004 -0.9249849916 -0.07905630767
v 11.70118904 24.78710556 23.76318932
vn 0.1996670365 -0.3073482513 -0.9304139614
v 11.45950031 23.59975433 24.32895279
vn 0.1436267197 -0.5984379649 -0.7881899476
v 5.75488615 23.22072601 22.61971664
vn -0.5545089245 -0.3035897315 -0.7748246193
v 6.542743683 22.48641777 22.5
vn -0.1231297478 -0.1131890789 -0.9859144688
v 12.07394123 21.65077782 22.5
vn -0.245545879 0.960533917 -0.1306973845
v 10.00673771 21.56322861 22.5
vn 0.1528604925 0.9778793454 -0.1427784562
v 7.883168221 29.35817146 22.5
vn 0.6526615024 -0.6769482493 -0.3402557671
v 7.478098869 28.93553162 22.5
vn 0.7191085815 -0.6892110705 -0.08871877939
v 13.97150517 22.74892807 22.5
vn -0.6575257778 0.7470932603 -0.09752705693
v 15.77260017 26.98014641 22.5
vn 6.468836204e-07 -0.9754523039 -0.2202108204
v 15.66538811 26.98014641 22.5
vn 0.9560467601 -0.2763222456 -0.09808497131
v 11.32929134 21.50708771 22.5
vn -0.05429294333 0.9949690104 -0.08419603109
v 11.38544464 21.51175308 22.5
vn -0.08891628683 0.9924793839 -0.08413428068
v 14.21673012 28.95550537 22.5
vn -0.7735347152 -0.6245849133 -0.1074136794
v 14.58449745 28.50003242 22.5
vn -0.7775650024 -0.5786561966 -0.2460684776
v 11.26943874 21.50424385 22.5
vn -0.03749799728 0.8715168834 -0.4889296591
v 12.36324787 31.43802452 22.5
vn 0.1661997437 0.5069620609 -0.8457937837
v 15.24105835 26.93876457 22.5
vn -0.98519665 -0.1689286083 -0.02916645072
v 15.30993748 25.42323685 22.5
vn -0.9852683544 0.1689408869 -0.02655746788
v 6.420931816 25.21964264 22.5
vn 0.924369216 0.2020866722 -0.323577702
v 13.29292965 31.043993 22.5
vn 0.1648063511 0.3116428554 -0.9357978702
v 9.92394352 20.66744804 22.5
vn -0.007029684726 -0.1197900474 -0.9927743673
v 14.86999893 23.97133255 22.5
vn -0.867102325 0.4843918383 -0.1161814779
v 14.9567318 24.12659073 22.5
vn -0.9184285998 0.365897119 -0.150360316
v 10.54879189 21.49349976 22.5
vn 0.1135479659 0.9051696658 -0.4096031487
v 11.60163498 30.40623283 22.5
vn -0.2099771351 -0.9743015766 -0.0815230906
v 15.21100235 24.84624481 22.5
vn -0.9756767154 0.2072499543 -0.07143081725
v 15.15175533 24.67856216 22.5
vn -0.9381751418 0.3314792514 -0.09974432737
v 5.154518127 25.98014641 22.5
vn -0.06692138314 -0.004665325396 -0.9977473617
v 7.659674168 30.81970596 22.5
vn -0.017584702 0.02495791949 -0.9995338321
v 13.03355885 29.90506935 22.5
vn -0.5197562575 -0.8441337347 -0.1314977556
v 15.33999252 26.36177254 22.5
vn -0.9791557789 -0.1283362955 -0.1574287564
v 14.61697102 22.17369843 22.5
vn 0.1402024329 -0.1434782445 -0.9796720147
v 15.10612106 29.52570724 22.5
vn 0.05342933536 0.03931783512 -0.9977973104
v 10.08454895 30.4017334 22.5
vn 0.1249199286 -0.9755161405 -0.1810062677
v 6.686509132 27.64133263 22.5
vn 0.898755908 -0.4062623978 -0.1648900211
v 6.927639961 28.17477417 22.5
vn 0.8654628992 -0.4331442416 -0.2517141998
v 15.80555439 24.98014641 22.5
vn 1.242137557e-07 0.9767989516 -0.2141583264
v 12.96676159 31.20981407 22.5
vn 0.03652326018 0.08617326617 -0.9956104755
v 9.983549118 21.56555176 26.99810982
vn 0.3832809627 0.9155147672 0.1221816689
v 6.927639961 23.78551865 22.5
vn 0.8269483447 0.5125592351 -0.2311698198
v 6.85438633 23.94757462 22.5
vn 0.9049631953 0.4090669751 -0.1170718819
v 6.613255978 24.48101807 22.5
vn 0.896492362 0.3633287251 -0.2535620034
v 7.760112286 22.73051643 22.5
vn 0.7165148258 0.6867249012 -0.1225371957
v 8.496821404 22.14826584 22.5
vn 0.4779209495 0.8615031838 -0.1714755446
v 9.178348541 30.15564728 22.5
vn 0.3952830732 -0.8676016331 -0.3016930521
v 14.26865578 21.83333588 22.59455681
vn 0.4681595862 -0.5385148525 -0.700591445
v 10.81545162 20.60993195 22.50624084
vn 0.01946559735 -0.7127352953 -0.7011629343
v 16.13264847 26.98014641 24.11781883
vn 0.5601686835 -0.4155831039 0.7165903449
v 15.79777908 24.98014641 22.5
vn 2.122030907e-07 0.9962836504 -0.08613305539
v 15.46741199 28.7328968 22.57555389
vn 0.6241884232 0.3501729965 0.6984036565
v 10.48270893 21.49570656 26.558815
vn 0.1343821436 0.9832700491 0.1229691431
v 7.883168221 29.35817146 29.78644562
vn 0.676977098 -0.7265686393 -0.1174733564
v 14.10500622 29.09387207 22.5
vn -0.6699122787 -0.7031356692 -0.2383648157
v 14.9567318 27.83370209 22.5
vn -0.8625417948 -0.438095808 -0.2531673312
v 11.39284229 31.65793991 22.5
vn 0.08889061958 0.595012188 -0.7987859249
v 10.54606247 20.63520622 22.5
vn -0.008674231358 -0.1663518697 -0.9860283136
v 5.189741135 26.76939011 22.5
vn -0.04364688322 0.001951453043 -0.9990451336
v 5.234055519 25.30901527 22.5
vn -0.03355486318 -0.004054261837 -0.9994286299
v 9.419419289 20.36165619 22.72397614
vn -0.1483168751 -0.6170537472 -0.7728174329
v 15.33999252 25.59852028 29.78644562
vn -0.9915134907 0.05612461641 -0.1172645763
v 13.53205299 22.36215973 29.78644562
vn -0.6129345298 0.7813783884 -0.1172990054
v 7.355042934 28.80713654 29.78644562
vn 0.7900269032 -0.6017057896 -0.117505677
v 12.88212109 29.9983139 29.78644562
vn -0.4217677116 -0.8990826607 -0.1173129752
v 15.87754726 27.88461113 22.55284691
vn 0.6753444672 0.2376137078 0.6981758475
v 12.17390633 21.67739677 29.78644562
vn -0.3372293413 0.9321978092 -0.131467253
v 6.613255978 24.48101807 29.78644562
vn 0.9265789986 0.3572493196 -0.1175766662
v 14.58449745 23.46026039 29.78644562
vn -0.8382322192 0.5325528383 -0.1172783375
v 15.66538811 26.98014641 30.48644638
vn 0.96901685 -0.1708336771 0.1783878058
v 6.927639961 23.78551865 29.78644562
vn 0.8528789282 0.5087060928 -0.117540054
v 13.53205299 29.59813309 29.78644562
vn -0.5676479936 -0.8148722053 -0.1172989756
v 11.42778397 30.44369888 29.78644562
vn -0.09815322608 -0.9882284999 -0.1173473373
v 10.98368645 21.48195457 26.49460602
vn -0.04439735785 0.9976831079 0.05154945701
v 12.64145565 31.04509926 22.66295433
vn 0.2596436739 0.6645767689 0.7006588578
v 14.9567318 24.12659073 29.78644562
vn -0.9161775112 0.3832312524 -0.1172714457
v 16.13264847 24.98014641 24.26991844
vn 0.5601698756 0.4155818522 -0.7165901065
v 6.420931816 25.21964264 29.78644562
vn 0.9696822166 0.1947273761 -0.1476400793
v 9.897372246 31.26422882 22.72776985
vn -0.1019914374 0.7058078051 0.701022923
v 16.13264847 26.98014641 23.32406998
vn 0.5601686239 -0.4155830443 0.7165904641
v 10.6449604 21.48510933 26.50901413
vn 0.07544757426 0.9898323417 0.1205800176
v 10.81545162 31.35036278 22.70650101
vn 0.01946581714 0.712736249 0.7011619806
v 13.49964237 21.30541611 22.57252884
vn 0.3700479269 -0.610214293 -0.700502038
v 15.87754726 24.07568169 22.65989113
vn 0.6753428578 -0.2376133054 -0.6981775761
v 14.92311096 22.47284889 22.61532974
vn 0.5544749498 -0.4515794516 -0.6990232468
v 16.13264847 26.98014641 23.52250671
vn 0.6585093141 -0.3506344855 -0.6658986211
v 16.13264847 24.98014641 25.0636692
vn 0.5601686835 0.4155830443 -0.7165904045
v 6.278767109 22.41884804 22.64072418
vn -0.5212171078 -0.4157238007 -0.7453230619
v 7.660587788 30.82068443 22.53173828
vn -0.3169666529 0.5045727491 0.8030806184
v 8.506748199 31.28275871 22.51031303
vn -0.2488578111 0.5839565396 0.7726995349
v 8.506748199 20.67753601 22.70242691
vn -0.2488580942 -0.5839557052 -0.7727000713
v 7.355042934 23.15315628 29.78644562
vn 0.7546418309 0.6455293298 -0.1175055951
v 15.33999252 26.36177254 29.78644562
vn -0.9867365956 -0.1122491509 -0.1172645837
v 9.178348541 30.15564728 29.78644562
vn 0.3962615132 -0.9105988145 -0.1174162626
v 16.13264847 26.98014641 25.70532036
vn 0.5601698756 -0.4155829549 0.7165895104
v 11.73262978 31.27851868 22.68537903
vn 0.1414640993 0.6992417574 0.7007488012
v 16.13264847 26.98014641 24.9115696
vn 0.5601676106 -0.4155831337 0.7165911794
v 8.496821404 29.81202698 29.78644562
vn 0.5444517136 -0.830529511 -0.1174437478
v 12.09709454 31.51881409 22.5
vn 0.02291522361 0.1011166871 -0.9946106076
v 15.87754726 24.07568169 22.5
vn 0.09885378927 -0.03155647218 -0.9946014881
v 13.49964237 21.30541611 22.5
vn 0.02526591346 -0.04736715555 -0.9985579252
v 11.873909 20.71805954 22.5
vn 0.01415405236 -0.05510921031 -0.9983800054
v 15.44491577 29.01194382 22.5
vn 0.1587055326 0.1036055982 -0.9818749428
v 15.60584259 28.75024414 22.5
vn 0.04764316976 0.02305744216 -0.9985982776
v 14.49524975 30.19553947 22.5
vn 0.05392083153 0.05721403658 -0.9969047308
v 16.10942078 24.89779282 22.5
vn 0.7520409226 -0.2121104747 -0.6240541339
v 10.30006409 31.69794846 22.5
vn -0.01712161675 0.1379131228 -0.9902963042
v 10.41744423 31.70403099 22.5
vn -0.009162381291 0.5140458345 -0.8577137589
v 11.20138073 31.68099022 22.5
vn 0.006019801367 0.1273928732 -0.9918340445
v 9.892177582 21.58469009 22.5
vn 0.2647088468 0.8661343455 -0.4239581227
v 9.441890717 31.58291817 22.5
vn -0.1034649462 0.5614675879 -0.8210049272
v 10.81545162 20.60993195 22.5
vn -0.0004523100215 -0.005998995621 -0.9999818802
v 8.020059586 21.295578 22.5
vn -0.09926703572 -0.1810458899 -0.9784520864
v 9.019548416 21.88471222 22.5
vn 0.4464532137 0.885483861 -0.1288325787
v 9.401025772 31.57361984 22.5
vn -0.03064158559 0.1024956256 -0.994261384
v 13.66555405 29.4806385 22.5
vn -0.655998826 -0.7453613281 -0.1187518239
v 6.356204033 25.98014641 22.5
vn 0.9547690749 0.04339273274 -0.2941651642
v 5.267313957 25.04660034 22.5
vn -0.1156164259 -0.03114226274 -0.9928056002
v 8.394140244 31.22106743 22.5
vn -0.009665553458 0.01768576913 -0.9997968674
v 8.506232262 31.28248978 22.5
vn -0.002879943699 0.007432857528 -0.9999682307
v 16.06137848 24.98014641 22.5
vn 0 0.9944402575 -0.1053022742
v 12.64145565 20.91519356 22.5
vn 0.01511154324 -0.04963646457 -0.9986529946
v 16.13264847 26.98014641 22.5
vn 0 -0.2383381575 -0.9711822271
v 6.613255978 27.47927666 22.5
vn 0.9403643012 -0.2849381864 -0.1858094931
v 7.255455494 23.30050087 22.5
vn 0.8224923015 0.5559090376 -0.1202976555
v 10.4969101 28.40649033 30.64615822
vn -0.1008084714 0.6160151958 0.7812572718
v 7.55033493 26.82551384 29.57369232
vn -0.834349215 0.1959310174 0.5152401328
v 8.54843235 28.14096451 29.93696976
vn -0.5908434987 0.5353838801 0.6035462618
v 7.99709177 25.98014641 24.68904114
vn -0.7161907554 0.002867091447 -0.6978986859
v 7.792026043 25.98014641 30.05759811
vn -0.9319587946 -0.03627734259 -0.3607448041
v 7.820641041 26.32767487 30.06801224
vn -0.9275999665 0.1387525499 -0.3468515873
v 15.80365849 26.98014641 22.5
vn -2.208600023e-07 -0.9922799468 -0.1240182966
v 11.54437733 26.14530563 31.42334366
vn 0.9397900105 0.116845049 0.3211571574
v 10.78168106 28.85568428 30.26597023
vn -0.01962514222 0.7173105478 0.6964771748
v 12.58158779 27.78308296 24.36035156
vn 0.4375088215 0.4559705853 -0.775033474
v 9.93301487 21.57600403 22.5
vn 0.1965765655 0.976706624 -0.08603382856
v 8.535920143 26.54222298 24.27703094
vn -0.5818383694 0.1446021199 -0.8003463745
v 11.57079506 29.01324463 29.99436951
vn 0.1672851145 0.7323832512 0.6600230932
v 8.046339035 26.59589386 24.7069664
vn -0.7034121156 0.1569033563 -0.6932479739
v 8.024920464 23.43025589 28.70377731
vn -0.7158998847 -0.6232523918 0.3147122264
v 11.99440861 28.06105614 30.70736504
vn 0.2843316793 0.5253139734 0.8019979596
v 7.697483063 23.5329113 27.30336571
vn -0.7885735035 -0.6131837964 -0.0464483425
v 8.460198402 23.08766556 28.86220551
vn -0.5943866372 -0.7296242118 0.3381612599
v 11.04162693 22.72999573 29.81063461
vn 0.01560704689 -0.9402228594 0.3402020633
v 10.78168106 23.10461044 30.26597023
vn -0.0126670897 -0.7198870778 0.6939756274
v 15.7776432 26.98014641 22.5
vn -2.149122622e-07 -0.997007072 -0.07731033862
v 12.04124355 21.64344978 22.5
vn -0.2071999311 0.9607468247 -0.184482336
v 5.367147923 24.10648537 29.74186134
vn -0.5965324044 -0.2063910812 -0.7755977511
v 5.366847992 24.10877228 29.84103203
vn -0.6036715508 -0.1820058823 0.7761794329
v 5.133018017 25.03970909 29.8198452
vn -0.6247204542 -0.07967460901 0.7767729759
v 6.913138866 21.72613144 29.90368271
vn -0.4501752555 -0.4450241327 0.7741419673
v 6.276381969 22.42107391 29.88366127
vn -0.4847038686 -0.3430716991 0.8045893312
v 6.278767109 22.41884613 29.78447342
vn -0.5212184787 -0.4157243371 -0.7453218102
v 5.75488615 23.22072601 29.76346588
vn -0.5545094013 -0.3035901189 -0.7748240829
v 5.753376007 23.22362709 29.86261368
vn -0.5656696558 -0.2805051208 0.7754577398
v 5.366847992 27.85152054 29.65921021
vn -0.6036662459 0.1820049733 -0.776183784
v 5.367147923 27.85380936 29.75837898
vn -0.5965295434 0.206391111 0.7755998969
v 5.75488615 28.7395668 29.73677063
vn -0.5545089841 0.3035891354 0.7748247981
v 6.913138866 30.23416138 29.59655952
vn -0.4501729906 0.4450238645 -0.7741433978
v 6.276381969 29.53922081 29.61658096
vn -0.4847053289 0.3430727124 -0.8045880198
v 6.278767109 29.54144859 29.715765
vn -0.5212177634 0.4157236516 0.7453226447
v 6.912703991 21.72656822 29.80422211
vn -0.418970108 -0.4755213559 -0.7735266685
v 7.65773201 21.14266968 29.92392731
vn -0.3850621283 -0.5455697179 0.7443660498
v 5.056203842 25.98014641 29.70050812
vn -0.6784973145 -0.008744032122 -0.7345508337
v 5.132912159 25.03941154 29.7205925
vn -0.6214467883 -0.1038190722 -0.7765471935
v 5.056203842 25.98014641 29.79972839
vn -0.6784958243 0.008743031882 0.7345522046
v 7.660587788 21.13960838 29.82475281
vn -0.3169649839 -0.5045718551 -0.8030818701
v 8.506748199 20.6775341 29.84617805
vn -0.2488584369 -0.5839560032 -0.7726997137
v 9.419419289 20.36165428 29.86772537
vn -0.1483168453 -0.6170536876 -0.7728174925
v 8.501787186 20.68012238 29.94527054
vn -0.2722617984 -0.5730820894 0.7729491591
v 9.41369915 20.36240768 29.96681976
vn -0.172785908 -0.6105059385 0.7729343176
v 10.35622215 20.20186043 29.88825226
vn -0.0431246832 -0.6673495173 -0.7434950471
v 10.35478878 20.20135498 29.98762894
vn -0.07065908611 -0.5921031833 0.8027584553
v 11.29666138 20.19699287 30.00758743
vn 0.0355107002 -0.6679242253 0.7433816195
v 11.29804134 20.19649506 29.90821075
vn 0.06369375437 -0.5929797292 -0.8026943207
v 12.23954678 20.34755898 29.92894363
vn 0.1656334251 -0.6125506759 -0.7728824615
v 15.92840576 23.16743469 30.13229942
vn 0.5510966778 -0.3101261854 0.7746703625
v 15.3966589 22.37166595 30.11134338
vn 0.516695857 -0.4218972027 0.7450021505
v 15.92948246 23.16949463 30.03313255
vn 0.562468648 -0.2873970568 -0.7752625346
v 12.23404026 20.34684181 30.02804565
vn 0.1411663294 -0.6188263297 0.7727392912
v 14.00375462 21.10934258 29.97185516
vn 0.378937453 -0.5501286387 -0.7441537976
v 13.14973259 20.65307236 30.04957199
vn 0.2420835793 -0.5869529843 0.7725812197
v 13.15437508 20.65548515 29.95046997
vn 0.2655724287 -0.5763554573 -0.772842586
v 14.00116158 21.1065712 30.07103348
vn 0.3111298382 -0.5084326267 0.8029286861
v 14.755826 21.68637848 30.09162712
vn 0.4136625528 -0.4806022942 0.77324301
v 14.75544834 21.68600464 29.99220085
vn 0.4452091455 -0.4504540563 -0.7738733292
v 15.39856911 22.37344742 30.01215172
vn 0.4808605909 -0.349028945 -0.80433321
v 16.56934738 24.98014641 30.07599258
vn 0.6763404012 0.3292829096 -0.6588903069
v 16.56934738 24.98014641 30.17521286
vn 0.617548883 -0.09655417502 0.7805835009
v 16.32529449 24.04902077 30.15389824
vn 0.5943735838 -0.2133740336 0.7753654122
v 16.32529449 24.04902077 30.05467796
vn 0.6019923091 -0.1892092675 -0.7757609487
v 5.132912159 26.92088127 29.77964973
vn -0.6214460731 0.1038186625 0.7765477896
v 5.133018017 26.92058563 29.68039513
vn -0.6247191429 0.0796764046 -0.77677387
v 5.753376007 28.73666573 29.63762856
vn -0.5656692386 0.2805030346 -0.7754588127
v 7.65773201 30.81762314 29.57631493
vn -0.3850632906 0.545569241 -0.7443658113
v 6.912703991 30.23372459 29.6960144
vn -0.4189696014 0.4755211174 0.7735270858
v 8.506748199 31.28275871 29.65406227
vn -0.2488570064 0.5839571357 0.7726992965
v 7.660587788 30.82068443 29.67548943
vn -0.3169666231 0.5045718551 0.8030812144
v 9.419419289 31.59864044 29.63251305
vn -0.1483166367 0.6170527935 0.7728182077
v 8.501787186 31.28017235 29.55496597
vn -0.2722621262 0.5730791688 -0.7729512453
v 9.41369915 31.59788704 29.53341675
vn -0.172784403 0.6105009913 -0.7729386091
v 10.35622215 31.75843239 29.61198425
vn -0.04312541336 0.6673527956 0.7434920669
v 11.29666138 31.76329994 29.49265099
vn 0.03551077843 0.6679220796 -0.7433835268
v 10.35478878 31.75893784 29.51260757
vn -0.07065837085 0.5920997262 -0.8027610779
v 11.29804134 31.76379776 29.59202766
vn 0.06369432807 0.5929851532 0.8026902676
v 12.23954678 31.61273384 29.57129288
vn 0.1656329632 0.6125493646 0.7728835344
v 12.23404026 31.613451 29.47219467
vn 0.1411680579 0.618824482 -0.7727404833
v 13.15437508 31.30480766 29.54977036
vn 0.2655696869 0.5763519406 0.7728461623
v 14.00375462 30.85095024 29.52838707
vn 0.3789366782 0.5501279235 0.7441547513
v 13.14973259 31.30722046 29.45066833
vn 0.2420836985 0.5869538188 -0.772580564
v 14.00116158 30.85372162 29.42920685
vn 0.3111308813 0.5084361434 -0.8029260635
v 14.755826 30.27391434 29.40861511
vn 0.4136645496 0.4806030095 -0.7732415199
v 15.3966589 29.58862686 29.38889885
vn 0.5166941285 0.4218959808 -0.7450039983
v 14.75544834 30.27428818 29.50803947
vn 0.4452103078 0.4504544735 0.7738724351
v 15.92948246 28.79079819 29.46710968
vn 0.5624661446 0.2873961926 0.7752646208
v 15.39856911 29.58684731 29.48808861
vn 0.4808601737 0.3490285277 0.8043336272
v 16.32529449 27.91127205 29.44556236
vn 0.6019909382 0.1892077625 0.7757624388
v 15.92840576 28.79286003 29.36794281
vn 0.551097393 0.3101273775 -0.7746694088
v 16.32529449 27.91127205 29.34634399
vn 0.5943741798 0.2133731842 -0.7753652334
v 16.56934738 26.98014641 29.42424774
vn 0.6763349175 -0.3292835951 0.6588955522
v 16.56934738 26.98014641 29.32502747
vn 0.6175493598 0.09655433148 -0.7805831432
v 5.367147923 24.10648537 28.94810867
vn -0.5965282321 -0.2063898742 -0.7756012678
v 5.366847992 24.10877228 29.04727936
vn -0.6036721468 -0.1820058972 0.776178956
v 5.133018017 25.03970909 29.02609253
vn -0.6247204542 -0.07967472076 0.7767729759
v 6.913138866 21.72613144 29.10993195
vn -0.4501717091 -0.4450207055 0.7741459608
v 6.276381969 22.42107391 29.0899086
vn -0.4847021699 -0.3430714905 0.804590404
v 6.278767109 22.41884613 28.99072647
vn -0.5212168694 -0.4157242775 -0.7453229427
v 5.75488615 23.22072601 28.96971512
vn -0.5545082092 -0.3035899103 -0.7748249769
v 5.753376007 23.22362709 29.06886292
vn -0.5656713247 -0.2805045843 0.7754567266
v 5.366847992 27.85152054 28.86545944
vn -0.6036704183 0.1820053011 -0.7761804461
v 5.367147923 27.85380936 28.96463013
vn -0.5965279937 0.2063906342 0.7756012678
v 5.75488615 28.7395668 28.94301987
vn -0.5545088053 0.3035902977 0.7748244405
v 6.913138866 30.23416138 28.80280685
vn -0.4501721561 0.4450215399 -0.7741452456
v 6.276381969 29.53922081 28.8228302
vn -0.4847020209 0.3430714905 -0.8045905232
v 6.278767109 29.54144859 28.92201233
vn -0.5212174654 0.4157236516 0.7453228831
v 6.912703991 21.72656822 29.01047516
vn -0.4189718068 -0.4755212069 -0.7735258341
v 7.65773201 21.14266968 29.13017654
vn -0.3850618601 -0.5455676913 0.7443676591
v 5.056203842 25.98014641 28.90676117
vn -0.6784917712 -0.008742968552 -0.7345559597
v 5.132912159 25.03941154 28.92684174
vn -0.6214425564 -0.1038173512 -0.7765507698
v 5.056203842 25.98014641 29.00597763
vn -0.6784923673 0.008743098006 0.7345554233
v 7.660587788 21.13960838 29.03100204
vn -0.3169663846 -0.5045729876 -0.8030805588
v 8.506748199 20.6775341 29.0524292
vn -0.248859629 -0.5839588642 -0.7726971507
v 9.419419289 20.36165428 29.07397461
vn -0.1483174115 -0.6170552373 -0.7728161216
v 8.501787186 20.68012238 29.15152359
vn -0.2722609043 -0.5730799437 0.7729511261
v 9.41369915 20.36240768 29.173069
vn -0.1727856994 -0.6105049253 0.7729352117
v 10.35622215 20.20186043 29.09450531
vn -0.04312489554 -0.6673525572 -0.7434923053
v 10.35478878 20.20135498 29.1938839
vn -0.0706590265 -0.5921006203 0.802760303
v 11.29666138 20.19699287 29.21383667
vn 0.03551074862 -0.6679247022 0.7433811426
v 11.29804134 20.19649506 29.11445999
vn 0.06369378418 -0.5929817557 -0.8026928306
v 12.23954678 20.34755898 29.13519669
vn 0.1656335741 -0.6125509739 -0.7728821635
v 15.92840576 23.16743469 29.33854866
vn 0.5510970354 -0.3101273775 0.7746696472
v 15.3966589 22.37166595 29.31759262
vn 0.5166946054 -0.4218962789 0.7450034618
v 15.92948246 23.16949463 29.23937988
vn 0.5624662042 -0.2873964012 -0.7752645016
v 12.23404026 20.34684181 29.23429489
vn 0.141167298 -0.6188261509 0.7727392316
v 14.00375462 21.10934258 29.1781044
vn 0.3789359331 -0.5501280427 -0.7441550493
v 13.14973259 20.65307236 29.25582123
vn 0.2420836985 -0.5869532228 0.7725809813
v 13.15437508 20.65548515 29.15671921
vn 0.2655715346 -0.5763532519 -0.772844553
v 14.00116158 21.1065712 29.27728271
vn 0.3111298382 -0.5084326267 0.8029286861
v 14.755826 21.68637848 29.29787636
vn 0.4136629701 -0.4806027114 0.7732425332
v 14.75544834 21.68600464 29.19844818
vn 0.4452098012 -0.4504535496 -0.7738732696
v 15.39856911 22.37344742 29.21840286
vn 0.4808597267 -0.3490269482 -0.8043345809
v 16.56934738 24.98014641 29.28224182
vn 0.6763379574 0.3292831182 -0.6588926911
v 16.56934738 24.98014641 29.3814621
vn 0.617548883 -0.09655417502 0.7805835009
v 16.32529449 24.04902077 29.36014748
vn 0.594373703 -0.213373214 0.7753655314
v 16.32529449 24.04902077 29.26092911
vn 0.6019926071 -0.189209193 -0.7757607698
v 5.132912159 26.92088127 28.98589706
vn -0.6214422584 0.1038172022 0.7765510678
v 5.133018017 26.92058563 28.88664818
vn -0.6247202754 0.07967469096 -0.7767731547
v 5.753376007 28.73666573 28.84387589
vn -0.5656691194 0.2805029452 -0.7754589319
v 7.65773201 30.81762314 28.78256416
vn -0.3850629032 0.545568943 -0.7443662286
v 6.912703991 30.23372459 28.90226364
vn -0.4189724028 0.4755222797 0.7735248208
v 8.506748199 31.28275871 28.86031151
vn -0.2488597482 0.5839583874 0.7726975083
v 7.660587788 30.82068443 28.88173866
vn -0.3169674873 0.5045744777 0.8030792475
v 9.419419289 31.59864044 28.8387661
vn -0.1483172178 0.6170540452 0.7728171349
v 8.501787186 31.28017235 28.76121712
vn -0.2722608149 0.5730794668 -0.7729514241
v 9.41369915 31.59788704 28.73967171
vn -0.1727852225 0.6105036736 -0.7729363441
v 10.35622215 31.75843239 28.8182354
vn -0.04312453046 0.6673534513 0.7434915304
v 11.29666138 31.76329994 28.69890404
vn 0.0355114378 0.6679241061 -0.7433816791
v 10.35478878 31.75893784 28.71885872
vn -0.07065866888 0.5921020508 -0.8027593493
v 11.29804134 31.76379776 28.79828072
vn 0.0636940524 0.5929822922 0.8026923537
v 12.23954678 31.61273384 28.77754402
vn 0.165633589 0.6125507951 0.7728822827
v 12.23404026 31.613451 28.67844582
vn 0.141166687 0.61882478 -0.7727404833
v 13.15437508 31.30480766 28.7560215
vn 0.2655715346 0.576353848 0.7728441358
v 14.00375462 30.85095024 28.73463631
vn 0.3789365292 0.5501288772 0.7441540956
v 13.14973259 31.30722046 28.65691948
vn 0.2420836091 0.586953938 -0.7725805044
v 14.00116158 30.85372162 28.63545799
vn 0.3111306131 0.5084351301 -0.8029268384
v 14.755826 30.27391434 28.61486435
vn 0.4136648178 0.4806043506 -0.7732405066
v 15.3966589 29.58862686 28.59514618
vn 0.5166948438 0.4218967557 -0.7450031042
v 14.75544834 30.27428818 28.71429062
vn 0.4452106953 0.4504545927 0.7738721371
v 15.92948246 28.79079819 28.67335892
vn 0.5624665618 0.2873963416 0.7752643228
v 15.39856911 29.58684731 28.69433594
vn 0.4808607101 0.3490279615 0.8043335676
v 16.32529449 27.91127205 28.65180969
vn 0.6019923687 0.1892091185 0.7757610083
v 15.92840576 28.79286003 28.57419205
vn 0.5510969162 0.310126543 -0.7746700644
v 16.32529449 27.91127205 28.55259323
vn 0.5943723917 0.2133730948 -0.7753666043
v 16.56934738 26.98014641 28.63049698
vn 0.6763376594 -0.3292833269 0.6588929296
v 16.56934738 26.98014641 28.53127861
vn 0.6175493598 0.09655430913 -0.7805831432
v 5.367147923 24.10648537 28.15435982
vn -0.5965288281 -0.2063905299 -0.7756006122
v 5.366847992 24.10877228 28.25352859
vn -0.6036699414 -0.1820061058 0.776180625
v 5.133018017 25.03970909 28.23234367
vn -0.6247209907 -0.0796751976 0.7767724991
v 6.913138866 21.72613144 28.31618118
vn -0.4501727819 -0.4450223148 0.7741444111
v 6.276381969 22.42107391 28.29615784
vn -0.4847049713 -0.3430722654 0.8045884371
v 6.278767109 22.41884613 28.19697571
vn -0.5212167501 -0.4157229662 -0.7453237772
v 5.75488615 23.22072601 28.17596626
vn -0.5545069575 -0.3035892248 -0.774826169
v 5.753376007 23.22362709 28.27511215
vn -0.565669775 -0.2805038095 0.7754581571
v 5.366847992 27.85152054 28.07171059
vn -0.6036710739 0.1820056587 -0.7761798501
v 5.367147923 27.85380936 28.17087936
vn -0.5965287685 0.2063903511 0.7756007314
v 5.75488615 28.7395668 28.14927101
vn -0.5545085669 0.3035901487 0.7748246789
v 6.913138866 30.23416138 28.009058
vn -0.450173676 0.4450231194 -0.7741434574
v 6.276381969 29.53922081 28.02908134
vn -0.4847025871 0.3430720866 -0.8045899272
v 6.278767109 29.54144859 28.12826347
vn -0.5212187171 0.4157237411 0.7453219891
v 6.912703991 21.72656822 28.2167244
vn -0.4189704061 -0.4755211473 -0.7735266089
v 7.65773201 21.14266968 28.33642769
vn -0.3850611448 -0.5455668569 0.7443686724
v 5.056203842 25.98014641 28.11301041
vn -0.678493619 -0.008742948063 -0.7345542312
v 5.132912159 25.03941154 28.13309097
vn -0.6214446425 -0.1038181633 -0.7765489817
v 5.056203842 25.98014641 28.21222878
vn -0.6784947515 0.008743711747 0.7345532179
v 7.660587788 21.13960838 28.23725319
vn -0.3169659078 -0.5045723319 -0.8030811548
v 8.506748199 20.6775341 28.25867844
vn -0.248859033 -0.5839575529 -0.7726983428
v 9.419419289 20.36165428 28.28022575
vn -0.1483172029 -0.6170545816 -0.7728167176
v 8.501787186 20.68012238 28.35777283
vn -0.2722602785 -0.5730788708 0.7729521394
v 9.41369915 20.36240768 28.37932014
vn -0.172785148 -0.6105030179 0.772936821
v 10.35622215 20.20186043 28.30075455
vn -0.04312483221 -0.6673510671 -0.7434936166
v 10.35478878 20.20135498 28.40013123
vn -0.07065892965 -0.5920993686 0.8027612567
v 11.29666138 20.19699287 28.42008781
vn 0.03551065922 -0.6679237485 0.7433820367
v 11.29804134 20.19649506 28.32071114
vn 0.06369279325 -0.5929820538 -0.8026926517
v 12.23954678 20.34755898 28.34144402
vn 0.1656340063 -0.6125503182 -0.7728825808
v 15.92840576 23.16743469 28.54479599
vn 0.5510954261 -0.3101264536 0.7746711373
v 15.3966589 22.37166595 28.52384186
vn 0.5166941285 -0.421895802 0.7450041175
v 15.92948246 23.16949463 28.44563103
vn 0.5624681711 -0.2873963416 -0.7752631307
v 12.23404026 20.34684181 28.44054413
vn 0.141167447 -0.6188263893 0.7727390528
v 14.00375462 21.10934258 28.38435555
vn 0.3789356649 -0.5501275063 -0.7441555262
v 13.14973259 20.65307236 28.46207237
vn 0.2420825958 -0.5869510174 0.7725830078
v 13.15437508 20.65548515 28.36297035
vn 0.2655722201 -0.5763537288 -0.7728439569
v 14.00116158 21.1065712 28.48353195
vn 0.3111296892 -0.5084332228 0.8029283285
v 14.755826 21.68637848 28.50412369
vn 0.4136637449 -0.4806020558 0.7732424736
v 14.75544834 21.68600464 28.40469933
vn 0.4452089369 -0.4504531622 -0.7738739848
v 15.39856911 22.37344742 28.42465019
vn 0.4808595777 -0.3490280509 -0.8043341637
v 16.56934738 24.98014641 28.48849487
vn 0.67633605 0.3292838037 -0.6588943005
v 16.56934738 24.98014641 28.58771133
vn 0.6175470352 -0.09655561298 0.7805848122
v 16.32529449 24.04902077 28.56639481
vn 0.594373107 -0.213373214 0.7753660679
v 16.32529449 24.04902077 28.46718025
vn 0.6019915938 -0.1892083287 -0.7757617831
v 5.132912159 26.92088127 28.1921463
vn -0.6214442253 0.1038178951 0.7765493393
v 5.133018017 26.92058563 28.09289742
vn -0.6247196794 0.07967493683 -0.776773572
v 5.753376007 28.73666573 28.05012512
vn -0.5656701922 0.28050372 -0.775457859
v 7.65773201 30.81762314 27.9888134
vn -0.3850622773 0.5455688238 -0.7443666458
v 6.912703991 30.23372459 28.10851669
vn -0.4189696014 0.4755216539 0.7735267282
v 8.506748199 31.28275871 28.06656265
vn -0.2488591522 0.5839570165 0.7726987004
v 7.660587788 30.82068443 28.0879879
vn -0.3169668317 0.5045726895 0.8030806184
v 9.419419289 31.59864044 28.04501534
vn -0.1483169198 0.6170534492 0.7728176713
v 8.501787186 31.28017235 27.96746826
vn -0.272261411 0.5730797648 -0.7729510665
v 9.41369915 31.59788704 27.94592094
vn -0.1727853864 0.61050421 -0.7729358673
v 10.35622215 31.75843239 28.02448654
vn -0.04312439263 0.6673521399 0.7434926629
v 11.29666138 31.76329994 27.90515327
vn 0.03551091999 0.6679235101 -0.7433822155
v 10.35478878 31.75893784 27.92510986
vn -0.07065816969 0.59210217 -0.8027592897
v 11.29804134 31.76379776 28.00452995
vn 0.06369401515 0.5929816961 0.8026928306
v 12.23954678 31.61273384 27.98379517
vn 0.1656334698 0.6125482321 0.7728843093
v 12.23404026 31.613451 27.88469696
vn 0.1411669701 0.6188259125 -0.7727395296
v 13.15437508 31.30480766 27.96227074
vn 0.2655709088 0.57635355 0.772844553
v 14.00375462 30.85095024 27.94088554
vn 0.378936857 0.5501284599 0.7441542149
v 13.14973259 31.30722046 27.86316872
vn 0.242083475 0.5869539976 -0.7725804448
v 14.00116158 30.85372162 27.84170914
vn 0.3111312985 0.5084342957 -0.8029270768
v 14.755826 30.27391434 27.82111549
vn 0.4136619568 0.4806017578 -0.7732436061
v 15.3966589 29.58862686 27.80139542
vn 0.5166935325 0.4218968153 -0.7450039387
v 14.75544834 30.27428818 27.92053795
vn 0.4452104568 0.4504544735 0.7738723755
v 15.92948246 28.79079819 27.87960815
vn 0.5624675751 0.2873966396 0.7752634287
v 15.39856911 29.58684731 27.90058708
vn 0.480860889 0.3490293622 0.8043328524
v 16.32529449 27.91127205 27.85806084
vn 0.601991713 0.1892084181 0.7757616639
v 15.92840576 28.79286003 27.78044128
vn 0.5510975718 0.3101268113 -0.7746694684
v 16.32529449 27.91127205 27.75884247
vn 0.5943738222 0.2133731693 -0.7753654718
v 16.56934738 26.98014641 27.83674622
vn 0.6763364077 -0.3292834461 0.6588941216
v 16.56934738 26.98014641 27.73752785
vn 0.6175493598 0.09655431658 -0.7805831432
v 5.367147923 24.10648537 27.36061096
vn -0.5965312123 -0.2063910365 -0.7755986452
v 5.366847992 24.10877228 27.45977974
vn -0.6036706567 -0.1820060164 0.7761800885
v 5.133018017 25.03970909 27.43859673
vn -0.624720335 -0.07967460155 0.7767730951
v 6.913138866 21.72613144 27.52243233
vn -0.450173676 -0.4450232387 0.7741433978
v 6.276381969 22.42107391 27.50240898
vn -0.484703958 -0.3430722356 0.8045890331
v 6.278767109 22.41884613 27.40322495
vn -0.5212183595 -0.4157236516 -0.7453222275
v 5.75488615 23.22072601 27.38221741
vn -0.5545088053 -0.3035902083 -0.7748245001
v 5.753376007 23.22362709 27.4813633
vn -0.565669179 -0.2805041969 0.7754583955
v 5.366847992 27.85152054 27.27795982
vn -0.6036708355 0.1820062697 -0.7761799097
v 5.367147923 27.85380936 27.3771286
vn -0.5965289474 0.2063903809 0.7756005526
v 5.75488615 28.7395668 27.35552216
vn -0.5545086861 0.303589642 0.7748247981
v 6.913138866 30.23416138 27.21530724
vn -0.4501726627 0.4450229406 -0.7741441727
v 6.276381969 29.53922081 27.23533058
vn -0.4847038686 0.3430721164 -0.8045891523
v 6.278767109 29.54144859 27.33451271
vn -0.5212172866 0.4157241285 0.7453227043
v 6.912703991 21.72656822 27.42297363
vn -0.4189693928 -0.4755207002 -0.7735274434
v 7.65773201 21.14266968 27.54267693
vn -0.3850612342 -0.5455678105 0.7443678975
v 5.056203842 25.98014641 27.31925964
vn -0.6784947515 -0.008743704297 -0.7345532179
v 5.132912159 25.03941154 27.33934212
vn -0.6214461327 -0.1038184017 -0.7765477896
v 5.056203842 25.98014641 27.41847801
vn -0.6784947515 0.008743711747 0.7345532179
v 7.660587788 21.13960838 27.44350243
vn -0.3169657588 -0.5045714378 -0.8030818105
v 8.506748199 20.6775341 27.46492767
vn -0.2488578856 -0.5839573145 -0.7726989388
v 9.419419289 20.36165428 27.4864769
vn -0.1483165175 -0.6170524359 -0.7728185654
v 8.501787186 20.68012238 27.56402206
vn -0.2722608745 -0.57307899 0.7729517817
v 9.41369915 20.36240768 27.58556938
vn -0.1727853268 -0.6105037332 0.7729362249
v 10.35622215 20.20186043 27.50700378
vn -0.0431255661 -0.6673501134 -0.743494451
v 10.35478878 20.20135498 27.60638046
vn -0.07065969706 -0.5921015143 0.8027595878
v 11.29666138 20.19699287 27.62633896
vn 0.0355110541 -0.6679240465 0.7433817387
v 11.29804134 20.19649506 27.52696037
vn 0.06369392574 -0.592982471 -0.8026922345
v 12.23954678 20.34755898 27.54769516
vn 0.1656335145 -0.6125490069 -0.7728837132
v 15.92840576 23.16743469 27.75104713
vn 0.5510969758 -0.3101266921 0.7746699452
v 15.3966589 22.37166595 27.730093
vn 0.5166937709 -0.4218960702 0.7450041771
v 15.92948246 23.16949463 27.65188217
vn 0.5624673367 -0.2873966396 -0.7752636075
v 12.23404026 20.34684181 27.64679337
vn 0.141167298 -0.6188255548 0.772739768
v 14.00375462 21.10934258 27.59060478
vn 0.3789369762 -0.550128758 -0.7441539764
v 13.14973259 20.65307236 27.66832161
vn 0.2420829684 -0.5869532824 0.7725812197
v 13.15437508 20.65548515 27.56921959
vn 0.2655709088 -0.5763527751 -0.772845149
v 14.00116158 21.1065712 27.6897831
vn 0.3111300468 -0.5084339976 0.8029277325
v 14.755826 21.68637848 27.71037483
vn 0.4136628509 -0.4806013405 0.7732434273
v 14.75544834 21.68600464 27.61095047
vn 0.4452106059 -0.4504543543 -0.7738723159
v 15.39856911 22.37344742 27.63090134
vn 0.4808601737 -0.3490285277 -0.8043336272
v 16.56934738 24.98014641 27.6947422
vn 0.6763364077 0.3292834759 -0.6588941216
v 16.56934738 24.98014641 27.79396057
vn 0.6175493598 -0.09655433148 0.7805831432
v 16.32529449 24.04902077 27.77264595
vn 0.5943741202 -0.2133733332 0.7753652334
v 16.32529449 24.04902077 27.67342758
vn 0.601991415 -0.1892085671 -0.7757618427
v 5.132912159 26.92088127 27.39839745
vn -0.6214445233 0.1038179472 0.7765491009
v 5.133018017 26.92058563 27.29914474
vn -0.6247211099 0.0796752125 -0.7767724395
v 5.753376007 28.73666573 27.25637627
vn -0.5656709075 0.2805044949 -0.7754570842
v 7.65773201 30.81762314 27.19506454
vn -0.3850620091 0.5455681682 -0.7443672419
v 6.912703991 30.23372459 27.31476402
vn -0.4189704359 0.4755216241 0.7735263109
v 8.506748199 31.28275871 27.27281189
vn -0.2488580793 0.5839551687 0.7727004886
v 7.660587788 30.82068443 27.29423714
vn -0.3169662654 0.5045724511 0.8030809164
v 9.419419289 31.59864044 27.25126457
vn -0.1483167261 0.6170526743 0.772818327
v 8.501787186 31.28017235 27.17371941
vn -0.2722615302 0.5730797052 -0.7729510069
v 9.41369915 31.59788704 27.15217018
vn -0.1727854311 0.6105028391 -0.7729368806
v 10.35622215 31.75843239 27.23073578
vn -0.04312439263 0.6673521399 0.7434926629
v 11.29666138 31.76329994 27.11140251
vn 0.03551148251 0.6679235101 -0.7433822155
v 10.35478878 31.75893784 27.1313591
vn -0.07065860927 0.5921012759 -0.8027598858
v 11.29804134 31.76379776 27.21077919
vn 0.06369304657 0.5929823518 0.8026924133
v 12.23954678 31.61273384 27.19004631
vn 0.1656333059 0.6125499606 0.772882998
v 12.23404026 31.613451 27.0909462
vn 0.1411670297 0.6188262105 -0.7727392912
v 13.15437508 31.30480766 27.16852188
vn 0.2655717731 0.5763556361 0.7728426456
v 14.00375462 30.85095024 27.14713669
vn 0.3789378107 0.5501295924 0.7441529036
v 13.14973259 31.30722046 27.06941795
vn 0.2420835495 0.5869551301 -0.7725796103
v 14.00116158 30.85372162 27.04795837
vn 0.3111323118 0.5084357858 -0.8029257059
v 14.755826 30.27391434 27.02736473
vn 0.4136642814 0.4806036055 -0.7732412815
v 15.3966589 29.58862686 27.00764656
vn 0.5166956782 0.421898365 -0.7450015545
v 14.75544834 30.27428818 27.12678909
vn 0.4452098012 0.4504537582 0.7738731503
v 15.92948246 28.79079819 27.0858593
vn 0.5624687076 0.287397176 0.7752624154
v 15.39856911 29.58684731 27.10684013
vn 0.4808595181 0.3490287662 0.8043339252
v 16.32529449 27.91127205 27.06431389
vn 0.6019940972 0.1892089695 0.775759697
v 15.92840576 28.79286003 26.98669052
vn 0.5510987043 0.3101274669 -0.7746683955
v 16.32529449 27.91127205 26.96509171
vn 0.5943734646 0.2133730054 -0.7753658295
v 16.56934738 26.98014641 27.04299545
vn 0.6763397455 -0.329281956 0.6588914394
v 16.56934738 26.98014641 26.94377708
vn 0.6175471544 0.09655360878 -0.780584991
v 5.367147923 24.10648537 26.5668602
vn -0.5965304375 -0.2063903362 -0.7755994201
v 5.366847992 24.10877228 26.66602898
vn -0.6036714911 -0.1820062101 0.7761793733
v 5.133018017 25.03970909 26.64484406
vn -0.6247211695 -0.0796752423 0.7767723799
v 6.913138866 21.72613144 26.72868156
vn -0.4501726925 -0.4450222254 0.7741445303
v 6.276381969 22.42107391 26.70865822
vn -0.4847046137 -0.3430728912 0.8045883775
v 6.278767109 22.41884804 26.60947418
vn -0.5212171674 -0.4157238901 -0.7453229427
v 5.75488615 23.22072601 26.58846664
vn -0.5545088649 -0.3035898209 -0.7748245597
v 5.753376007 23.22362709 26.68761253
vn -0.5656709671 -0.280505091 0.7754567862
v 5.366847992 27.85152054 26.48420906
vn -0.6036690474 0.1820055991 -0.7761814594
v 5.367147923 27.85380936 26.58337975
vn -0.5965307355 0.2063910067 0.7755990028
v 5.75488615 28.7395668 26.5617733
vn -0.5545092821 0.3035896719 0.7748243213
v 6.913138866 30.23416138 26.42155838
vn -0.4501740038 0.4450243413 -0.7741425633
v 6.276381969 29.53922081 26.44157982
vn -0.4847044051 0.343072474 -0.8045886755
v 6.278767109 29.54144859 26.54076385
vn -0.5212186575 0.4157238603 0.7453219295
v 6.912703991 21.72656822 26.62922478
vn -0.4189692438 -0.4755207002 -0.7735275626
v 7.65773201 21.14266968 26.74892616
vn -0.385060668 -0.5455670953 0.744368732
v 5.056203842 25.98014641 26.52551079
vn -0.6784947515 -0.008743704297 -0.7345532179
v 5.132912159 25.03941154 26.54559135
vn -0.6214444041 -0.1038179994 -0.7765492201
v 5.056203842 25.98014641 26.62473106
vn -0.6784945726 0.008743586019 0.7345533967
v 7.660587788 21.13960838 26.64975357
vn -0.3169655204 -0.5045707226 -0.8030823469
v 8.506748199 20.67753601 26.67117691
vn -0.2488581091 -0.5839557052 -0.7727000713
v 9.419419289 20.36165619 26.69272614
vn -0.1483167559 -0.6170537472 -0.7728174329
v 8.501787186 20.68012238 26.7702713
vn -0.27226156 -0.5730803609 0.7729505301
v 9.41369915 20.36240768 26.79182053
vn -0.1727861166 -0.61050421 0.7729356885
v 10.35622215 20.20186043 26.71325302
vn -0.04312480241 -0.6673508286 -0.743493855
v 10.35478878 20.20135498 26.81263161
vn -0.07065908611 -0.5921015143 0.8027596474
v 11.29666138 20.19699287 26.8325882
vn 0.0355111137 -0.6679236889 0.7433820963
v 11.29804134 20.19649506 26.73321152
vn 0.06369335204 -0.5929813385 -0.8026931882
v 12.23954678 20.34755898 26.7539444
vn 0.1656332314 -0.6125498414 -0.7728831172
v 15.92840576 23.16743469 26.95729637
vn 0.551097095 -0.3101273775 0.7746695876
v 15.3966589 22.37166595 26.93634224
vn 0.5166952014 -0.4218965769 0.7450029254
v 15.92948246 23.16949463 26.8581295
vn 0.5624673963 -0.2873968482 -0.7752634883
v 12.23404026 20.34684181 26.85304451
vn 0.1411673874 -0.6188258529 0.77273947
v 14.00375462 21.10934258 26.79685402
vn 0.3789368868 -0.5501278043 -0.7441547513
v 13.14973259 20.65307236 26.87457085
vn 0.2420834303 -0.5869542956 0.772580266
v 13.15437508 20.65548515 26.77546883
vn 0.2655710578 -0.5763533115 -0.7728446722
v 14.00116158 21.1065712 26.89603233
vn 0.3111314178 -0.5084351301 0.8029265404
v 14.755826 21.68637848 26.91662407
vn 0.4136633277 -0.4806025028 0.7732424736
v 14.75544834 21.68600464 26.81719971
vn 0.4452091753 -0.4504527152 -0.773874104
v 15.39856911 22.37344742 26.83715057
vn 0.4808585644 -0.3490281701 -0.8043347597
v 16.56934738 24.98014641 26.90099335
vn 0.6763397455 0.3292819858 -0.6588914394
v 16.56934738 24.98014641 27.00021172
vn 0.6175471544 -0.09655361623 0.7805849314
v 16.32529449 24.04902077 26.97889709
vn 0.5943733454 -0.2133737057 0.7753657103
v 16.32529449 24.04902077 26.87967682
vn 0.601993978 -0.1892086715 -0.7757598162
v 5.132912159 26.92088127 26.60464668
vn -0.6214459538 0.103818737 0.7765479088
v 5.133018017 26.92058563 26.50539398
vn -0.624719739 0.07967439294 -0.7767736316
v 5.753376007 28.73666573 26.46262741
vn -0.5656696558 0.2805040479 -0.7754580975
v 7.65773201 30.81762314 26.40131378
vn -0.3850622773 0.5455688238 -0.7443666458
v 6.912703991 30.23372459 26.52101517
vn -0.4189696014 0.4755216539 0.7735267282
v 8.506748199 31.28275871 26.47906303
vn -0.2488577962 0.5839564204 0.7726996541
v 7.660587788 30.82068443 26.50048828
vn -0.3169666827 0.5045726299 0.803080678
v 9.419419289 31.59864044 26.45751381
vn -0.148316592 0.6170514226 0.7728193402
v 8.501787186 31.28017235 26.37996864
vn -0.272261411 0.5730792284 -0.7729514241
v 9.41369915 31.59788895 26.35842133
vn -0.1727848798 0.6105029583 -0.7729369402
v 10.35622215 31.75843239 26.43698692
vn -0.04312508926 0.6673515439 0.7434931993
v 11.29666138 31.76329994 26.31765175
vn 0.0355113633 0.6679242849 -0.7433815598
v 10.35478878 31.75893784 26.33761024
vn -0.07065920532 0.5921028256 -0.8027586937
v 11.29804134 31.76379776 26.41703033
vn 0.06369420141 0.592983067 0.8026918173
v 12.23954678 31.61273575 26.39629555
vn 0.1656334847 0.6125490665 0.7728837132
v 12.23404026 31.613451 26.29719734
vn 0.1411672831 0.6188256145 -0.7727397084
v 13.15437508 31.30480766 26.37477112
vn 0.2655710578 0.5763537288 0.7728443742
v 14.00375462 30.85095215 26.35338593
vn 0.3789376915 0.5501300693 0.7441526651
v 13.14973259 31.30722046 26.2756691
vn 0.2420832962 0.5869542956 -0.7725803256
v 14.00116158 30.85372162 26.25420761
vn 0.3111307323 0.5084352493 -0.8029267192
v 14.755826 30.27391434 26.23361397
vn 0.4136638939 0.4806024134 -0.7732421756
v 15.3966589 29.58862686 26.2138958
vn 0.5166941285 0.4218965769 -0.7450036407
v 14.75544834 30.27428818 26.33304024
vn 0.4452114105 0.4504555762 0.7738711238
v 15.92948246 28.79079819 26.29210854
vn 0.5624676347 0.2873964012 0.7752634883
v 15.39856911 29.58684731 26.31308937
vn 0.4808610976 0.349029243 0.8043327928
v 16.32529449 27.91127205 26.27056122
vn 0.601991415 0.1892083883 0.7757619023
v 15.92840576 28.79286003 26.19294167
vn 0.5510973334 0.3101267219 -0.7746697068
v 16.32529449 27.91127205 26.17134285
vn 0.594373703 0.2133730352 -0.775365591
v 16.56934738 26.98014641 26.2492466
vn 0.6763361096 -0.3292834759 0.6588944197
v 16.56934738 26.98014641 26.15002823
vn 0.617548883 0.0965545103 -0.7805835009
v 5.367147923 24.10648537 25.77310944
vn -0.5965290666 -0.2063904554 -0.775600493
v 5.366847992 24.10877228 25.87228012
vn -0.60367167 -0.1820057034 0.7761793733
v 5.133018017 25.03970909 25.85109329
vn -0.624720037 -0.07967488468 0.7767733335
v 6.913138866 21.72613144 25.9349308
vn -0.4501734674 -0.4450222552 0.7741440535
v 6.276381969 22.42107391 25.91490936
vn -0.4847025871 -0.3430720866 0.8045899272
v 6.278767109 22.41884804 25.81572533
vn -0.5212185979 -0.4157238007 -0.7453219891
v 5.75488615 23.22072601 25.79471779
vn -0.5545083284 -0.3035900593 -0.7748248577
v 5.753376007 23.22362709 25.89386368
vn -0.5656698942 -0.2805039585 0.7754579782
v 5.366847992 27.85152054 25.69046021
vn -0.6036708951 0.1820061952 -0.7761798501
v 5.367147923 27.85380936 25.78962898
vn -0.5965287089 0.2063899338 0.7756008506
v 5.75488615 28.7395668 25.76802254
vn -0.5545073152 0.3035892248 0.7748259306
v 6.913138866 30.23416138 25.62780952
vn -0.4501736462 0.4450230598 -0.774143517
v 6.276381969 29.53922081 25.64783096
vn -0.4847035706 0.3430719376 -0.8045893908
v 6.278767109 29.54144859 25.74701309
vn -0.521217823 0.4157238305 0.7453225255
v 6.912703991 21.72656822 25.83547401
vn -0.4189705849 -0.4755214155 -0.7735263705
v 7.65773201 21.14266968 25.95517731
vn -0.3850610852 -0.5455676317 0.7443681359
v 5.056203842 25.98014641 25.73176003
vn -0.678493619 -0.008743777871 -0.7345542312
v 5.132912159 25.03941154 25.7518425
vn -0.6214444637 -0.1038180217 -0.7765491605
v 5.056203842 25.98014641 25.83097839
vn -0.6784937382 0.008743720129 0.7345541716
v 7.660587788 21.13960838 25.85600281
vn -0.3169659972 -0.5045726299 -0.8030809164
v 8.506748199 20.67753601 25.87742805
vn -0.2488589138 -0.5839573741 -0.7726985216
v 9.419419289 20.36165619 25.89897537
vn -0.1483169943 -0.617054224 -0.7728170156
v 8.501787186 20.68012238 25.97652245
vn -0.2722610235 -0.573079586 0.7729513049
v 9.41369915 20.36240768 25.99806976
vn -0.1727858484 -0.6105049849 0.7729351521
v 10.35622215 20.20186043 25.91950417
vn -0.04312474653 -0.6673507094 -0.7434939742
v 10.35478878 20.20135498 26.01888084
vn -0.07065853477 -0.5921007395 0.802760303
v 11.29666138 20.19699287 26.03883743
vn 0.03551065922 -0.6679228544 0.7433828712
v 11.29804134 20.19649506 25.93946075
vn 0.06369376928 -0.5929807425 -0.8026935458
v 12.23954678 20.34755898 25.96019554
vn 0.1656330526 -0.6125489473 -0.7728838325
v 15.92840576 23.16743469 26.16354752
vn 0.5510969758 -0.3101272285 0.7746697664
v 15.3966589 22.37166595 26.14259148
vn 0.5166931748 -0.4218962789 0.7450044751
v 15.92948246 23.16949463 26.06438065
vn 0.5624670982 -0.287396431 -0.7752638459
v 12.23404026 20.34684181 26.05929375
vn 0.1411668062 -0.6188257933 0.7727396488
v 14.00375462 21.10934258 26.00310516
vn 0.3789358437 -0.5501270294 -0.7441558242
v 13.14973259 20.65307236 26.08082199
vn 0.2420834154 -0.5869530439 0.7725812197
v 13.15437508 20.65548515 25.98171997
vn 0.2655715644 -0.5763531327 -0.7728446126
v 14.00116158 21.1065712 26.10228157
vn 0.3111306131 -0.508433044 0.8029281497
v 14.755826 21.68637848 26.12287331
vn 0.4136615694 -0.4806006253 0.7732445598
v 14.75544834 21.68600464 26.02345085
vn 0.4452094138 -0.4504530728 -0.7738737464
v 15.39856911 22.37344742 26.04340172
vn 0.4808591008 -0.3490279317 -0.8043345213
v 16.56934738 24.98014641 26.10724258
vn 0.6763379574 0.3292833567 -0.6588925719
v 16.56934738 24.98014641 26.20646095
vn 0.6175493598 -0.09655433148 0.7805831432
v 16.32529449 24.04902077 26.18514824
vn 0.5943738222 -0.2133733332 0.7753654718
v 16.32529449 24.04902077 26.08592796
vn 0.6019924879 -0.1892092377 -0.7757608891
v 5.132912159 26.92088127 25.81089592
vn -0.6214445233 0.1038179472 0.7765491009
v 5.133018017 26.92058563 25.71164513
vn -0.624719739 0.07967492193 -0.776773572
v 5.753376007 28.73666573 25.66887665
vn -0.5656715631 0.2805044651 -0.7754566073
v 7.65773201 30.81762314 25.60756111
vn -0.3850624859 0.545568645 -0.7443666458
v 6.912703991 30.23372459 25.72726631
vn -0.4189704955 0.4755220115 0.7735260725
v 8.506748199 31.28275871 25.68531227
vn -0.2488591522 0.5839570165 0.7726987004
v 7.660587788 30.82068443 25.70673752
vn -0.3169669211 0.504573822 0.8030798435
v 9.419419289 31.59864044 25.66376495
vn -0.1483171135 0.6170535684 0.7728174925
v 8.501787186 31.28017235 25.58621788
vn -0.2722606063 0.5730790496 -0.7729518414
v 9.41369915 31.59788895 25.56467056
vn -0.17278485 0.6105023026 -0.7729374766
v 10.35622215 31.75843239 25.64323616
vn -0.04312443361 0.6673525572 0.7434923649
v 11.29666138 31.76329994 25.52390289
vn 0.03551092371 0.6679235697 -0.7433821559
v 10.35478878 31.75893784 25.54385757
vn -0.07065859437 0.5921010971 -0.802760005
v 11.29804134 31.76379776 25.62327957
vn 0.06369370222 0.592983067 0.8026918173
v 12.23954678 31.61273575 25.60254478
vn 0.1656340659 0.6125505567 0.7728824019
v 12.23404026 31.613451 25.50344467
vn 0.1411668658 0.6188259125 -0.7727395296
v 13.15437508 31.30480766 25.58101845
vn 0.2655719221 0.5763545632 0.7728434205
v 14.00375462 30.85095215 25.55963516
vn 0.3789362907 0.550129056 0.7441540956
v 13.14973259 31.30722046 25.48191833
vn 0.2420834899 0.5869536996 -0.7725806832
v 14.00116158 30.85372162 25.46045876
vn 0.3111312985 0.5084338188 -0.8029273748
v 14.755826 30.27391434 25.43986511
vn 0.4136635363 0.4806025326 -0.7732423544
v 15.3966589 29.58862686 25.42014885
vn 0.5166939497 0.4218971133 -0.7450034618
v 14.75544834 30.27428818 25.53928947
vn 0.4452100098 0.4504542649 0.7738727331
v 15.92948246 28.79079819 25.49835968
vn 0.5624676347 0.2873968184 0.7752633095
v 15.39856911 29.58684731 25.51933861
vn 0.4808600247 0.3490278721 0.8043339849
v 16.32529449 27.91127205 25.47681046
vn 0.6019935012 0.1892090291 0.7757601142
v 15.92840576 28.79286003 25.3991909
vn 0.5510975122 0.3101274371 -0.7746692896
v 16.32529449 27.91127205 25.37759209
vn 0.594374001 0.2133731842 -0.7753653526
v 16.56934738 26.98014641 25.45549583
vn 0.6763375998 -0.3292835057 0.6588928699
v 16.56934738 26.98014641 25.35627747
vn 0.6175493002 0.09655449539 -0.7805831432
v 5.367147923 24.10648537 24.97936058
vn -0.5965308547 -0.2063909769 -0.7755989432
v 5.366847992 24.10877228 25.07852936
vn -0.603670001 -0.1820062101 0.7761805654
v 5.133018017 25.03970909 25.05734444
vn -0.6247211099 -0.0796751976 0.7767724395
v 6.913138866 21.72613144 25.14118004
vn -0.4501736462 -0.4450231493 0.7741434574
v 6.276381969 22.42107391 25.1211586
vn -0.4847039878 -0.343072474 0.8045889139
v 6.278767109 22.41884804 25.02197456
vn -0.521217227 -0.4157233536 -0.7453231812
v 5.75488615 23.22072601 25.00096703
vn -0.5545088649 -0.3035896122 -0.7748246789
v 5.753376007 23.22362709 25.10011292
vn -0.5656690598 -0.2805041671 0.7754585147
v 5.366847992 27.85152054 24.89670944
vn -0.6036709547 0.1820061952 -0.7761798501
v 5.367147923 27.85380936 24.99587822
vn -0.5965306163 0.206390962 0.775599122
v 5.75488615 28.7395668 24.97427177
vn -0.5545094609 0.303589642 0.7748242617
v 6.913138866 30.23416138 24.83406067
vn -0.4501739442 0.4450240135 -0.7741428018
v 6.276381969 29.53922081 24.85408211
vn -0.4847041667 0.3430725336 -0.8045887947
v 6.278767109 29.54144859 24.95326614
vn -0.5212174654 0.415723443 0.7453230023
v 6.912703991 21.72656822 25.04172325
vn -0.4189687669 -0.4755197763 -0.7735283375
v 7.65773201 21.14266968 25.16142654
vn -0.3850621581 -0.545568049 0.7443673015
v 5.056203842 25.98014641 24.93800926
vn -0.6784963012 -0.008743623272 -0.7345517874
v 5.132912159 25.03941154 24.95809174
vn -0.6214465499 -0.1038188264 -0.7765473723
v 5.056203842 25.98014641 25.03722954
vn -0.6784963012 0.008743630722 0.7345517874
v 7.660587788 21.13960838 25.06225204
vn -0.3169657588 -0.504571557 -0.8030816913
v 8.506748199 20.67753601 25.08367729
vn -0.2488577664 -0.5839571357 -0.7726991177
v 9.419419289 20.36165619 25.10522652
vn -0.1483168453 -0.6170536876 -0.7728174925
v 8.501787186 20.68012238 25.18277168
vn -0.272261411 -0.5730802417 0.7729506493
v 9.41369915 20.36240768 25.20432091
vn -0.1727854162 -0.6105036139 0.7729362845
v 10.35622215 20.20186043 25.1257534
vn -0.04312466085 -0.667349577 -0.7434949875
v 10.35478878 20.20135498 25.22513008
vn -0.07065911591 -0.5921010971 0.8027599454
v 11.29666138 20.19699287 25.24508858
vn 0.03551097214 -0.6679227352 0.7433829308
v 11.29804134 20.19649506 25.1457119
vn 0.06369332224 -0.5929815769 -0.8026929498
v 12.23954678 20.34755898 25.16644478
vn 0.1656329781 -0.6125485897 -0.7728841305
v 15.92840576 23.16743469 25.36979675
vn 0.5510970354 -0.3101268709 0.7746698856
v 15.3966589 22.37166595 25.34884262
vn 0.5166948438 -0.4218963981 0.745003283
v 15.92948246 23.16949463 25.27062988
vn 0.5624673963 -0.2873966396 -0.7752635479
v 12.23404026 20.34684181 25.26554298
vn 0.1411673874 -0.6188256145 0.7727397084
v 14.00375462 21.10934258 25.2093544
vn 0.3789367676 -0.5501278639 -0.7441547513
v 13.14973259 20.65307236 25.28707123
vn 0.2420830876 -0.5869534016 0.7725810409
v 13.15437508 20.65548515 25.18796921
vn 0.2655708194 -0.5763524771 -0.7728453875
v 14.00116158 21.1065712 25.30853271
vn 0.3111300468 -0.5084336996 0.8029279113
v 14.755826 21.68637848 25.32912445
vn 0.4136629701 -0.480602026 0.7732429504
v 14.75544834 21.68600464 25.22970009
vn 0.4452095032 -0.4504539073 -0.77387321
v 15.39856911 22.37344742 25.24965096
vn 0.4808600545 -0.3490287066 -0.8043336272
v 16.56934738 24.98014641 25.31349182
vn 0.676337719 0.3292834759 -0.6588927507
v 16.56934738 24.98014641 25.4127121
vn 0.6175493002 -0.09655448049 0.7805831432
v 16.32529449 24.04902077 25.39139557
vn 0.5943738818 -0.2133738995 0.7753652334
v 16.32529449 24.04902077 25.2921772
vn 0.601991713 -0.1892084479 -0.7757616639
v 5.132912159 26.92088127 25.01714706
vn -0.6214464307 0.1038187295 0.7765474916
v 5.133018017 26.92058563 24.91789436
vn -0.6247210503 0.07967517525 -0.7767724991
v 5.753376007 28.73666573 24.87512589
vn -0.565670073 0.2805048525 -0.775457561
v 7.65773201 30.81762314 24.81381416
vn -0.3850633502 0.545569241 -0.7443658113
v 6.912703991 30.23372459 24.93351555
vn -0.4189691544 0.47552073 0.7735275626
v 8.506748199 31.28275871 24.89156342
vn -0.2488577962 0.58395648 0.7726995349
v 7.660587788 30.82068443 24.91298866
vn -0.3169666827 0.5045727491 0.8030806184
v 9.419419289 31.59864044 24.87001419
vn -0.1483168006 0.6170526743 0.772818327
v 8.501787186 31.28017235 24.79246902
vn -0.2722618282 0.5730804205 -0.7729504108
v 9.41369915 31.59788895 24.7709198
vn -0.1727849543 0.6105028987 -0.7729369998
v 10.35622215 31.75843239 24.8494873
vn -0.04312425107 0.6673509479 0.7434937954
v 11.29666138 31.76329994 24.73015022
vn 0.03551130742 0.6679232121 -0.7433825135
v 10.35478878 31.75893784 24.75011063
vn -0.07065875083 0.5921025276 -0.8027589917
v 11.29804134 31.76379776 24.82952881
vn 0.06369359791 0.592982173 0.8026925325
v 12.23954678 31.61273575 24.80879593
vn 0.1656330526 0.6125487089 0.7728840709
v 12.23404026 31.613451 24.70969772
vn 0.1411674172 0.6188254952 -0.772739768
v 13.15437508 31.30480766 24.7872715
vn 0.2655709684 0.5763534307 0.7728446126
v 14.00375462 30.85095215 24.7658844
vn 0.3789374828 0.5501291156 0.74415344
v 13.14973259 31.30722046 24.68816948
vn 0.2420832217 0.5869542956 -0.7725803256
v 14.00116158 30.85372162 24.66670799
vn 0.3111307323 0.5084349513 -0.802926898
v 14.755826 30.27391434 24.64611626
vn 0.4136640429 0.4806031287 -0.7732416987
v 15.3966589 29.58862686 24.62639809
vn 0.5166952014 0.4218968451 -0.7450027466
v 14.75544834 30.27428818 24.74553871
vn 0.4452103078 0.4504551589 0.7738720179
v 15.92948246 28.79079819 24.70461082
vn 0.5624675155 0.2873963714 0.7752636075
v 15.39856911 29.58684731 24.72558784
vn 0.4808609486 0.3490293324 0.8043327928
v 16.32529449 27.91127205 24.6830616
vn 0.6019915342 0.1892083436 0.7757617831
v 15.92840576 28.79286003 24.60544395
vn 0.5510974526 0.3101269603 -0.774669528
v 16.32529449 27.91127205 24.58384323
vn 0.5943738818 0.2133737355 -0.775365293
v 16.56934738 26.98014641 24.66174698
vn 0.6763377786 -0.3292834461 0.6588927507
v 16.56934738 26.98014641 24.5625267
vn 0.6175493002 0.09655447304 -0.7805831432
v 5.367147923 24.10648537 24.18560982
vn -0.5965289474 -0.2063904107 -0.7756005526
v 5.366847992 24.10877228 24.28477859
vn -0.6036714315 -0.1820062101 0.7761794329
v 5.133018017 25.03970909 24.26359367
vn -0.6247210503 -0.0796751976 0.7767724395
v 6.913138866 21.72613144 24.34743118
vn -0.4501725435 -0.4450210929 0.7741452456
v 6.276381969 22.42107391 24.32740784
vn -0.4847033918 -0.343071878 0.80458951
v 6.278767109 22.41884804 24.22822571
vn -0.5212166905 -0.4157229066 -0.7453238368
v 5.75488615 23.22072601 24.20721626
vn -0.5545068383 -0.3035892546 -0.7748262286
v 5.753376007 23.22362709 24.30636215
vn -0.5656703115 -0.2805047333 0.7754573822
v 5.366847992 27.85152054 24.10296059
vn -0.6036710143 0.1820056736 -0.7761799097
v 5.367147923 27.85380936 24.20212936
vn -0.5965286493 0.2063903511 0.775600791
v 5.75488615 28.7395668 24.18052292
vn -0.5545086861 0.3035900295 0.7748246193
v 6.913138866 30.23416138 24.04030991
vn -0.4501737356 0.4450230896 -0.7741434574
v 6.276381969 29.53922081 24.06033134
vn -0.4847026467 0.3430720568 -0.8045899272
v 6.278767109 29.54144859 24.15951347
vn -0.5212187767 0.4157238603 0.7453218699
v 6.912703991 21.72656822 24.2479744
vn -0.4189703763 -0.4755212665 -0.7735265493
v 7.65773201 21.14266968 24.36767769
vn -0.385061264 -0.5455666184 0.7443687916
v 5.056203842 25.98014641 24.14426041
vn -0.6784936786 -0.008743043989 -0.7345542312
v 5.132912159 25.03941154 24.16434097
vn -0.6214445233 -0.1038180962 -0.7765491009
v 5.056203842 25.98014641 24.24347878
vn -0.6784946322 0.008743648417 0.7345533371
v 7.660587788 21.13960838 24.26850319
vn -0.3169659674 -0.5045727491 -0.8030809164
v 8.506748199 20.67753601 24.28992844
vn -0.2488590628 -0.5839576721 -0.7726982832
v 9.419419289 20.36165619 24.31147575
vn -0.1483170539 -0.6170544624 -0.7728168368
v 8.501787186 20.68012238 24.38902283
vn -0.2722601891 -0.5730788708 0.7729521394
v 9.41369915 20.36240768 24.41057014
vn -0.1727852225 -0.6105029583 0.7729368806
v 10.35622215 20.20186043 24.33200455
vn -0.04312478378 -0.6673508883 -0.743493855
v 10.35478878 20.20135498 24.43138123
vn -0.07065894455 -0.5920994878 0.8027611375
v 11.29666138 20.19699287 24.45133781
vn 0.03551073745 -0.6679236293 0.7433821559
v 11.29804134 20.19649506 24.35196114
vn 0.063692756 -0.5929818153 -0.8026928306
v 12.23954678 20.34755898 24.37269402
vn 0.165633902 -0.612550199 -0.7728827
v 15.92840576 23.16743469 24.5760479
vn 0.5510969758 -0.3101273179 0.7746697068
v 15.3966589 22.37166595 24.55509186
vn 0.5166944861 -0.4218973815 0.7450029254
v 15.92948246 23.16949463 24.47688103
vn 0.5624694228 -0.2873971164 -0.7752619386
v 12.23404026 20.34684181 24.47179413
vn 0.1411673576 -0.6188263297 0.772739172
v 14.00375462 21.10934258 24.41560555
vn 0.3789355755 -0.5501277447 -0.744155407
v 13.14973259 20.65307236 24.49332237
vn 0.2420825362 -0.5869520307 0.7725822926
v 13.15437508 20.65548515 24.39422035
vn 0.2655722797 -0.5763537288 -0.7728438973
v 14.00116158 21.1065712 24.51478195
vn 0.3111306429 -0.5084325671 0.8029283881
v 14.755826 21.68637848 24.53537369
vn 0.4136624634 -0.4806014299 0.7732435465
v 14.75544834 21.68600464 24.43594933
vn 0.4452089965 -0.45045349 -0.7738737464
v 15.39856911 22.37344742 24.45590019
vn 0.4808596373 -0.3490281105 -0.8043341041
v 16.56934738 24.98014641 24.51974297
vn 0.6763378382 0.329282403 -0.658893168
v 16.56934738 24.98014641 24.61896133
vn 0.6175473928 -0.09655386209 0.7805847526
v 16.32529449 24.04902077 24.59764671
vn 0.594373405 -0.2133727372 0.7753658891
v 16.32529449 24.04902077 24.49842834
vn 0.6019935608 -0.1892091483 -0.7757600546
v 5.132912159 26.92088127 24.2233963
vn -0.6214444637 0.1038179323 0.7765491605
v 5.133018017 26.92058563 24.12414551
vn -0.6247196794 0.07967494428 -0.7767736316
v 5.753376007 28.73666573 24.08137512
vn -0.5656703711 0.2805037498 -0.7754577398
v 7.65773201 30.81762314 24.0200634
vn -0.3850624561 0.5455687046 -0.7443666458
v 6.912703991 30.23372459 24.13976669
vn -0.4189695418 0.4755217135 0.7735267282
v 8.506748199 31.28275871 24.09781265
vn -0.248859033 0.5839568973 0.7726988196
v 7.660587788 30.82068443 24.1192379
vn -0.3169666827 0.5045728087 0.8030805588
v 9.419419289 31.59864044 24.07626534
vn -0.1483170688 0.6170533895 0.7728176713
v 8.501787186 31.28017235 23.99871826
vn -0.2722615004 0.5730798244 -0.7729509473
v 9.41369915 31.59788895 23.97717094
vn -0.1727852523 0.61050421 -0.7729358673
v 10.35622215 31.75843239 24.05573654
vn -0.04312436655 0.6673521399 0.7434927225
v 11.29666138 31.76329994 23.93640327
vn 0.03551090136 0.6679236293 -0.7433821559
v 10.35478878 31.75893784 23.95635986
vn -0.07065819204 0.5921022296 -0.8027592301
v 11.29804134 31.76379776 24.03577995
vn 0.06369404495 0.5929813981 0.802693069
v 12.23954678 31.61273575 24.01504517
vn 0.1656334698 0.6125482321 0.7728843689
v 12.23404026 31.613451 23.91594696
vn 0.1411668807 0.6188259721 -0.7727395296
v 13.15437508 31.30480766 23.99352074
vn 0.2655709982 0.57635355 0.7728444934
v 14.00375462 30.85095215 23.97213554
vn 0.3789365292 0.5501285791 0.7441543341
v 13.14973259 31.30722046 23.89441872
vn 0.2420835048 0.5869537592 -0.7725806236
v 14.00116158 30.85372162 23.87295914
vn 0.3111313283 0.5084338784 -0.8029273152
v 14.755826 30.27391434 23.8523674
vn 0.4136618376 0.4806015491 -0.7732438445
v 15.3966589 29.58862686 23.83264732
vn 0.5166934133 0.4218967259 -0.7450040579
v 14.75544834 30.27428818 23.95178986
vn 0.4452104867 0.4504546523 0.7738722563
v 15.92948246 28.79079819 23.91085815
vn 0.5624676943 0.2873965204 0.7752634287
v 15.39856911 29.58684731 23.93183899
vn 0.4808610678 0.3490294218 0.8043326735
v 16.32529449 27.91127205 23.88931084
vn 0.6019915342 0.1892083287 0.7757618427
v 15.92840576 28.79286003 23.81169128
vn 0.5510975718 0.3101268113 -0.774669528
v 16.32529449 27.91127205 23.79009247
vn 0.5943739414 0.2133731991 -0.7753654122
v 16.56934738 26.98014641 23.86799622
vn 0.6763361692 -0.3292836547 0.6588943005
v 16.56934738 26.98014641 23.76877785
vn 0.6175493598 0.09655456245 -0.7805831432
v 5.367147923 24.10648537 23.39185905
vn -0.5965309739 -0.2063910067 -0.775598824
v 5.366847992 24.10877228 23.49102974
vn -0.6036707759 -0.1820060611 0.7761800289
v 5.133018017 25.03970909 23.46984482
vn -0.6247204542 -0.07967467606 0.7767730355
v 6.913138866 21.72613144 23.55368042
vn -0.4501737058 -0.4450231194 0.7741434574
v 6.276381969 22.42107391 23.53365898
vn -0.4847039282 -0.3430724442 0.8045889735
v 6.278767109 22.41884804 23.43447495
vn -0.5212184191 -0.4157235622 -0.7453222871
v 5.75488615 23.22072601 23.41346741
vn -0.5545087457 -0.3035902083 -0.7748245001
v 5.753376007 23.22362709 23.5126133
vn -0.5656690598 -0.2805041075 0.7754585147
v 5.366847992 27.85152054 23.30920982
vn -0.6036708355 0.1820062101 -0.7761799097
v 5.367147923 27.85380936 23.4083786
vn -0.5965287685 0.2063903362 0.7756007314
v 5.75488615 28.7395668 23.38677216
vn -0.5545087457 0.3035895526 0.7748247981
v 6.913138866 30.23416138 23.24655914
vn -0.4501724839 0.445022583 -0.7741444707
v 6.276381969 29.53922081 23.26658058
vn -0.4847036302 0.343072027 -0.8045893312
v 6.278767109 29.54144859 23.36576462
vn -0.5212173462 0.4157239795 0.7453227639
v 6.912703991 21.72656822 23.45422363
vn -0.4189691544 -0.4755207598 -0.773527503
v 7.65773201 21.14266968 23.57392693
vn -0.3850612342 -0.5455674529 0.7443681955
v 5.056203842 25.98014641 23.35050964
vn -0.6784945726 -0.008743641898 -0.7345533371
v 5.132912159 25.03941154 23.37059212
vn -0.6214460135 -0.1038182676 -0.7765479088
v 5.056203842 25.98014641 23.44972801
vn -0.6784945726 0.008743681945 0.7345533371
v 7.660587788 21.13960838 23.47475243
vn -0.316965729 -0.5045716166 -0.8030816913
v 8.506748199 20.67753601 23.49617767
vn -0.2488577664 -0.5839571953 -0.7726990581
v 9.419419289 20.36165619 23.5177269
vn -0.1483165622 -0.6170524359 -0.7728185654
v 8.501787186 20.68012238 23.59527206
vn -0.2722608745 -0.5730789304 0.7729518414
v 9.41369915 20.36240768 23.61681938
vn -0.1727853864 -0.6105036736 0.7729362845
v 10.35622215 20.20186043 23.53825378
vn -0.04312554002 -0.667350173 -0.7434943914
v 10.35478878 20.20135498 23.63763046
vn -0.07065966725 -0.5921015739 0.8027595878
v 11.29666138 20.19699287 23.65758896
vn 0.03551109135 -0.6679239869 0.7433817983
v 11.29804134 20.19649506 23.55821037
vn 0.06369391084 -0.5929825902 -0.8026921749
v 12.23954678 20.34755898 23.57894516
vn 0.1656334996 -0.6125488877 -0.7728838325
v 15.92840576 23.16743469 23.78229713
vn 0.5510970354 -0.3101267517 0.7746698856
v 15.3966589 22.37166595 23.761343
vn 0.5166937113 -0.4218961298 0.7450042367
v 15.92948246 23.16949463 23.68313026
vn 0.5624674559 -0.2873966992 -0.7752634883
v 12.23404026 20.34684181 23.67804337
vn 0.1411673129 -0.6188255548 0.772739768
v 14.00375462 21.10934258 23.62185478
vn 0.378936857 -0.5501288176 -0.7441539764
v 13.14973259 20.65307236 23.69957161
vn 0.2420830727 -0.586953342 0.7725811005
v 13.15437508 20.65548515 23.60046959
vn 0.2655708194 -0.5763525963 -0.7728452682
v 14.00116158 21.1065712 23.7210331
vn 0.3111300766 -0.5084336996 0.8029279113
v 14.755826 21.68637848 23.74162483
vn 0.4136627018 -0.4806011021 0.7732436657
v 14.75544834 21.68600464 23.64220047
vn 0.4452105761 -0.4504544139 -0.7738723159
v 15.39856911 22.37344742 23.66215134
vn 0.4808601141 -0.3490286171 -0.8043336272
v 16.56934738 24.98014641 23.7259922
vn 0.6763363481 0.3292836547 -0.658894062
v 16.56934738 24.98014641 23.82521057
vn 0.6175493002 -0.09655450284 0.7805831432
v 16.32529449 24.04902077 23.80389595
vn 0.5943739414 -0.2133734077 0.7753653526
v 16.32529449 24.04902077 23.70467758
vn 0.6019916534 -0.1892084777 -0.7757616639
v 5.132912159 26.92088127 23.42964745
vn -0.6214444041 0.1038179323 0.7765492201
v 5.133018017 26.92058563 23.33039474
vn -0.6247209907 0.07967520505 -0.7767724991
v 5.753376007 28.73666573 23.28762627
vn -0.5656709075 0.2805045247 -0.7754570842
v 7.65773201 30.81762314 23.22631454
vn -0.3850617707 0.5455676317 -0.7443677783
v 6.912703991 30.23372459 23.34601593
vn -0.4189703166 0.4755216837 0.7735263705
v 8.506748199 31.28275871 23.30406189
vn -0.2488581389 0.5839550495 0.7727005482
v 7.660587788 30.82068443 23.32548714
vn -0.3169659674 0.5045725703 0.803080976
v 9.419419289 31.59864044 23.28251457
vn -0.148316741 0.6170527339 0.7728182673
v 8.501787186 31.28017235 23.20496941
vn -0.2722613215 0.5730791688 -0.7729515433
v 9.41369915 31.59788895 23.18342018
vn -0.1727854162 0.6105024219 -0.7729372382
v 10.35622215 31.75843239 23.26198578
vn -0.04312436655 0.6673521399 0.7434927225
v 11.29666138 31.76329994 23.14265251
vn 0.03551142663 0.6679231524 -0.7433825135
v 10.35478878 31.75893784 23.1626091
vn -0.07065859437 0.5921009779 -0.8027601242
v 11.29804134 31.76379776 23.24202919
vn 0.06369301677 0.5929824114 0.8026924133
v 12.23954678 31.61273575 23.22129631
vn 0.1656333208 0.6125500202 0.772882998
v 12.23404026 31.613451 23.1221962
vn 0.141166985 0.6188259721 -0.77273947
v 13.15437508 31.30480766 23.19977188
vn 0.2655717134 0.5763555169 0.7728428245
v 14.00375462 30.85095215 23.17838669
vn 0.3789377809 0.5501297712 0.744152844
v 13.14973259 31.30722046 23.10066795
vn 0.2420835644 0.5869548917 -0.7725797892
v 14.00116158 30.85372162 23.07920837
vn 0.3111322224 0.5084352493 -0.8029261231
v 14.755826 30.27391434 23.05861664
vn 0.4136640131 0.4806031883 -0.7732416391
v 15.3966589 29.58862686 23.03889656
vn 0.5166953802 0.421898216 -0.7450018525
v 14.75544834 30.27428818 23.158041
vn 0.4452100098 0.4504541159 0.7738727927
v 15.92948246 28.79079819 23.1171093
vn 0.5624688268 0.2873972356 0.7752622962
v 15.39856911 29.58684731 23.13809013
vn 0.4808596671 0.3490288854 0.8043337464
v 16.32529449 27.91127205 23.09556198
vn 0.6019942164 0.1892088354 0.7757596374
v 15.92840576 28.79286003 23.01794052
vn 0.5510987043 0.3101274669 -0.7746683955
v 16.32529449 27.91127205 22.99634171
vn 0.5943732262 0.2133730203 -0.7753659487
v 16.56934738 26.98014641 23.07424545
vn 0.6763393283 -0.3292821646 0.6588917375
v 16.56934738 26.98014641 22.97502708
vn 0.617547214 0.09655383229 -0.7805848718
v 5.366847992 24.10877228 22.69727898
vn -0.6036714315 -0.1820061952 0.7761794925
v 5.133018017 25.03970909 22.67609406
vn -0.6247211099 -0.0796752423 0.7767724395
v 6.913138866 21.72613144 22.75993156
vn -0.4501727819 -0.445022136 0.7741445303
v 6.276381969 22.42107391 22.73990822
vn -0.4847046435 -0.3430728614 0.8045883775
v 5.753376007 23.22362709 22.71886253
vn -0.5656709075 -0.2805050611 0.7754568458
v 5.367147923 27.85380936 22.61462784
vn -0.5965307355 0.2063909769 0.7755990028
v 13.11635685 27.49615288 24.55499268
vn 0.5724121332 0.3812690079 -0.7259327173
v 12.13987255 28.87595749 25.0438118
vn 0.3151605725 0.7079556584 -0.6320384741
v 7.65773201 21.14266968 22.78017616
vn -0.3850608468 -0.5455670357 0.744368732
v 5.056203842 25.98014641 22.65597916
vn -0.6784946322 0.008743627928 0.7345533371
v 12.49206924 29.230299 25.82500267
vn 0.2376970202 0.9381133914 -0.2518797517
v 13.30221176 27.9379158 24.99964523
vn 0.6170173287 0.4898654521 -0.615890801
v 13.45668221 28.90947342 26.67617035
vn 0.6517288685 0.7305627465 -0.2037829757
v 8.501787186 20.68012238 22.8015213
vn -0.2722614706 -0.5730803013 0.7729505897
v 9.41369915 20.36240768 22.82307053
vn -0.1727859378 -0.610503912 0.7729359269
v 10.35478878 20.20135498 22.84388161
vn -0.07065907866 -0.5921011567 0.8027599454
v 11.29666138 20.19699287 22.8638382
vn 0.03551107273 -0.6679233313 0.7433823943
v 11.29804134 20.19649506 22.76446152
vn 0.06369332224 -0.5929814577 -0.802693069
v 12.23954678 20.34755898 22.7851944
vn 0.1656332463 -0.6125499606 -0.7728830576
v 15.92840576 23.16743469 22.98854637
vn 0.5510969162 -0.3101271987 0.7746697664
v 15.3966589 22.37166595 22.96759224
vn 0.5166949034 -0.4218964279 0.7450032234
v 15.92948246 23.16949463 22.8893795
vn 0.5624674559 -0.2873966992 -0.7752634883
v 12.23404026 20.34684181 22.88429451
vn 0.1411673129 -0.6188256145 0.7727397084
v 14.00375462 21.10934258 22.82810402
vn 0.3789368272 -0.5501279235 -0.7441546917
v 13.14973259 20.65307236 22.90582085
vn 0.2420834601 -0.5869539976 0.7725804448
v 13.15437508 20.65548515 22.80671883
vn 0.265571028 -0.5763533115 -0.7728446722
v 14.00116158 21.1065712 22.92728233
vn 0.3111312091 -0.5084345341 0.8029269576
v 14.755826 21.68637848 22.94787407
vn 0.4136629701 -0.4806020856 0.7732428908
v 14.75544834 21.68600464 22.84844971
vn 0.4452092052 -0.4504528642 -0.7738739848
v 15.39856911 22.37344742 22.86840057
vn 0.4808587432 -0.3490281999 -0.8043346405
v 16.56934738 24.98014641 22.93224335
vn 0.6763393879 0.3292821646 -0.6588916779
v 16.56934738 24.98014641 23.03146172
vn 0.617547214 -0.09655379504 0.7805848718
v 16.32529449 24.04902077 23.01014709
vn 0.594373107 -0.2133737057 0.7753658891
v 16.32529449 24.04902077 22.91092682
vn 0.6019937396 -0.1892086118 -0.7757600546
v 5.132912159 26.92088127 22.63589668
vn -0.621445775 0.1038186774 0.776548028
v 7.630815983 28.30174446 27.94147491
vn -0.8078456521 0.5787727237 0.1113890186
v 12.2878027 27.85046196 24.25342369
vn 0.3631227314 0.4740938544 -0.802107811
v 9.625734329 22.87763786 25.28181839
vn -0.3149542809 -0.7505456805 -0.5809345841
v 7.349806786 27.87996674 27.17682076
vn -0.8771677613 0.4736919105 -0.07869371772
v 7.48703289 27.44682121 29.06681633
vn -0.8454896212 0.3639237881 0.3907770813
v 7.492292881 27.92675018 26.54048729
vn -0.841101408 0.4862634838 -0.2368465215
v 11.24477005 24.88624954 31.31429291
vn 0.810389936 -0.5178075433 0.2741231024
v 9.158849716 28.71518707 25.11188698
vn -0.4245129526 0.679250896 -0.5986709595
v 10.74185753 28.05365944 24.06775284
vn -0.02766782045 0.525188446 -0.8505360484
v 9.978923798 28.17170143 24.25728798
vn -0.2187885791 0.5531646609 -0.8038285971
v 8.529369354 29.230299 27.33788109
vn -0.1961597502 0.9804722071 -0.0139850257
v 11.80148888 26.46927071 23.63064766
vn 0.2229708135 0.1468178034 -0.9637056589
v 8.581754684 29.230299 27.99954033
vn -0.511489749 0.8495771289 0.1288289428
v 8.127092361 28.90439606 27.45973015
vn -0.6920919418 0.7216285467 -0.01615309715
v 12.86044693 27.66383553 24.46184731
vn 0.5079481602 0.424728781 -0.7493958473
v 12.28378296 26.62645149 23.80618858
vn 0.3648225367 0.1871423125 -0.9120758176
v 12.38530254 26.60316849 23.84313774
vn 0.3941242695 0.1792326719 -0.9014109373
v 11.04039383 29.230299 29.8107357
vn 0.007925380953 0.9954513907 0.09494083375
v 11.45950031 28.36053848 24.3289547
vn 0.1537544131 0.6007604003 -0.7845039964
v 9.345191002 27.94978523 30.62290192
vn -0.1888237596 0.9778650999 -0.09014120698
v 11.95761299 29.230299 25.43139458
vn 0.09457110614 0.9810943007 -0.1688499004
v 11.21343708 28.83407593 24.70661736
vn 0.07360208035 0.7159208059 -0.6942910552
v 11.67498016 28.89697266 24.87460518
vn 0.204731375 0.7247653008 -0.6578755975
v 9.671412468 27.98014641 30.74164009
vn -0.02929933555 0.9990540743 -0.03213278577
v 12.30514526 27.25549126 23.98301125
vn 0.3683680594 0.3303386569 -0.8690117002
v 9.028866768 27.85961914 30.50777054
vn -0.3453582823 0.9268671274 -0.1471224278
v 13.36921978 22.87374115 27.29939461
vn 0.6710708737 -0.7377516031 -0.07339252532
v 8.818666458 29.230299 28.62000275
vn -0.4917646945 0.8266743422 0.2734539211
v 8.288719177 28.9764061 26.83036232
vn -0.6619821191 0.726479888 -0.1844089627
v 10.10154247 23.46312714 30.50225449
vn -0.1785888672 -0.6333720684 0.7529580593
v 9.656956673 27.81420708 24.14010239
vn -0.3001408577 0.4639997482 -0.8334384561
v 13.18315506 22.72999573 27.63378525
vn 0.1144092083 -0.9933550954 0.01249746419
v 10.56589985 24.22119904 31.06720543
vn 0.4818328321 -0.8625215292 0.1545761675
v 11.21658897 23.93994522 30.90810013
vn 0.1000430286 -0.5096182227 0.8545646071
v 8.529286385 22.72999573 27.3390789
vn -0.07406206429 -0.9972397089 -0.005265771877
v 11.05412006 24.62558365 31.24490356
vn 0.719312489 -0.6515479088 0.2409873009
v 10.37850285 29.230299 29.76862144
vn -0.01795982942 0.9950287342 0.09795531631
v 12.1800251 26.63114166 23.76842308
vn 0.3346862793 0.1896676272 -0.9230445623
v 12.69562435 27.12823296 24.12513351
vn 0.4691548645 0.2951663136 -0.8323283792
v 8.978948593 29.230299 26.10358047
vn -0.06140023097 0.9970385432 -0.04630555585
v 8.665185928 29.230299 26.68898201
vn -0.08994038403 0.9953747392 -0.03376109153
v 10.76852226 28.68907738 24.54468155
vn -0.0202947408 0.67836833 -0.734441638
v 9.551459312 28.47679138 24.64665794
vn -0.3253403604 0.6279500127 -0.7069882751
v 7.755442142 27.86943054 29.16450882
vn -0.7787623405 0.4703736603 0.4150636494
v 9.396393776 27.40395164 24.0452652
vn -0.3661623597 0.361486733 -0.8574686646
v 8.431857109 27.75704193 24.84728241
vn -0.6060864925 0.4471319318 -0.6578238606
v 8.887834549 27.60216141 24.40511703
vn -0.492529422 0.4096775055 -0.7678405643
v 15.46741199 23.22739792 23.43093491
vn 0.6241886616 -0.3501737118 -0.69840312
v 15.87754726 24.07568169 23.45364189
vn 0.6753442883 -0.2376138121 -0.6981760263
v 14.92311096 22.47284889 23.4090786
vn 0.5544759035 -0.4515796602 -0.6990224123
v 12.64145565 20.91519356 23.34353638
vn 0.2596441507 -0.6645764112 -0.7006590366
v 14.26865578 21.83333588 23.38830566
vn 0.4681589603 -0.5385149717 -0.7005918026
v 13.49964237 21.30541611 23.3662796
vn 0.3700473011 -0.610214293 -0.700502336
v 9.897372246 20.6960659 23.27872086
vn -0.1019912213 -0.7058073878 -0.7010233402
v 10.81545162 20.60993195 23.2999897
vn 0.01946515217 -0.7127350569 -0.7011632323
v 11.73262978 20.68177414 23.32111168
vn 0.1414638162 -0.699241817 -0.7007488012
v 7.380278111 21.8863945 23.21158981
vn -0.4381725192 -0.5639021397 -0.7000136971
v 8.139705658 21.34749031 23.23350334
vn -0.3346086144 -0.6303866506 -0.7004639506
v 8.991368294 20.94395065 23.25622559
vn -0.2209256887 -0.6783940196 -0.7006949782
v 5.805470943 24.15505028 23.14611816
vn -0.6608925462 -0.275801003 -0.6979647875
v 6.202372074 23.30008698 23.16885185
vn -0.6031092405 -0.3847956657 -0.6987070441
v 6.735815048 22.53583717 23.1908226
vn -0.5286317468 -0.48092255 -0.6994726658
v 5.485834122 25.98014641 23.10246277
vn -0.6748892069 -0.02346717939 -0.7375457883
v 5.564813137 25.06250763 23.12365723
vn -0.6994119883 -0.1581240743 -0.6970076561
v 6.202372074 28.66020775 23.03607368
vn -0.6296249628 0.3411739469 -0.6979776025
v 5.805470943 27.80524254 23.05880737
vn -0.6793688536 0.2278526127 -0.6975250244
v 5.564813137 26.89778519 23.08126831
vn -0.7085056305 0.10859292 -0.6973000169
v 8.139705658 30.61280441 22.9714241
vn -0.3789976239 0.6049293876 -0.7003008127
v 6.735815048 29.42445755 23.01410294
vn -0.5612921119 0.4436608553 -0.6986531615
v 7.380278111 30.07390022 22.99333954
vn -0.4761166275 0.531933248 -0.7002571225
v 9.897372246 31.26422882 22.9262085
vn -0.1516658664 0.697155118 -0.7006940842
v 10.81545162 31.35036278 22.90493774
vn -0.02985094674 0.7125073671 -0.7010294199
v 8.991368294 31.01634216 22.94870377
vn -0.2694223523 0.6608002782 -0.7005388141
v 11.73262978 31.27851868 22.88381767
vn 0.09177682549 0.7070670128 -0.7011656165
v 12.64145565 31.04509926 22.86139297
vn 0.2109053433 0.6813656688 -0.7008992434
v 13.49964237 30.65487862 22.83864784
vn 0.3252250254 0.6350297928 -0.7006895542
v 14.26865578 30.12696075 22.81662178
vn 0.4297642708 0.570083797 -0.7002193332
v 14.92311096 29.48744774 22.79584694
vn 0.5213253498 0.4883364439 -0.6998195052
v 15.46741199 28.7328968 22.77399063
vn 0.5970110297 0.3932567239 -0.6992331743
v 15.87754726 27.88461113 22.75128555
vn 0.6562886834 0.2852679789 -0.6985036135
v 10.94346333 25.98014641 23.48740005
vn 0.008641988039 0.006577011198 -0.999941051
v 15.46741199 23.22739792 24.22468376
vn 0.6241878867 -0.3501731753 -0.6984040737
v 15.87754726 24.07568169 24.24739075
vn 0.6753442287 -0.2376139313 -0.6981760263
v 14.92311096 22.47284889 24.20282936
vn 0.5544750094 -0.4515795112 -0.6990231872
v 8.08710289 23.72260475 29.2852211
vn -0.6896282434 -0.5693426728 0.4475062191
v 12.64145565 20.91519356 24.13728523
vn 0.2596451938 -0.6645761728 -0.7006589174
v 14.26865578 21.83333588 24.18205643
vn 0.4681584239 -0.5385149717 -0.7005921602
v 13.49964237 21.30541611 24.16003036
vn 0.3700482547 -0.6102153063 -0.7005009651
v 9.897372246 20.6960659 24.07246971
vn -0.1019900665 -0.7058070302 -0.7010238767
v 10.81545162 20.60993195 24.09374046
vn 0.01946504787 -0.7127351165 -0.7011631131
v 11.73262978 20.68177414 24.11486053
vn 0.1414625794 -0.6992409825 -0.7007498741
v 7.380278111 21.8863945 24.00533867
vn -0.4381727874 -0.5639025569 -0.7000132203
v 8.139705658 21.34749031 24.0272541
vn -0.3346092105 -0.630387485 -0.7004629374
v 8.991368294 20.94395065 24.04997444
vn -0.2209262997 -0.6783928275 -0.7006959319
v 5.805470943 24.15505028 23.93986893
vn -0.6608936787 -0.2758008242 -0.6979637742
v 6.202372074 23.30008698 23.96260262
vn -0.6031091213 -0.3847961426 -0.6987069249
v 6.735815048 22.53583717 23.98457336
vn -0.5286320448 -0.4809221327 -0.6994727254
v 5.485834122 25.98014641 23.89621353
vn -0.6748901606 -0.02346679568 -0.7375449538
v 5.564813137 25.06250763 23.91740799
vn -0.6994124055 -0.1581247598 -0.6970070601
v 6.202372074 28.66020775 23.82982445
vn -0.6296241879 0.3411733508 -0.6979786158
v 5.805470943 27.80524254 23.85255814
vn -0.6793699265 0.2278523296 -0.6975240707
v 5.564813137 26.89778519 23.87501907
vn -0.7085071802 0.1085931137 -0.6972984076
v 8.139705658 30.61280441 23.76517487
vn -0.3789972663 0.6049289703 -0.7003013492
v 6.735815048 29.42445755 23.80785561
vn -0.5612924695 0.4436612725 -0.6986525655
v 7.380278111 30.07390022 23.78708649
vn -0.4761170447 0.531932652 -0.7002572417
v 9.897372246 31.26422882 23.71995735
vn -0.1516652852 0.6971549988 -0.7006943226
v 10.81545162 31.35036278 23.69868851
vn -0.02985084429 0.71250844 -0.7010282874
v 8.991368294 31.01634216 23.74245262
vn -0.2694223523 0.6608002186 -0.7005388141
v 11.73262978 31.27851868 23.67756653
vn 0.09177642316 0.7070677876 -0.7011649013
v 12.64145565 31.04509926 23.65514183
vn 0.2109057903 0.6813653111 -0.7008994818
v 13.49964237 30.65487862 23.63239861
vn 0.325225383 0.6350293756 -0.700689733
v 14.26865578 30.12696075 23.61037254
vn 0.4297649264 0.5700845122 -0.7002183795
v 14.92311096 29.48744774 23.58959961
vn 0.5213254094 0.4883372784 -0.6998189092
v 15.46741199 28.7328968 23.56774139
vn 0.5970109701 0.3932567537 -0.6992331743
v 15.87754726 27.88461113 23.54503441
vn 0.6562886238 0.2852684259 -0.6985035539
v 11.09688854 26.60720444 23.5432415
vn 0.05149658397 0.168572858 -0.9843430519
v 15.46741199 23.22739792 25.01843452
vn 0.6241872907 -0.3501730263 -0.6984046698
v 15.87754726 24.07568169 25.04114151
vn 0.6753433347 -0.2376133353 -0.6981770992
v 14.92311096 22.47284889 24.99657822
vn 0.5544749498 -0.4515795112 -0.6990232468
v 12.64145565 20.91519356 24.931036
vn 0.2596441805 -0.6645763516 -0.7006590962
v 14.26865578 21.83333588 24.97580719
vn 0.4681589901 -0.5385150313 -0.7005916834
v 13.49964237 21.30541611 24.95377922
vn 0.3700479269 -0.6102143526 -0.7005019784
v 9.897372246 20.6960659 24.86622047
vn -0.1019906998 -0.7058076859 -0.7010231614
v 10.81545162 20.60993195 24.88749123
vn 0.01946555078 -0.7127352953 -0.7011629343
v 11.73262978 20.68177414 24.9086113
vn 0.1414627582 -0.6992414594 -0.7007493973
v 7.380278111 21.8863945 24.79908943
vn -0.438172847 -0.563901782 -0.7000138164
v 8.139705658 21.34749031 24.82100296
vn -0.3346086442 -0.6303866506 -0.7004639506
v 8.991368294 20.94395065 24.8437252
vn -0.2209256589 -0.6783940196 -0.7006949782
v 5.805470943 24.15505028 24.73361778
vn -0.6608935595 -0.2758007348 -0.697963953
v 6.202372074 23.30008698 24.75635147
vn -0.6031090021 -0.384796083 -0.6987069845
v 6.735815048 22.53583717 24.77832413
vn -0.5286316872 -0.4809226096 -0.6994726658
v 5.485834122 25.98014641 24.68996239
vn -0.6748892665 -0.02346719243 -0.7375457883
v 5.564813137 25.06250763 24.71115685
vn -0.6994122863 -0.1581247449 -0.6970071793
v 6.202372074 28.66020775 24.62357712
vn -0.6296249628 0.3411740065 -0.6979775429
v 5.805470943 27.80524254 24.64630699
vn -0.6793683171 0.2278528959 -0.6975254416
v 5.564813137 26.89778519 24.66876793
vn -0.7085057497 0.1085928902 -0.6972999573
v 8.139705658 30.61280441 24.55892372
vn -0.3789976239 0.604929328 -0.7003008723
v 6.735815048 29.42445755 24.60160446
vn -0.5612928867 0.4436614811 -0.6986520886
v 7.380278111 30.07390022 24.58083916
vn -0.4761175513 0.5319335461 -0.7002562284
v 9.897372246 31.26422882 24.51370811
vn -0.151665166 0.6971545219 -0.7006947994
v 10.81545162 31.35036278 24.49243736
vn -0.02985145524 0.7125076056 -0.7010291219
v 8.991368294 31.01634216 24.53620338
vn -0.2694220245 0.6607993841 -0.7005397677
v 11.73262978 31.27851868 24.47131538
vn 0.09177754819 0.707067728 -0.7011648417
v 12.64145565 31.04509926 24.44889259
vn 0.2109062821 0.6813668013 -0.7008978724
v 13.49964237 30.65487862 24.42614937
vn 0.325224936 0.6350306869 -0.7006887794
v 14.26865578 30.12696075 24.40411949
vn 0.429763943 0.5700842142 -0.700219214
v 14.92311096 29.48744774 24.38334846
vn 0.5213256478 0.4883359373 -0.699819684
v 15.46741199 28.7328968 24.36149406
vn 0.5970121026 0.3932568133 -0.699232161
v 15.87754726 27.88461113 24.33878517
vn 0.6562899351 0.2852690518 -0.6985020638
v 9.980748177 27.95286942 30.85422897
vn 0.1303435564 0.9911102653 0.02666508593
v 15.46741199 23.22739792 25.81218529
vn 0.6241887212 -0.3501738608 -0.6984029412
v 15.87754726 24.07568169 25.83489227
vn 0.6753436923 -0.2376140952 -0.6981765032
v 14.92311096 22.47284889 25.79032898
vn 0.5544760227 -0.451579839 -0.6990221739
v 12.64145565 20.91519356 25.72478485
vn 0.2596442699 -0.6645767093 -0.7006587386
v 14.26865578 21.83333588 25.76955605
vn 0.4681590199 -0.5385149121 -0.7005918026
v 13.49964237 21.30541611 25.74752998
vn 0.3700482249 -0.6102150679 -0.7005011439
v 9.897372246 20.6960659 25.65996933
vn -0.1019900441 -0.7058069706 -0.7010239363
v 10.81545162 20.60993195 25.68124008
vn 0.01946559921 -0.7127352357 -0.7011629939
v 11.73262978 20.68177414 25.70236206
vn 0.1414631903 -0.699241519 -0.7007492185
v 7.380278111 21.8863945 25.59283829
vn -0.438172549 -0.5639020801 -0.7000137568
v 8.139705658 21.34749031 25.61475372
vn -0.3346085846 -0.6303865314 -0.7004640698
v 8.991368294 20.94395065 25.63747406
vn -0.2209262699 -0.6783927083 -0.7006959915
v 5.805470943 24.15505028 25.52736855
vn -0.6608939171 -0.27580145 -0.6979632974
v 6.202372074 23.30008698 25.55010223
vn -0.6031101942 -0.384796232 -0.6987059116
v 6.735815048 22.53583717 25.57207298
vn -0.5286320448 -0.4809221923 -0.6994726658
v 5.485834122 25.98014641 25.48371315
vn -0.6748892665 -0.02346719243 -0.7375457883
v 5.564813137 25.06250763 25.50490761
vn -0.6994124055 -0.1581242532 -0.6970071793
v 6.202372074 28.66020775 25.41732407
vn -0.6296247244 0.3411731422 -0.6979782581
v 5.805470943 27.80524254 25.44005775
vn -0.6793688536 0.2278526723 -0.6975250244
v 5.564813137 26.89778519 25.46251869
vn -0.7085056901 0.1085928977 -0.6972999573
v 8.139705658 30.61280441 25.35267448
vn -0.3789962828 0.6049280167 -0.7003027201
v 6.735815048 29.42445755 25.39535522
vn -0.5612924099 0.4436612427 -0.6986526251
v 7.380278111 30.07390022 25.37458801
vn -0.4761171043 0.5319327116 -0.7002571821
v 9.897372246 31.26422882 25.30745888
vn -0.1516659111 0.6971551776 -0.7006940246
v 10.81545162 31.35036278 25.28618813
vn -0.02985132486 0.7125085592 -0.7010281086
v 8.991368294 31.01634216 25.32995415
vn -0.2694216371 0.6607997417 -0.7005395889
v 11.73262978 31.27851868 25.26506615
vn 0.09177640826 0.707067728 -0.7011649609
v 12.64145565 31.04509926 25.24264145
vn 0.2109057754 0.6813653111 -0.7008994818
v 13.49964237 30.65487862 25.21989822
vn 0.3252254426 0.6350294352 -0.7006896734
v 14.26865578 30.12696075 25.19787216
vn 0.4297648668 0.5700845122 -0.7002183795
v 14.92311096 29.48744774 25.17709732
vn 0.5213257074 0.4883367717 -0.699819088
v 15.46741199 28.7328968 25.15524101
vn 0.5970108509 0.3932571709 -0.6992330551
v 15.87754726 27.88461113 25.13253403
vn 0.6562885642 0.2852684557 -0.6985035539
v 9.697460175 23.44486046 30.35518265
vn -0.2807859778 -0.6388062835 0.7163000703
v 15.46741199 23.22739792 26.60593414
vn 0.6241865754 -0.3501731753 -0.6984052658
v 15.87754726 24.07568169 26.62864113
vn 0.6753427982 -0.2376133204 -0.6981776357
v 14.92311096 22.47284889 26.58407974
vn 0.554474771 -0.4515794218 -0.6990234256
v 16.13264847 24.98014641 26.65116882
vn 0.5601685643 0.4155831039 -0.7165904641
v 12.64145565 20.91519356 26.51853561
vn 0.2596439123 -0.6645754576 -0.7006600499
v 14.26865578 21.83333588 26.56330872
vn 0.4681595862 -0.5385145545 -0.7005916834
v 13.49964237 21.30541611 26.54127884
vn 0.3700479269 -0.6102141738 -0.7005020976
v 9.897372246 20.6960659 26.45372009
vn -0.1019904315 -0.7058066726 -0.7010241747
v 10.81545162 20.60993195 26.47499084
vn 0.01946561225 -0.7127353549 -0.7011628747
v 11.73262978 20.68177414 26.49611092
vn 0.1414625645 -0.6992411017 -0.7007498145
v 7.380278111 21.8863945 26.38658905
vn -0.4381728768 -0.5639023781 -0.7000132799
v 8.139705658 21.34749031 26.40850449
vn -0.3346094489 -0.630386591 -0.700463593
v 8.991368294 20.94395065 26.43122482
vn -0.2209254205 -0.6783922315 -0.7006967068
v 5.805470943 24.15505028 26.3211174
vn -0.6608936787 -0.2758003473 -0.6979640126
v 6.202372074 23.30008698 26.34385109
vn -0.6031089425 -0.384796232 -0.6987069845
v 6.735815048 22.53583717 26.36582375
vn -0.528631568 -0.4809229672 -0.699472487
v 5.485834122 25.98014641 26.27746391
vn -0.6748895645 -0.02346730232 -0.7375454903
v 5.564813137 25.06250763 26.29865837
vn -0.6994124055 -0.1581241488 -0.6970071793
v 6.202372074 28.66020775 26.21107483
vn -0.6296257377 0.3411735892 -0.697977066
v 5.805470943 27.80524254 26.23380852
vn -0.6793689132 0.2278525233 -0.6975249648
v 5.564813137 26.89778519 26.25626945
vn -0.7085056305 0.1085926518 -0.6973000765
v 8.139705658 30.61280441 26.14642525
vn -0.3789972961 0.6049290299 -0.7003012896
v 6.735815048 29.42445755 26.18910217
vn -0.5612929463 0.4436613917 -0.6986521482
v 7.380278111 30.07390022 26.16833687
vn -0.4761162102 0.5319330096 -0.7002575397
v 9.897372246 31.26422882 26.10120773
vn -0.1516656429 0.6971550584 -0.7006942034
v 10.81545162 31.35036278 26.07993698
vn -0.02985139936 0.7125075459 -0.7010291219
v 8.991368294 31.01634216 26.123703
vn -0.2694222927 0.660800159 -0.7005389333
v 11.73262978 31.27851868 26.05881691
vn 0.09177718312 0.7070667148 -0.7011659145
v 12.64145565 31.04509926 26.03639221
vn 0.2109057754 0.6813653111 -0.7008994818
v 13.49964237 30.65487862 26.01364899
vn 0.3252247274 0.6350302696 -0.7006893158
v 14.26865578 30.12696075 25.99161911
vn 0.4297640622 0.5700838566 -0.7002193928
v 14.92311096 29.48744774 25.97084808
vn 0.5213255286 0.4883358181 -0.6998198628
v 15.46741199 28.7328968 25.94899178
vn 0.5970118046 0.3932571113 -0.6992322803
v 15.87754726 27.88461113 25.92628479
vn 0.656289041 0.2852686048 -0.698503077
v 9.048021317 25.98014641 23.91846848
vn -0.4557729363 0.004748826381 -0.8900834322
v 15.46741199 23.22739792 27.39968491
vn 0.6241887212 -0.3501736224 -0.6984030604
v 15.87754726 24.07568169 27.4223938
vn 0.6753441095 -0.2376138866 -0.6981761456
v 14.92311096 22.47284889 27.3778286
vn 0.5544758439 -0.451579541 -0.6990224719
v 16.13264847 24.98014641 27.44491959
vn 0.5601683259 0.4155831635 -0.7165906429
v 12.64145565 20.91519356 27.31228638
vn 0.2596442103 -0.6645764709 -0.700658977
v 14.26865578 21.83333588 27.35705566
vn 0.4681589305 -0.5385146141 -0.700592041
v 13.49964237 21.30541611 27.3350296
vn 0.3700473011 -0.6102141738 -0.7005024552
v 9.897372246 20.6960659 27.24747086
vn -0.1019911543 -0.7058073878 -0.7010233402
v 10.81545162 20.60993195 27.2687397
vn 0.01946513727 -0.7127349973 -0.7011632323
v 11.73262978 20.68177414 27.28986168
vn 0.1414637715 -0.6992417574 -0.7007488608
v 7.380278111 21.8863945 27.18033981
vn -0.4381726086 -0.5639018416 -0.7000139356
v 8.139705658 21.34749031 27.20225334
vn -0.3346084952 -0.6303864121 -0.7004641891
v 8.991368294 20.94395065 27.22497559
vn -0.2209257036 -0.6783937216 -0.7006952167
v 5.805470943 24.15505028 27.11486816
vn -0.6608926058 -0.2758009732 -0.6979647279
v 6.202372074 23.30008698 27.13760185
vn -0.6031090617 -0.3847957253 -0.6987071633
v 6.735815048 22.53583717 27.15957451
vn -0.5286316872 -0.4809224904 -0.6994727254
v 5.485834122 25.98014641 27.07121277
vn -0.6748890877 -0.02346724272 -0.7375459075
v 5.564813137 25.06250763 27.09240723
vn -0.6994119883 -0.1581241339 -0.6970075965
v 6.202372074 28.66020775 27.00482368
vn -0.6296252608 0.3411738873 -0.6979773641
v 5.805470943 27.80524254 27.02755928
vn -0.6793688536 0.2278526872 -0.6975249648
v 5.564813137 26.89778519 27.05001831
vn -0.7085055113 0.1085928828 -0.6973001957
v 8.139705658 30.61280441 26.9401741
vn -0.3789977133 0.604929626 -0.7003005743
v 6.735815048 29.42445755 26.98285294
vn -0.5612923503 0.4436610043 -0.6986528635
v 7.380278111 30.07390022 26.96208763
vn -0.4761166871 0.5319336057 -0.7002567649
v 9.897372246 31.26422882 26.8949585
vn -0.151665926 0.6971554756 -0.7006937265
v 10.81545162 31.35036278 26.87368774
vn -0.02985093556 0.7125076056 -0.7010291219
v 8.991368294 31.01634216 26.91745377
vn -0.2694223523 0.6608006358 -0.7005384564
v 11.73262978 31.27851868 26.85256767
vn 0.0917769596 0.7070673704 -0.7011652589
v 12.64145565 31.04509926 26.83014297
vn 0.2109053135 0.6813659072 -0.7008990049
v 13.49964237 30.65487862 26.80739784
vn 0.3252249956 0.6350299716 -0.7006893754
v 14.26865578 30.12696075 26.78536987
vn 0.4297642112 0.5700840354 -0.700219214
v 14.92311096 29.48744774 26.76459694
vn 0.5213254094 0.4883363545 -0.6998195648
v 15.46741199 28.7328968 26.74274063
vn 0.5970110297 0.3932566941 -0.6992331743
v 15.87754726 27.88461113 26.72003555
vn 0.656288743 0.2852679193 -0.6985036135
v 16.13264847 26.98014641 26.69750786
vn 0.658509016 -0.3506353796 -0.6658984423
v 15.46741199 23.22739792 28.19343376
vn 0.6241878867 -0.3501732349 -0.6984040141
v 15.87754726 24.07568169 28.21614075
vn 0.6753442883 -0.2376140207 -0.6981759667
v 14.92311096 22.47284889 28.17157936
vn 0.554475069 -0.4515795708 -0.6990231276
v 16.13264847 24.98014641 28.23866844
vn 0.5601702929 0.4155817032 -0.7165899277
v 12.64145565 20.91519356 28.10603523
vn 0.2596452832 -0.6645761728 -0.7006588578
v 14.26865578 21.83333588 28.15080643
vn 0.4681585729 -0.5385146737 -0.7005922198
v 13.49964237 21.30541611 28.12878036
vn 0.3700482249 -0.6102151275 -0.7005010843
v 9.897372246 20.6960659 28.04121971
vn -0.1019900963 -0.705806911 -0.7010239959
v 10.81545162 20.60993195 28.06249046
vn 0.01946504787 -0.7127349973 -0.7011632323
v 11.73262978 20.68177414 28.08361053
vn 0.1414626539 -0.6992409229 -0.7007499337
v 7.380278111 21.8863945 27.97408867
vn -0.438172847 -0.5639022589 -0.7000134587
v 8.139705658 21.34749031 27.9960041
vn -0.3346091509 -0.6303873658 -0.7004630566
v 8.991368294 20.94395065 28.01872444
vn -0.2209264338 -0.6783927083 -0.7006959319
v 5.805470943 24.15505028 27.90862083
vn -0.6608936191 -0.2758008838 -0.6979638338
v 6.202372074 23.30008698 27.93135262
vn -0.6031092405 -0.3847961128 -0.6987068057
v 6.735815048 22.53583717 27.95332336
vn -0.5286319852 -0.4809221923 -0.6994727254
v 5.485834122 25.98014641 27.86496353
vn -0.674890101 -0.02346672677 -0.7375450134
v 5.564813137 25.06250763 27.88615799
vn -0.6994122863 -0.1581248492 -0.6970071793
v 6.202372074 28.66020775 27.79857445
vn -0.6296242476 0.3411733806 -0.6979785562
v 5.805470943 27.80524254 27.82130814
vn -0.6793698072 0.2278523296 -0.6975241899
v 5.564813137 26.89778519 27.84376907
vn -0.7085072398 0.1085930318 -0.6972984076
v 8.139705658 30.61280441 27.73392487
vn -0.3789971471 0.6049289703 -0.7003014684
v 6.735815048 29.42445755 27.77660561
vn -0.5612924099 0.4436612725 -0.6986526251
v 7.380278111 30.07390022 27.75583649
vn -0.4761168659 0.5319327712 -0.7002573013
v 9.897372246 31.26422882 27.68870735
vn -0.1516653895 0.6971550584 -0.700694263
v 10.81545162 31.35036278 27.66743851
vn -0.02985081263 0.7125083804 -0.701028347
v 8.991368294 31.01634216 27.71120262
vn -0.2694224715 0.6608003974 -0.7005386353
v 11.73262978 31.27851868 27.64631653
vn 0.09177649766 0.7070679069 -0.701164782
v 12.64145565 31.04509926 27.62389183
vn 0.2109058201 0.6813653708 -0.7008993626
v 13.49964237 30.65487862 27.60114861
vn 0.325225234 0.6350294948 -0.700689733
v 14.26865578 30.12695885 27.57912064
vn 0.429764837 0.5700846314 -0.7002183199
v 14.92311096 29.48744583 27.5583477
vn 0.521325469 0.4883372784 -0.6998188496
v 15.46741199 28.7328968 27.53649139
vn 0.5970109701 0.3932567239 -0.6992331743
v 15.87754726 27.88461113 27.51378632
vn 0.6562886238 0.2852683961 -0.6985035539
v 16.13264847 26.98014641 27.49125671
vn 0.6585091949 -0.3506346047 -0.6658986211
v 15.46741199 23.22739792 28.98718643
vn 0.6241882443 -0.3501742482 -0.6984031796
v 15.87754726 24.07568169 29.00989151
vn 0.6753430367 -0.2376137376 -0.698177278
v 14.92311096 22.47284889 28.96532822
vn 0.5544768572 -0.4515787661 -0.6990222335
v 16.13264847 24.98014641 29.0324173
vn 0.5601696968 0.4155817926 -0.7165902853
v 12.64145565 20.91519356 28.89978409
vn 0.259644717 -0.6645777225 -0.7006576061
v 14.26865578 21.83333588 28.94455719
vn 0.468156755 -0.5385136604 -0.7005942464
v 13.49964237 21.30541611 28.92253113
vn 0.3700487018 -0.6102148294 -0.7005010843
v 9.897372246 20.6960659 28.83496857
vn -0.1019897461 -0.7058079243 -0.7010229826
v 10.81545162 20.60993195 28.85623932
vn 0.01946503855 -0.7127357125 -0.7011625767
v 11.73262978 20.68177414 28.8773613
vn 0.1414636075 -0.6992412806 -0.7007493377
v 7.380278111 21.8863945 28.76783752
vn -0.4381738901 -0.5639019012 -0.7000131011
v 8.139705658 21.34749031 28.78975296
vn -0.3346086442 -0.6303874254 -0.7004632354
v 8.991368294 20.94395065 28.8124733
vn -0.2209272534 -0.6783934832 -0.7006949186
v 5.805470943 24.15505028 28.7023716
vn -0.6608932614 -0.2758001685 -0.6979644299
v 6.202372074 23.30008698 28.72510147
vn -0.6031079888 -0.3847960532 -0.6987078786
v 6.735815048 22.53583717 28.74707413
vn -0.5286322236 -0.480922401 -0.6994723678
v 5.485834122 25.98014641 28.65871429
vn -0.674890101 -0.02346672677 -0.7375450134
v 5.564813137 25.06250763 28.67990875
vn -0.6994123459 -0.1581243724 -0.6970071793
v 6.202372074 28.66020775 28.5923233
vn -0.629625082 0.3411739171 -0.6979774833
v 5.805470943 27.80524254 28.6150589
vn -0.6793695092 0.2278521955 -0.697524488
v 5.564813137 26.89778519 28.63751984
vn -0.7085068822 0.1085924804 -0.6972988248
v 8.139705658 30.61280441 28.52767372
vn -0.3789976239 0.6049284339 -0.7003016472
v 6.735815048 29.42445755 28.57035446
vn -0.5612920523 0.4436608553 -0.6986531615
v 7.380278111 30.07390022 28.54958725
vn -0.4761171341 0.5319331884 -0.7002567649
v 9.897372246 31.26422882 28.48245811
vn -0.1516662985 0.6971542835 -0.7006947994
v 10.81545162 31.35036278 28.46118736
vn -0.02985027432 0.7125076056 -0.7010291815
v 8.991368294 31.01634216 28.50495338
vn -0.2694210112 0.6607995033 -0.7005400658
v 11.73262978 31.27851868 28.44006729
vn 0.09177645296 0.707067728 -0.7011649609
v 12.64145565 31.04509926 28.41764259
vn 0.2109065503 0.6813659072 -0.7008986473
v 13.49964237 30.65487862 28.39489937
vn 0.3252248466 0.6350306273 -0.700688839
v 14.26865578 30.12695885 28.3728714
vn 0.4297637641 0.570084393 -0.7002191544
v 14.92311096 29.48744583 28.35209656
vn 0.5213255286 0.4883360863 -0.699819684
v 15.46741199 28.7328968 28.33024216
vn 0.5970121026 0.3932567239 -0.6992322206
v 15.87754726 27.88461113 28.30753517
vn 0.6562898755 0.285268873 -0.698502183
v 16.13264847 26.98014641 28.28500748
vn 0.6585094929 -0.3506358862 -0.665897727
v 15.46741199 23.22739792 29.78093529
vn 0.6241883039 -0.3501730561 -0.6984037757
v 15.87754726 24.07568169 29.80364227
vn 0.6753427982 -0.2376139164 -0.6981774569
v 14.92311096 22.47284889 29.75908089
vn 0.554473877 -0.4515791833 -0.69902426
v 16.13264847 24.98014641 29.82616806
vn 0.5601677299 0.4155839086 -0.7165906429
v 12.64145565 20.91519356 29.69353485
vn 0.2596440315 -0.6645758748 -0.7006595731
v 14.26865578 21.83333588 29.73830986
vn 0.468159467 -0.538515389 -0.7005910873
v 13.49964237 21.30541611 29.71627998
vn 0.3700493574 -0.6102156639 -0.700500071
v 9.897372246 20.6960659 29.62872124
vn -0.1019903123 -0.7058063149 -0.7010245323
v 10.81545162 20.60993195 29.64999008
vn 0.01946602762 -0.7127341032 -0.701164186
v 11.73262978 20.68177414 29.67111397
vn 0.1414624006 -0.69923985 -0.7007510662
v 7.380278111 21.8863945 29.56158829
vn -0.4381717145 -0.5639015436 -0.7000147104
v 8.139705658 21.34749031 29.58350563
vn -0.3346085548 -0.6303857565 -0.7004647851
v 8.991368294 20.94395065 29.60622406
vn -0.2209256589 -0.6783920527 -0.700696826
v 5.805470943 24.15505028 29.49611855
vn -0.6608931422 -0.2758008838 -0.6979643106
v 6.202372074 23.30008698 29.51885223
vn -0.6031078696 -0.384795785 -0.6987081766
v 6.735815048 22.53583717 29.54082489
vn -0.5286315084 -0.4809217751 -0.699473381
v 5.485834122 25.98014641 29.45246124
vn -0.67488873 -0.02346690185 -0.7375462651
v 5.564813137 25.06250763 29.4736557
vn -0.6994134784 -0.1581246853 -0.6970059872
v 6.202372074 28.66020775 29.38607407
vn -0.6296266913 0.3411735296 -0.6979762316
v 5.805470943 27.80524254 29.40880966
vn -0.6793708205 0.2278527319 -0.6975230575
v 5.564813137 26.89778519 29.43127251
vn -0.7085051537 0.1085940674 -0.6973003745
v 8.139705658 30.61280441 29.32142258
vn -0.3789974153 0.6049278975 -0.7003022432
v 6.735815048 29.42445755 29.36410141
vn -0.5612927079 0.4436616004 -0.6986521482
v 7.380278111 30.07390022 29.34333801
vn -0.4761158526 0.5319330096 -0.7002577782
v 9.897372246 31.26422882 29.27620888
vn -0.1516646892 0.6971524954 -0.7006969452
v 10.81545162 31.35036278 29.25493813
vn -0.02985180169 0.7125061154 -0.701030612
v 8.991368294 31.01634216 29.29870224
vn -0.2694213986 0.6607973576 -0.7005419135
v 11.73262978 31.27851868 29.23381424
vn 0.0917770341 0.7070659399 -0.7011666894
v 12.64145565 31.04509926 29.21139145
vn 0.2109064907 0.6813642979 -0.7009002566
v 13.49964237 30.65487862 29.18865013
vn 0.3252248168 0.6350310445 -0.7006884813
v 14.26865578 30.12695885 29.16661835
vn 0.4297645986 0.5700852871 -0.7002179027
v 14.92311096 29.48744583 29.14584732
vn 0.5213263035 0.4883359373 -0.6998192072
v 15.46741199 28.7328968 29.12399292
vn 0.5970127583 0.3932577372 -0.6992310882
v 15.87754726 27.88461113 29.10128403
vn 0.6562902927 0.2852691114 -0.6985017061
v 16.13264847 26.98014641 29.07875824
vn 0.6585093737 -0.350633949 -0.6658987999
v 15.46748638 23.22839737 30.48644638
vn 0.0682573542 -0.04151711613 0.9968035221
v 14.92311096 22.47284889 30.35439301
vn 0.4809090793 -0.4367252588 0.760261476
v 15.46741199 23.22739792 30.37624741
vn 0.4957766533 -0.3263028562 0.8048179746
v 14.26865578 21.83333588 30.33361816
vn 0.412730217 -0.5270941257 0.7428495884
v 14.24162006 21.8117981 30.48644638
vn 0.05307209492 -0.06940302998 0.9961760044
v 13.49964237 21.30541611 30.3115921
vn 0.3266194463 -0.6063504815 0.7250233293
v 16.13264847 24.98014641 30.42148209
vn 0.5365975499 0.3930487633 0.7467099428
v 16.13264847 24.98014641 30.48644638
vn 0.1376361251 0.0322320573 0.9899582863
v 15.87725067 24.07545853 30.48644638
vn 0.0409764871 -0.01445023064 0.999055624
v 8.254805565 21.28210449 30.38042641
vn -0.3755776584 -0.7225742936 -0.580368638
v 8.139705658 21.34749031 30.17881775
vn -0.3771267235 -0.6078850031 0.6987497807
v 8.991368294 20.94395065 30.20153999
vn -0.2674570382 -0.6626714468 0.6995236278
v 11.73138428 20.68162537 30.46483231
vn 0.1661947221 -0.9716100693 -0.1683841199
v 11.73262978 20.68177414 30.26642227
vn 0.109378919 -0.7500893474 0.6522286534
v 12.60861015 20.90373611 30.48644638
vn 0.033757139 -0.1067199484 0.9937158823
v 10.8474884 20.6097641 30.44450188
vn 0.02900828049 -0.9669246674 -0.2534072101
v 9.961395264 20.68470383 30.4240036
vn -0.1264636815 -0.9261809587 -0.3552403748
v 10.81545162 20.60993195 30.24530411
vn -0.02863778174 -0.7122302651 0.7013614774
v 9.084773064 20.91032219 30.40237045
vn -0.2682625949 -0.8606930971 -0.432715416
v 7.50681591 21.78260422 30.35915756
vn -0.5034295321 -0.6527940631 -0.5660552979
v 6.202372074 23.30008698 30.11416245
vn -0.6297479868 -0.3472056091 0.6948853731
v 6.735815048 22.53583717 30.1361351
vn -0.5604525208 -0.4488113225 0.6960325837
v 6.322441101 23.10128784 30.31814575
vn -0.6523979902 -0.4266369045 -0.6263847351
v 7.380278111 21.8863945 30.15690422
vn -0.4746326804 -0.5360691547 0.6981072426
v 6.863924026 22.38766861 30.3391037
vn -0.5877391696 -0.5431713462 -0.5996061563
v 5.564813137 25.06250763 30.06896973
vn -0.7111234069 -0.1155538335 0.6935061812
v 5.495853901 25.65291023 30.25378036
vn -0.7266381383 -0.05610957369 -0.6847252846
v 5.485834122 25.98014641 30.04777527
vn -0.6779347658 0.01792243123 0.7349035144
v 5.902616978 23.90621948 30.29631615
vn -0.6973261833 -0.3042000532 -0.6489981413
v 5.624392986 24.77049255 30.27447128
vn -0.7218146324 -0.1795346737 -0.6683943272
v 5.805470943 24.15505028 30.09143066
vn -0.6806250811 -0.2344377637 0.6941098571
v 6.00138092 28.27506065 30.19026947
vn -0.6544216871 0.2987391353 -0.6946129799
v 6.202372074 28.66020775 29.98139
vn -0.6113404036 0.3793745339 0.6945054531
v 5.805470943 27.80524254 30.00412178
vn -0.6677918434 0.2695517838 0.6938269734
v 5.683383942 27.42337227 30.21220016
vn -0.6949251294 0.1835600734 -0.6952587962
v 5.564813137 26.89778519 30.02658081
vn -0.7048200965 0.1513964534 0.6930423379
v 5.514575005 26.53917885 30.23348045
vn -0.7154060006 0.06412927806 -0.6957597733
v 8.139705658 30.61280441 29.9167366
vn -0.3459975421 0.628444314 0.6966659427
v 7.380278111 30.07390022 29.93864822
vn -0.4485414028 0.5605400801 0.6961360574
v 7.694805145 30.32167625 30.12778473
vn -0.4276798666 0.5788747668 -0.6942578554
v 6.735815048 29.42445755 29.95941734
vn -0.5383110642 0.4766713083 0.694986105
v 6.455482006 29.05706596 30.16867828
vn -0.5952592492 0.405074358 -0.6939604878
v 7.02111721 29.74013329 30.14834023
vn -0.5186702013 0.4990989864 -0.6941767931
v 9.897372246 31.26422882 29.87151718
vn -0.114558652 0.7077240944 0.6971391439
v 10.19285011 31.30919456 30.063097
vn -0.09217383713 0.7148094177 -0.6932181716
v 10.81545162 31.35036278 29.85025024
vn 0.006822049618 0.7162716389 0.6977882385
v 8.468151093 30.79006386 30.10621071
vn -0.3242247403 0.6430060267 -0.6938455105
v 9.313873291 31.12353897 30.08427048
vn -0.2110364139 0.6889328957 -0.6934227347
v 8.991368294 31.01634216 29.89401245
vn -0.2330429703 0.6781887412 0.6969583631
v 11.73262978 31.27851868 29.82912827
vn 0.1287655979 0.7040507793 0.6983780265
v 11.07861042 31.34630013 30.04277802
vn 0.02893906645 0.7196298242 -0.6937545538
v 11.96478176 31.23481941 30.0219841
vn 0.1493391544 0.7046320438 -0.6936796904
v 12.64145565 31.04509926 29.80670357
vn 0.2472368032 0.671685338 0.6983643174
v 12.83301735 30.97301865 30.00020218
vn 0.2661006153 0.6695480943 -0.6934664845
v 13.49964237 30.65487862 29.78395844
vn 0.3585189283 0.6195679903 0.6982833743
v 14.26865578 30.12695885 29.76193237
vn 0.4580030739 0.5500065684 0.6983737946
v 13.64549446 30.56873322 29.97836685
vn 0.3753390908 0.6151080132 -0.6933705211
v 14.36902332 30.04252434 29.95746231
vn 0.5119587779 0.6013723612 -0.6133918166
v 14.92311096 29.48744583 29.74116135
vn 0.5445646048 0.4638504088 0.6987790465
v 14.98788643 29.41102982 29.93729401
vn 0.5411037803 0.4737024903 -0.6948472261
v 15.46741199 28.7328968 29.71930313
vn 0.6156443954 0.3644112051 0.6987034082
v 15.87754726 27.88461113 29.69659805
vn 0.6691086888 0.2537781894 0.6984913945
v 15.50187302 28.6741333 29.91611099
vn 0.6114495993 0.3760831952 -0.6961973906
v 15.88934422 27.85323143 29.89422798
vn 0.6644679904 0.2669733763 -0.6980025172
v 16.13264847 26.98014641 29.67406845
vn 0.6620172858 -0.3471263051 0.6642563343
v 16.13264847 26.98014641 29.87251091
vn 0.5503518581 -0.4271613657 -0.7173883319
v 14.91741085 22.46670151 30.48644638
vn 0.05543458462 -0.05100581422 0.9971586466
v 9.897372246 20.6960659 30.22403336
vn -0.1499133855 -0.6979057789 0.7003238797
v 13.46464062 21.2859211 30.48644638
vn 0.04589971155 -0.08860578388 0.9950086474
v 12.64145565 20.91519356 30.28884888
vn 0.2248321176 -0.6710255742 0.7065232992
v 15.87754726 24.07568169 30.39895439
vn 0.5659689903 -0.2505265176 0.7854397297
v 15.46741199 23.22739792 29.58249664
vn 0.5970106125 -0.3932566941 0.6992334723
v 15.87754726 24.07568169 29.60520554
vn 0.6562893391 -0.285269022 0.6985026002
v 14.92311096 22.47284889 29.56064224
vn 0.5213249326 -0.4883361757 0.6998200417
v 16.13264847 24.98014641 29.62773132
vn 0.6585086584 0.3506364226 0.6658982635
v 12.64145565 20.91519356 29.49509811
vn 0.210906893 -0.6813639402 0.7009004354
v 14.26865578 21.83333588 29.5398674
vn 0.4297636449 -0.5700835586 0.7002199292
v 13.49964237 21.30541611 29.51784134
vn 0.3252245188 -0.6350275874 0.7006917596
v 9.897372246 20.6960659 29.43028259
vn -0.1516657621 -0.6971540451 0.7006951571
v 10.81545162 20.60993195 29.45155334
vn -0.02985109948 -0.7125068307 0.7010298967
v 11.73262978 20.68177414 29.47267532
vn 0.09177560359 -0.7070680261 0.701164782
v 7.380278111 21.8863945 29.36315155
vn -0.4761161506 -0.5319319367 0.7002584338
v 8.139705658 21.34749031 29.38506699
vn -0.3789980114 -0.6049281359 0.7003017068
v 8.991368294 20.94395065 29.40778923
vn -0.2694215775 -0.6608008742 0.700538516
v 5.805470943 24.15505028 29.2976799
vn -0.6793681383 -0.2278518081 0.6975259781
v 6.735815048 22.53583717 29.34238434
vn -0.5612922907 -0.4436608553 0.6986529827
v 6.202372074 23.30008698 29.3204174
vn -0.6296240091 -0.341173768 0.6979785562
v 5.564813137 26.89778519 29.23283005
vn -0.6994134188 0.1581241935 0.6970062256
v 5.485834122 25.98014641 29.25402641
vn -0.6748897433 0.02346693166 0.7375453115
v 5.564813137 25.06250763 29.27521896
vn -0.7085053325 -0.1085922569 0.6973004937
v 6.735815048 29.42445755 29.16566467
vn -0.5286325216 0.4809228778 0.6994718313
v 6.202372074 28.66020775 29.18763924
vn -0.6031104326 0.3847960532 0.6987057924
v 5.805470943 27.80524254 29.21037102
vn -0.6608939171 0.275801301 0.697963357
v 8.991368294 31.01634216 29.10026741
vn -0.2209272236 0.6783924699 0.7006959319
v 7.380278111 30.07390022 29.14490128
vn -0.438174516 0.5639026165 0.7000120878
v 8.139705658 30.61280441 29.12298775
vn -0.334608376 0.6303880811 0.7004627585
v 10.81545162 31.35036278 29.05650139
vn 0.01946560666 0.7127364874 0.7011617422
v 9.897372246 31.26422882 29.07777214
vn -0.1019899324 0.7058079839 0.701022923
v 11.73262978 31.27851868 29.03537941
vn 0.1414638907 0.6992409825 0.7007496357
v 12.64145565 31.04509926 29.01295662
vn 0.2596441209 0.6645778418 0.7006577253
v 13.49964237 30.65487862 28.99020958
vn 0.3700486422 0.6102157831 0.7005003095
v 14.26865578 30.12695885 28.96818161
vn 0.4681577682 0.5385146737 0.7005928159
v 14.92311096 29.48744583 28.94741058
vn 0.5544772744 0.4515794218 0.6990214586
v 15.46741199 28.7328968 28.92555237
vn 0.6241888404 0.3501742184 0.6984027028
v 15.87754726 27.88461113 28.90284729
vn 0.6753435731 0.2376137674 0.6981767416
v 16.13264847 26.98014641 28.8803215
vn 0.5601700544 -0.4155816436 0.7165901661
v 15.46741199 23.22739792 28.78874588
vn 0.5970124006 -0.3932575583 0.6992315054
v 15.87754726 24.07568169 28.81145477
vn 0.6562904119 -0.2852697074 0.6985012889
v 14.92311096 22.47284889 28.76689148
vn 0.5213252902 -0.4883351326 0.6998205185
v 16.13264847 24.98014641 28.83398056
vn 0.6585092545 0.3506347239 0.6658985615
v 12.64145565 20.91519356 28.70134735
vn 0.2109061182 -0.6813634634 0.7009012103
v 14.26865578 21.83333588 28.74612045
vn 0.4297640622 -0.5700844526 0.7002189755
v 13.49964237 21.30541611 28.72409058
vn 0.3252249658 -0.6350292563 0.7006900311
v 9.897372246 20.6960659 28.63653183
vn -0.1516649723 -0.6971532106 0.7006961703
v 10.81545162 20.60993195 28.65780258
vn -0.02985189669 -0.7125059366 0.7010307908
v 11.73262978 20.68177414 28.67892456
vn 0.09177605063 -0.707066834 0.7011659145
v 7.380278111 21.8863945 28.56940079
vn -0.4761147797 -0.5319312811 0.7002598643
v 8.139705658 21.34749031 28.59131622
vn -0.3789965808 -0.6049272418 0.7003032565
v 8.991368294 20.94395065 28.61403656
vn -0.2694217265 -0.6607996225 0.7005396485
v 5.805470943 24.15505028 28.50392914
vn -0.6793700457 -0.2278530747 0.6975237131
v 6.735815048 22.53583717 28.5486393
vn -0.5612926483 -0.4436609149 0.6986526251
v 6.202372074 23.30008698 28.52666473
vn -0.6296260357 -0.3411737978 0.6979767084
v 5.564813137 26.89778519 28.43908119
vn -0.69941324 0.1581241637 0.6970063448
v 5.485834122 25.98014641 28.46027565
vn -0.6748905778 0.02346728742 0.7375445962
v 5.564813137 25.06250763 28.48147011
vn -0.7085066438 -0.1085933223 0.697298944
v 6.735815048 29.42445755 28.37191582
vn -0.5286328197 0.4809236228 0.6994711161
v 6.202372074 28.66020775 28.39388657
vn -0.6031100154 0.3847958148 0.6987063289
v 5.805470943 27.80524254 28.41662025
vn -0.6608934999 0.2758011818 0.6979638338
v 8.991368294 31.01634216 28.30651665
vn -0.220926553 0.6783922315 0.7006963491
v 7.380278111 30.07390022 28.35114861
vn -0.4381733835 0.5639029145 0.7000125647
v 8.139705658 30.61280441 28.32923698
vn -0.3346090317 0.6303872466 0.7004632354
v 10.81545162 31.35036278 28.26275063
vn 0.01946615241 0.7127363682 0.7011618614
v 9.897372246 31.26422882 28.28402138
vn -0.1019902527 0.7058073282 0.701023519
v 11.73262978 31.27851868 28.24162865
vn 0.1414641291 0.6992416978 0.7007488608
v 12.64145565 31.04509926 28.21920395
vn 0.2596437931 0.6645772457 0.700658381
v 13.49964237 30.65487862 28.19646072
vn 0.3700478971 0.6102161407 0.7005003691
v 14.26865578 30.12695885 28.17443275
vn 0.4681599438 0.5385158062 0.7005904317
v 14.92311096 29.48744583 28.15365982
vn 0.5544762611 0.4515801668 0.6990217566
v 15.46741199 28.7328968 28.13180351
vn 0.6241890788 0.3501735926 0.6984027624
v 15.87754726 27.88461113 28.10909653
vn 0.6753444672 0.2376137227 0.6981758475
v 16.13264847 26.98014641 28.08656883
vn 0.5601685643 -0.4155831039 0.7165904641
v 15.46741199 23.22739792 27.99499702
vn 0.5970105529 -0.3932566047 0.6992336512
v 15.87754726 24.07568169 28.01770401
vn 0.6562885642 -0.2852687836 0.6985034347
v 14.92311096 22.47284889 27.97314072
vn 0.5213246942 -0.488335222 0.6998208761
v 16.13264847 24.98014641 28.0402317
vn 0.6585091352 0.3506347835 0.6658986211
v 12.64145565 20.91519356 27.9075985
vn 0.2109061331 -0.6813647747 0.700899899
v 14.26865578 21.83333588 27.95236969
vn 0.4297633767 -0.5700827837 0.7002207041
v 13.49964237 21.30541611 27.93034172
vn 0.3252245486 -0.6350289583 0.7006905675
v 9.897372246 20.6960659 27.84278297
vn -0.151665315 -0.6971548796 0.7006944418
v 10.81545162 20.60993195 27.86405373
vn -0.0298518613 -0.7125064135 0.701030314
v 11.73262978 20.68177414 27.8851738
vn 0.09177654982 -0.7070665359 0.701166153
v 7.380278111 21.8863945 27.77565384
vn -0.4761155546 -0.531932056 0.7002587318
v 8.139705658 21.34749031 27.79756546
vn -0.3789972961 -0.6049286127 0.7003016472
v 8.991368294 20.94395065 27.8202877
vn -0.2694227695 -0.6608014107 0.7005375624
v 5.805470943 24.15505028 27.71018219
vn -0.6793686748 -0.2278525829 0.6975252032
v 6.735815048 22.53583717 27.75488663
vn -0.5612926483 -0.4436609149 0.6986526251
v 6.202372074 23.30008698 27.73291397
vn -0.6296250224 -0.3411737978 0.6979776025
v 5.564813137 26.89778519 27.64533043
vn -0.6994121075 0.1581245512 0.6970074177
v 5.485834122 25.98014641 27.66652489
vn -0.6748896837 0.0234673135 0.7375454307
v 5.564813137 25.06250763 27.68771935
vn -0.7085056305 -0.108592622 0.6973000765
v 6.735815048 29.42445755 27.57816505
vn -0.5286328793 0.4809237421 0.6994709969
v 6.202372074 28.66020775 27.60013771
vn -0.603109777 0.3847962916 0.6987062097
v 5.805470943 27.80524254 27.62286949
vn -0.6608937383 0.2758002281 0.697963953
v 8.991368294 31.01634216 27.51276588
vn -0.220926553 0.6783922315 0.7006963491
v 7.380278111 30.07390022 27.55740166
vn -0.4381738901 0.563903451 0.7000118494
v 8.139705658 30.61280441 27.53548622
vn -0.3346091807 0.6303885579 0.7004619837
v 10.81545162 31.35036278 27.46899986
vn 0.01946566626 0.7127372026 0.701161027
v 9.897372246 31.26422882 27.49027061
vn -0.101990357 0.7058078051 0.7010230422
v 11.73262978 31.27851868 27.44787979
vn 0.1414628923 0.6992408037 0.7007499933
v 12.64145565 31.04509926 27.42545509
vn 0.2596434355 0.6645758748 0.7006598115
v 13.49964237 30.65487862 27.40271187
vn 0.3700479567 0.6102153063 0.7005010843
v 14.26865578 30.12695885 27.38068199
vn 0.4681603611 0.5385155678 0.7005903721
v 14.92311096 29.48744583 27.35990906
vn 0.5544752479 0.4515799582 0.6990227103
v 15.46741199 28.7328968 27.33805466
vn 0.6241875291 0.3501729369 0.6984044909
v 15.87754726 27.88461113 27.31534767
vn 0.6753430963 0.23761338 0.6981773376
v 16.13264847 26.98014641 27.29281998
vn 0.5601685643 -0.4155830145 0.7165905237
v 15.46741199 23.22739792 27.20124626
vn 0.597011745 -0.3932566941 0.6992325783
v 15.87754726 24.07568169 27.22395325
vn 0.6562888622 -0.2852695286 0.6985028386
v 14.92311096 22.47284889 27.17939186
vn 0.5213248134 -0.488335371 0.6998206973
v 16.13264847 24.98014641 27.24648094
vn 0.6585088372 0.350635469 0.6658985615
v 12.64145565 20.91519356 27.11384773
vn 0.2109065056 -0.6813659668 0.7008985877
v 14.26865578 21.83333588 27.15861893
vn 0.4297636151 -0.5700829625 0.7002204657
v 13.49964237 21.30541611 27.13659286
vn 0.3252248466 -0.635029614 0.7006898522
v 9.897372246 20.6960659 27.04903221
vn -0.1516655535 -0.697155118 0.7006941438
v 10.81545162 20.60993195 27.07030296
vn -0.02985139564 -0.7125064731 0.7010302544
v 11.73262978 20.68177414 27.09142303
vn 0.09177624434 -0.7070673108 0.7011654377
v 7.380278111 21.8863945 26.98190117
vn -0.476115942 -0.5319325924 0.7002580166
v 8.139705658 21.34749031 27.0038166
vn -0.3789977729 -0.6049293876 0.7003007531
v 8.991368294 20.94395065 27.02653694
vn -0.2694232166 -0.6608016491 0.7005372047
v 5.805470943 24.15505028 26.91643143
vn -0.6793684363 -0.2278526723 0.697525382
v 6.735815048 22.53583717 26.96113586
vn -0.5612918735 -0.4436605573 0.6986535192
v 6.202372074 23.30008698 26.93916512
vn -0.6296244264 -0.3411740661 0.6979780793
v 5.564813137 26.89778519 26.85158157
vn -0.6994121075 0.1581246406 0.6970073581
v 5.485834122 25.98014641 26.87277603
vn -0.6748893261 0.0234671589 0.7375457287
v 5.564813137 25.06250763 26.89397049
vn -0.7085057497 -0.1085928008 0.6972999573
v 6.735815048 29.42445755 26.7844162
vn -0.5286318064 0.4809228778 0.6994723678
v 6.202372074 28.66020775 26.80638695
vn -0.6031095386 0.3847953379 0.6987069845
v 5.805470943 27.80524254 26.82912064
vn -0.6608936191 0.275800705 0.6979638934
v 8.991368294 31.01634216 26.71901512
vn -0.2209260166 0.6783933043 0.7006955147
v 7.380278111 30.07390022 26.76365089
vn -0.4381733835 0.5639029145 0.7000125647
v 8.139705658 30.61280441 26.74173737
vn -0.3346085846 0.6303877234 0.700462997
v 10.81545162 31.35036278 26.67525101
vn 0.01946590655 0.7127363086 0.701161921
v 9.897372246 31.26422882 26.69651985
vn -0.1019914746 0.7058076859 0.7010229826
v 11.73262978 31.27851868 26.65412903
vn 0.1414640397 0.6992418766 0.700748682
v 12.64145565 31.04509926 26.63170433
vn 0.2596437335 0.6645768881 0.7006587386
v 13.49964237 30.65487862 26.60896111
vn 0.3700473309 0.6102153063 0.700501442
v 14.26865578 30.12696075 26.58693314
vn 0.4681597054 0.538515687 0.7005907297
v 14.92311096 29.48744774 26.5661602
vn 0.5544759035 0.451579839 0.6990222931
v 15.46741199 28.7328968 26.54430389
vn 0.6241884828 0.3501728773 0.6984037161
v 15.87754726 27.88461113 26.52159691
vn 0.6753445864 0.2376137823 0.6981757879
v 16.13264847 26.98014641 26.49906921
vn 0.5601689816 -0.4155827761 0.7165903449
v 15.46741199 23.22739792 26.40749741
vn 0.5970107913 -0.3932573795 0.6992329955
v 15.87754726 24.07568169 26.43020439
vn 0.6562883258 -0.285268724 0.6985036731
v 14.92311096 22.47284889 26.3856411
vn 0.5213255882 -0.4883367717 0.6998191476
v 16.13264847 24.98014641 26.45273209
vn 0.658508718 0.3506360352 0.6658983827
v 12.64145565 20.91519356 26.32009888
vn 0.2109060884 -0.6813649535 0.7008997202
v 14.26865578 21.83333588 26.36486816
vn 0.4297641218 -0.5700837374 0.700219512
v 13.49964237 21.30541611 26.3428421
vn 0.325225383 -0.6350283623 0.7006906867
v 9.897372246 20.6960659 26.25528336
vn -0.1516649127 -0.6971546412 0.7006947994
v 10.81545162 20.60993195 26.2765522
vn -0.02985118143 -0.7125071287 0.7010295987
v 11.73262978 20.68177414 26.29767418
vn 0.09177578986 -0.7070677876 0.7011649609
v 7.380278111 21.8863945 26.18815231
vn -0.4761161208 -0.5319318175 0.700258553
v 8.139705658 21.34749031 26.21006584
vn -0.3789971173 -0.6049285531 0.700301826
v 8.991368294 20.94395065 26.23278809
vn -0.2694229484 -0.6608012319 0.7005376816
v 5.805470943 24.15505028 26.12268066
vn -0.6793686152 -0.2278520167 0.6975254416
v 6.735815048 22.53583717 26.1673851
vn -0.5612921119 -0.4436607957 0.6986531615
v 6.202372074 23.30008698 26.14541435
vn -0.6296231747 -0.3411733508 0.6979795098
v 5.564813137 26.89778519 26.05783081
vn -0.6994131804 0.1581243724 0.6970063448
v 5.485834122 25.98014641 26.07902527
vn -0.6748908758 0.02346718684 0.7375442982
v 5.564813137 25.06250763 26.10021973
vn -0.7085072994 -0.108593002 0.6972983479
v 6.735815048 29.42445755 25.99066544
vn -0.5286319852 0.4809224308 0.6994725466
v 6.202372074 28.66020775 26.01263618
vn -0.6031094193 0.3847958148 0.6987068057
v 5.805470943 27.80524254 26.03536987
vn -0.6608936787 0.2758006752 0.6979638338
v 8.991368294 31.01634216 25.92526627
vn -0.2209266573 0.6783922911 0.7006962895
v 7.380278111 30.07390022 25.96990013
vn -0.4381735623 0.5639033318 0.7000120878
v 8.139705658 30.61280441 25.9479866
vn -0.3346092701 0.6303884983 0.7004619837
v 10.81545162 31.35036278 25.88150024
vn 0.01946575753 0.7127364278 0.7011618018
v 9.897372246 31.26422882 25.902771
vn -0.101990439 0.705807507 0.7010233402
v 11.73262978 31.27851868 25.86038017
vn 0.1414636075 0.6992416978 0.70074898
v 12.64145565 31.04509926 25.83795547
vn 0.2596445382 0.6645774245 0.7006579041
v 13.49964237 30.65487862 25.81521034
vn 0.3700483441 0.6102164984 0.7004998326
v 14.26865578 30.12696075 25.79318428
vn 0.4681591094 0.5385158658 0.7005909681
v 14.92311096 29.48744774 25.77241135
vn 0.5544769764 0.4515800178 0.6990212798
v 15.46741199 28.7328968 25.75055504
vn 0.6241885424 0.350173682 0.6984032393
v 15.87754726 27.88461113 25.72784805
vn 0.6753438711 0.2376139611 0.698176384
v 9.344841957 24.01059723 30.62277603
vn -0.1229440048 -0.9902063012 -0.06615358591
v 15.46741199 23.22739792 25.61374664
vn 0.5970116258 -0.3932567537 0.6992326379
v 15.87754726 24.07568169 25.63645363
vn 0.6562898755 -0.2852694392 0.6985019445
v 14.92311096 22.47284889 25.59189224
vn 0.5213246346 -0.4883352816 0.6998208761
v 12.64145565 20.91519356 25.52634811
vn 0.2109062672 -0.6813653111 0.700899303
v 14.26865578 21.83333588 25.57111931
vn 0.4297632277 -0.5700831413 0.7002205253
v 13.49964237 21.30541611 25.54909134
vn 0.3252246976 -0.6350288987 0.7006905079
v 9.897372246 20.6960659 25.46153259
vn -0.151664719 -0.6971542239 0.7006952167
v 10.81545162 20.60993195 25.48280334
vn -0.02985191718 -0.7125064135 0.701030314
v 11.73262978 20.68177414 25.50392342
vn 0.09177683294 -0.7070676088 0.7011650205
v 7.380278111 21.8863945 25.39440155
vn -0.4761161506 -0.5319318175 0.7002584934
v 8.139705658 21.34749031 25.41631699
vn -0.3789972663 -0.6049284935 0.7003017664
v 8.991368294 20.94395065 25.43903732
vn -0.2694225609 -0.6608003974 0.7005385756
v 5.805470943 24.15505028 25.3289299
vn -0.6793680191 -0.2278529257 0.6975257397
v 6.735815048 22.53583717 25.37363625
vn -0.5612924695 -0.4436610043 0.6986527443
v 6.202372074 23.30008698 25.35166359
vn -0.6296249628 -0.3411738575 0.6979776621
v 5.564813137 26.89778519 25.26408195
vn -0.6994121075 0.1581246406 0.6970073581
v 5.485834122 25.98014641 25.28527641
vn -0.6748893261 0.0234672036 0.7375456691
v 5.564813137 25.06250763 25.30647087
vn -0.7085052133 -0.1085931659 0.6973004341
v 6.735815048 29.42445755 25.19691467
vn -0.528631568 0.480922699 0.6994726658
v 6.202372074 28.66020775 25.21888924
vn -0.6031095386 0.3847958148 0.6987067461
v 5.805470943 27.80524254 25.24162102
vn -0.6608937383 0.2758006454 0.6979638338
v 8.991368294 31.01634216 25.1315155
vn -0.2209259272 0.678393364 0.7006954551
v 7.380278111 30.07390022 25.17614937
vn -0.4381730258 0.5639020205 0.7000135183
v 8.139705658 30.61280441 25.15423775
vn -0.3346085846 0.6303877234 0.700462997
v 10.81545162 31.35036278 25.08774948
vn 0.01946621574 0.7127364278 0.7011618018
v 9.897372246 31.26422882 25.10901833
vn -0.1019909382 0.7058079839 0.7010227442
v 11.73262978 31.27851868 25.06662941
vn 0.1414629668 0.6992409229 0.7007498145
v 12.64145565 31.04509926 25.0442028
vn 0.2596434355 0.6645758748 0.7006598115
v 13.49964237 30.65487862 25.02145958
vn 0.3700479567 0.6102154851 0.7005009055
v 14.26865578 30.12696075 24.99943352
vn 0.468159765 0.5385160446 0.7005903721
v 14.92311096 29.48744774 24.97866249
vn 0.5544754863 0.451579988 0.6990224719
v 15.46741199 28.7328968 24.95680428
vn 0.6241878867 0.3501727283 0.6984043121
v 15.87754726 27.88461113 24.93409729
vn 0.6753430367 0.2376131415 0.6981774569
v 10.10154247 28.49716759 30.50225449
vn -0.2006358653 0.636328578 0.7448699474
v 15.46741199 23.22739792 24.81999779
vn 0.5970103741 -0.3932571709 0.6992334723
v 15.87754726 24.07568169 24.84270477
vn 0.6562886834 -0.2852684259 0.6985034347
v 14.92311096 22.47284889 24.79814148
vn 0.5213246942 -0.4883361459 0.6998202205
v 12.64145565 20.91519356 24.73259735
vn 0.2109061331 -0.6813647747 0.700899899
v 14.26865578 21.83333588 24.77736855
vn 0.4297641516 -0.5700834394 0.7002197504
v 13.49964237 21.30541611 24.75534248
vn 0.3252250552 -0.6350284815 0.7006906867
v 9.897372246 20.6960659 24.66778183
vn -0.151665464 -0.69715482 0.7006944418
v 10.81545162 20.60993195 24.68905258
vn -0.02985178679 -0.7125074267 0.7010293007
v 11.73262978 20.68177414 24.71017456
vn 0.09177606553 -0.7070673704 0.7011653781
v 7.380278111 21.8863945 24.60065079
vn -0.4761163294 -0.5319317579 0.7002584338
v 8.139705658 21.34749031 24.62256622
vn -0.3789968789 -0.6049274802 0.7003028393
v 8.991368294 20.94395065 24.64528656
vn -0.2694220841 -0.6608006954 0.700538516
v 5.805470943 24.15505028 24.53518105
vn -0.6793686152 -0.2278527021 0.6975252628
v 6.735815048 22.53583717 24.57988548
vn -0.5612926483 -0.4436610937 0.6986525655
v 6.202372074 23.30008698 24.55791473
vn -0.6296243668 -0.3411741853 0.6979780197
v 5.564813137 26.89778519 24.47033119
vn -0.6994116902 0.1581239849 0.6970079541
v 5.485834122 25.98014641 24.49152565
vn -0.6748893261 0.02346720546 0.7375456691
v 5.564813137 25.06250763 24.51272011
vn -0.7085057497 -0.1085928753 0.6972998977
v 6.735815048 29.42445755 24.40316772
vn -0.5286319852 0.4809230268 0.6994721293
v 6.202372074 28.66020775 24.42513847
vn -0.603110671 0.384795934 0.6987056732
v 5.805470943 27.80524254 24.44787025
vn -0.660893023 0.2758010328 0.6979643106
v 8.991368294 31.01634216 24.33776474
vn -0.2209265977 0.6783922911 0.7006963491
v 7.380278111 30.07390022 24.38240051
vn -0.4381733239 0.5639030933 0.7000124454
v 8.139705658 30.61280441 24.36048698
vn -0.3346089125 0.6303873658 0.7004631758
v 10.81545162 31.35036278 24.29399872
vn 0.01946629025 0.7127364278 0.7011617422
v 9.897372246 31.26422882 24.31527138
vn -0.101990357 0.7058073878 0.7010234594
v 11.73262978 31.27851868 24.27287674
vn 0.1414640993 0.6992416978 0.7007488608
v 12.64145565 31.04509926 24.25045204
vn 0.2596439123 0.6645771861 0.700658381
v 13.49964237 30.65487862 24.22770882
vn 0.3700477779 0.6102163196 0.7005003095
v 14.26865578 30.12696075 24.20568466
vn 0.4681596756 0.538515985 0.7005904913
v 14.92311096 29.48744774 24.18491173
vn 0.55447644 0.4515802562 0.6990215778
v 15.46741199 28.7328968 24.16305542
vn 0.6241892576 0.350173533 0.6984026432
v 15.87754726 27.88461113 24.14034653
vn 0.6753444076 0.2376136184 0.6981759667
v 9.653380394 25.98014641 23.67157936
vn -0.3062543869 0.005511980969 -0.9519337416
v 15.46741199 23.22739792 24.02624702
vn 0.5970104933 -0.3932566643 0.6992336512
v 15.87754726 24.07568169 24.04895401
vn 0.6562885046 -0.2852688432 0.6985034347
v 14.92311096 22.47284889 24.00439072
vn 0.5213245749 -0.4883353114 0.6998209357
v 8.288719177 22.98388672 26.83036232
vn -0.6715041399 -0.7250677347 -0.1528362632
v 12.64145565 20.91519356 23.9388485
vn 0.210906148 -0.6813648343 0.7008998394
v 14.26865578 21.83333588 23.98361969
vn 0.4297634959 -0.5700826645 0.7002207637
v 13.49964237 21.30541611 23.96159172
vn 0.3252246678 -0.6350288987 0.7006905675
v 9.897372246 20.6960659 23.87403297
vn -0.151665315 -0.6971548796 0.7006944418
v 10.81545162 20.60993195 23.89530373
vn -0.02985186316 -0.7125064731 0.7010302544
v 11.73262978 20.68177414 23.9164238
vn 0.09177660197 -0.7070666552 0.7011660337
v 7.380278111 21.8863945 23.80690193
vn -0.4761155844 -0.5319318175 0.7002589107
v 8.139705658 21.34749031 23.82881546
vn -0.3789972663 -0.6049284935 0.7003017664
v 8.991368294 20.94395065 23.8515377
vn -0.2694228888 -0.6608012915 0.700537622
v 5.805470943 24.15505028 23.74143028
vn -0.6793686748 -0.2278525382 0.6975252032
v 6.735815048 22.53583717 23.78613663
vn -0.5612925887 -0.4436610341 0.6986526251
v 6.202372074 23.30008698 23.76416397
vn -0.6296250224 -0.3411739171 0.6979775429
v 5.564813137 26.89778519 23.67658043
vn -0.6994121671 0.1581245512 0.6970073581
v 5.485834122 25.98014641 23.69777489
vn -0.6748898029 0.02346728742 0.7375453115
v 5.564813137 25.06250763 23.71896935
vn -0.7085057497 -0.1085927486 0.6972999573
v 6.735815048 29.42445755 23.60941696
vn -0.52863276 0.480923593 0.6994711757
v 6.202372074 28.66020775 23.63138771
vn -0.6031098962 0.3847962022 0.6987062097
v 5.805470943 27.80524254 23.65411949
vn -0.6608937979 0.2758002579 0.6979638934
v 8.991368294 31.01634216 23.54401588
vn -0.2209265977 0.6783922315 0.7006963491
v 7.380278111 30.07390022 23.58865166
vn -0.4381735921 0.5639035106 0.7000119686
v 8.139705658 30.61280441 23.56673622
vn -0.3346091509 0.6303884983 0.7004620433
v 10.81545162 31.35036278 23.50024796
vn 0.01946568489 0.7127372026 0.701161027
v 9.897372246 31.26422882 23.52152061
vn -0.1019903421 0.7058078647 0.7010229826
v 11.73262978 31.27851868 23.47912979
vn 0.1414629072 0.6992409229 0.7007498741
v 12.64145565 31.04509926 23.45670509
vn 0.2596433759 0.6645758152 0.7006598711
v 13.49964237 30.65487862 23.43396187
vn 0.3700479567 0.6102154255 0.7005009651
v 14.26865578 30.12696075 23.4119339
vn 0.4681603909 0.5385159254 0.7005900741
v 14.92311096 29.48744774 23.39116096
vn 0.5544754863 0.4515800178 0.6990224719
v 15.46741199 28.7328968 23.36930466
vn 0.6241874099 0.3501729369 0.6984046102
v 15.87754726 27.88461113 23.34659767
vn 0.6753430963 0.237613216 0.6981773973
v 10.96084213 26.1974411 23.49372482
vn 0.01420052536 0.06291008741 -0.9979181886
v 15.46741199 23.22739792 23.23249626
vn 0.5970116258 -0.3932566345 0.6992326975
v 15.87754726 24.07568169 23.25520325
vn 0.6562888026 -0.2852694988 0.6985028982
v 14.92311096 22.47284889 23.21064186
vn 0.5213246346 -0.4883353412 0.6998208761
v 12.64145565 20.91519356 23.14509773
vn 0.2109065056 -0.681365788 0.7008988261
v 14.26865578 21.83333588 23.18986893
vn 0.4297635257 -0.5700826645 0.7002207041
v 13.49964237 21.30541611 23.16784286
vn 0.3252248764 -0.6350293756 0.7006900311
v 9.897372246 20.6960659 23.08028221
vn -0.1516654193 -0.69715482 0.7006945014
v 10.81545162 20.60993195 23.10155296
vn -0.02985140681 -0.7125061154 0.701030612
v 11.73262978 20.68177414 23.12267303
vn 0.09177611768 -0.7070668936 0.7011658549
v 7.380278111 21.8863945 23.01315117
vn -0.4761158526 -0.5319322944 0.7002583742
v 8.139705658 21.34749031 23.0350666
vn -0.3789976239 -0.6049289107 0.70030123
v 8.991368294 20.94395065 23.05778694
vn -0.2694228888 -0.6608013511 0.7005375624
v 5.805470943 24.15505028 22.94768143
vn -0.6793685555 -0.2278526574 0.6975252628
v 6.735815048 22.53583717 22.99238586
vn -0.5612918139 -0.4436603785 0.698653698
v 6.202372074 23.30008698 22.97041512
vn -0.6296244264 -0.3411740959 0.6979780197
v 5.564813137 26.89778519 22.88283157
vn -0.6994121671 0.158124581 0.6970073581
v 5.485834122 25.98014641 22.90402603
vn -0.6748893261 0.02346717939 0.7375457287
v 5.564813137 25.06250763 22.92522049
vn -0.7085056901 -0.1085928828 0.6972999573
v 6.735815048 29.42445755 22.8156662
vn -0.5286319256 0.4809230268 0.6994721889
v 6.202372074 28.66020775 22.83763695
vn -0.6031096578 0.3847954571 0.6987068057
v 5.805470943 27.80524254 22.86037064
vn -0.6608936787 0.275800705 0.6979638338
v 7.380278111 30.07390022 22.79490089
vn -0.4381733537 0.5639030933 0.7000124454
v 8.139705658 30.61280441 22.77298737
vn -0.3346085548 0.6303876638 0.7004630566
v 12.61161041 23.6518364 24.7482872
vn 0.4339442849 -0.588093698 -0.6825233698
v 12.58158779 24.17721176 24.36035156
vn 0.4264970422 -0.4595586061 -0.7790418267
v 11.59372425 25.98014641 23.55502701
vn 0.1576950401 0.006851044949 -0.9874640703
v 11.77427673 24.55916977 31.11108017
vn 0.2383164465 -0.352271378 0.9050470591
v 11.52019596 24.22430038 31.01860428
vn 0.175461337 -0.4371872246 0.8820887804
v 11.51820374 27.07500648 23.69658852
vn 0.1631514281 0.2877561748 -0.9437044263
v 11.40208912 27.72976303 23.93104935
vn 0.1378722489 0.4465102255 -0.8840926886
v 8.472476959 28.54100037 29.42548943
vn -0.5998520255 0.6400018334 0.4801824987
v 12.10040188 27.26474571 23.90849113
vn 0.3152464628 0.3338568807 -0.888346374
v 10.45097923 29.06619263 24.97405815
vn -0.1177951396 0.7409600019 -0.6611373425
v 10.67190075 29.230299 25.16212845
vn -0.0009648595005 0.9964091182 -0.08466357738
v 8.518932343 28.96837807 26.21851921
vn -0.6006865501 0.7235528827 -0.3400689662
v 8.811581612 28.88052177 25.64055061
vn -0.5100727081 0.7137367129 -0.4800059497
v 11.35344219 26.94532967 23.63661957
vn 0.1197458506 0.2549818456 -0.9595025778
v 8.040642738 27.86445618 25.35994911
vn -0.7037146091 0.4727973342 -0.5303286314
v 7.724639893 27.92153358 25.92942238
vn -0.7827638388 0.4859620333 -0.3887437582
v 8.900476456 23.18965149 29.5812645
vn -0.5025318265 -0.7015357018 0.505281508
v 8.385479927 28.40740204 25.48546219
vn -0.6172404885 0.6084066033 -0.4988542497
v 9.184670448 28.06953049 24.51315689
vn -0.4176622033 0.5263864398 -0.7405914068
v 8.08710289 28.23768806 29.2852211
vn -0.6960907578 0.5632899404 0.4451540112
v 10.42982292 27.80806732 23.95418167
vn -0.1067874208 0.4640778601 -0.8793339729
v 11.72963047 26.38948441 23.60449219
vn 0.2012784779 0.1244110912 -0.9716011882
v 8.024920464 28.53003693 28.70377731
vn -0.7105063796 0.6361432076 0.3008363247
v 12.89400864 29.230299 26.35347366
vn 0.5081599355 0.8187376261 -0.2672867775
v 12.50547409 27.20954514 24.05592537
vn 0.4201666713 0.3173174858 -0.8501585722
v 11.88498497 26.5349884 23.66103745
vn 0.2479077578 0.1649985313 -0.9546293616
v 12.07701492 26.61710358 23.73093033
vn 0.3045779467 0.18673639 -0.9340031147
v 4.878222942 25.46658516 24.58644676
vn 0.2977116704 0.03418558463 0.9540435672
v 5.053408146 24.45451164 24.58644676
vn 0.2878811359 0.08456841111 0.9539248347
v 27.85620308 19.48014641 24.58644676
vn 0.2699856162 -0.0001900713833 0.9628643394
v 13.13059521 29.230299 26.97317886
vn 0.3775096536 0.9209330678 -0.0967919603
v 9.754487038 29.230299 29.54133987
vn -0.06117691845 0.9920392036 0.1100707576
v 11.33443928 29.230299 25.20444489
vn 0.01900932752 0.9951886535 -0.09611524642
v 11.97771645 26.58474159 23.69478989
vn 0.2753732204 0.1784337908 -0.944632709
v 11.08840656 28.23959923 24.1938858
vn 0.06002037972 0.571190834 -0.8186199069
v 10.02423286 29.230299 25.308321
vn -0.01955578662 0.998306632 -0.0547850877
v 12.73415947 22.72999573 28.86829758
vn 0.2679008543 -0.9419797063 0.2022458017
v 11.13373756 27.58577919 23.83337784
vn 0.06929779053 0.4108808935 -0.9090515375
v 10.51587391 26.89973831 23.6084938
vn -0.08967263997 0.2388323694 -0.9669115543
v 9.943948746 27.16770554 23.77733803
vn -0.2305361927 0.3039477468 -0.9243748188
v 16.13264847 26.98014641 30.46781921
vn 0.4493942261 -0.4674215615 0.7612896562
v 16.56934738 26.98014641 30.21799469
vn 0.5703787208 -0.4067040086 0.7136244774
v 16.32948494 27.89931297 30.23902893
vn 0.5864954591 0.1815041006 0.7893537283
v 15.41961861 29.55998611 30.28109741
vn 0.5301567316 0.3964036405 0.7495318651
v 14.67737675 29.89744377 30.48644638
vn 0.06380495429 0.05815988407 0.9962661862
v 15.20715427 29.24404716 30.48644638
vn 0.07978690416 0.05237951875 0.9954348207
v 15.94072914 28.77077293 30.26034927
vn 0.5774123669 0.3002041876 0.7592577934
v 15.62949181 28.51577759 30.48644638
vn 0.09544283152 0.04283641279 0.9945127964
v 13.21927929 31.27692604 30.34194183
vn 0.3060112298 0.6432747841 0.7018224001
v 13.34992027 30.92580223 30.48644638
vn 0.03461450711 0.06024557725 0.9975832105
v 14.05349731 30.81929016 30.32080841
vn 0.3941552937 0.5684013367 0.7221921682
v 14.05277634 30.46196556 30.48644638
vn 0.04886003956 0.0608657673 0.9969493747
v 14.79098701 30.2413063 30.30062866
vn 0.4680482447 0.4857690334 0.7382135987
v 10.9411993 31.61782837 30.48644638
vn 0.002309969859 0.0419693552 0.9991162419
v 11.77532959 31.51045418 30.48644638
vn 0.010636569 0.04994181544 0.9986954927
v 11.3905344 31.75548172 30.38379288
vn 0.08910318464 0.7578017116 0.6463723183
v 12.585495 31.27752304 30.48644638
vn 0.02157577313 0.05636009946 0.9981773496
v 12.31941414 31.59254456 30.3632164
vn 0.2037114054 0.7071390748 0.6770938039
v 9.26887989 31.45736313 30.48644638
vn -0.007912608795 0.03125937283 0.9994800091
v 10.09786034 31.59920311 30.48644638
vn -0.003235090757 0.03336827829 0.9994378686
v 9.534910202 31.62763977 30.42363358
vn -0.1747549474 0.8201608658 0.5447906256
v 10.46487999 31.76692963 30.40323639
vn -0.03680251166 0.7945820093 0.6060404778
v 7.781546116 30.89812279 30.46607208
vn -0.4916030169 0.8080921769 0.3245203495
v 8.467494965 31.19443512 30.48644638
vn -0.005946374964 0.01416153274 0.9998820424
v 8.628119469 31.33510971 30.44485474
vn -0.3271960318 0.8266941309 0.4577330649
v 7.027492046 30.33686066 30.48644638
vn -0.03188348189 0.03668333218 0.9988182187
v 7.715188026 30.81850052 30.48644638
vn -0.003091559978 0.005191218108 0.999981761
v 15.93261433 27.73255348 30.48644638
vn 0.09500469267 0.02890918031 0.9950569868
v 14.0618782 26.5150795 29.78644562
vn -0.4386821985 -0.06092567369 -0.8965746164
v 14.10620403 25.98014641 29.78644562
vn -0.3101590574 -5.216949376e-17 -0.9506846666
v 14.10620403 25.98014641 30.48644638
vn -0.2946167588 5.945865564e-17 0.9556154609
v 13.42091084 27.97633743 29.78644562
vn -0.3559291661 -0.2642296851 -0.8963800073
v 13.71449375 27.52697563 29.78644562
vn -0.394754678 -0.2013826966 -0.8964450955
v 13.69349957 27.56515503 30.48644638
vn -0.2261403203 -0.1331623793 0.9649499059
v 13.93010998 27.03541946 29.78644562
vn -0.4225942492 -0.1329807192 -0.896510005
v 14.05945587 26.52939987 30.48644638
vn -0.5217815638 -0.103317447 0.8467995524
v 13.92055511 27.06285095 30.48644638
vn -0.2000832111 -0.07618806511 0.9768121839
v 12.5602026 28.74761581 30.48644638
vn -0.12773332 -0.2162334025 0.9679500461
v 12.1617136 28.95640945 29.78644562
vn -0.1856048107 -0.4029974043 -0.8961829543
v 12.63378525 28.70093727 29.78644562
vn -0.2498856783 -0.3664626181 -0.8962489963
v 13.38481998 28.02186203 30.48644638
vn -0.1976790577 -0.166681394 0.9659918547
v 13.00339699 28.41983223 30.48644638
vn -0.1644964516 -0.1945392638 0.9670032859
v 13.05736923 28.37125015 29.78644562
vn -0.3071904778 -0.3197724819 -0.8963144422
v 11.12458706 29.21904564 29.78644562
vn -0.04337934405 -0.4418285191 -0.8960500956
v 10.99413776 29.22721863 30.48644638
vn -0.006878934801 -0.241137132 0.9704666734
v 10.58782101 29.21904564 29.78644562
vn 0.03061683849 -0.4430310726 -0.8959832788
v 11.65403175 29.13069725 29.78644562
vn -0.1161264107 -0.4283567667 -0.8961166739
v 12.06798744 28.99578667 30.48644638
vn -0.08846591413 -0.2313599586 0.9688376188
v 11.54091167 29.15720177 30.48644638
vn -0.04775539786 -0.2394330502 0.9697377086
v 9.078621864 28.70093727 29.78644562
vn 0.2397127599 -0.3743175864 -0.8957812786
v 9.550694466 28.95640945 29.78644562
vn 0.1741582304 -0.4088073671 -0.8958489895
v 9.393041611 28.88215637 30.48644638
vn 0.1053958461 -0.2041744441 0.9732443094
v 9.904529572 29.08768845 30.48644638
vn 0.05021196231 -0.1577403396 0.9862031937
v 10.05837631 29.13069725 29.78644562
vn 0.1038075164 -0.4319232404 -0.8959164619
v 10.44339561 29.20382309 30.48644638
vn 0.03317761049 -0.2357234359 0.9712536931
v 8.16354847 27.80006409 30.48644638
vn 0.1813470423 -0.12121775 0.9759198427
v 7.997913837 27.52697563 29.78644562
vn 0.3903135061 -0.2135338336 -0.8955773115
v 8.291497231 27.97633743 29.78644562
vn 0.3493180573 -0.2753103375 -0.8956456184
v 8.923645973 28.59313774 30.48644638
vn 0.1364163756 -0.1813682765 0.9739076495
v 8.509846687 28.22894859 30.48644638
vn 0.15844886 -0.1498664618 0.9759272337
v 8.655038834 28.37125015 29.78644562
vn 0.2986466289 -0.3294044137 -0.8957136273
v 7.650528908 26.5150795 29.78644562
vn 0.4389995337 -0.07394173741 -0.8954395652
v 7.617911816 26.25576591 30.48644638
vn 0.2175786048 -0.01835772395 0.9758701324
v 7.606204033 25.98014641 29.78644562
vn 0.445322156 -5.291687129e-17 -0.8953704238
v 7.782298088 27.03541946 29.78644562
vn 0.4204893112 -0.1457844675 -0.8955085874
v 7.894711018 27.31882668 30.48644638
vn 0.1991431862 -0.0891405642 0.975907743
v 7.711071014 26.79907608 30.48644638
vn 0.2113352418 -0.05453128368 0.9758912921
v 7.997913837 24.43331718 29.78644562
vn 0.3903135359 0.2135335803 -0.8955773115
v 7.782298088 24.92487335 29.78644562
vn 0.4204897285 0.1457844079 -0.8955084085
v 7.894711018 24.64146805 30.48644638
vn 0.2080128491 0.09311069548 0.9736842513
v 7.711071014 25.16121864 30.48644638
vn 0.2178803682 0.05622013286 0.9743548632
v 7.650528908 25.44521523 29.78644562
vn 0.6395360231 0.1077186987 -0.7611769438
v 7.617911816 25.7045269 30.48644638
vn 0.1532956213 0.012934017 0.9880957007
v 8.923645973 23.36715698 30.48644638
vn 0.1428052187 0.19012779 0.9713177085
v 9.078621864 23.25935555 29.78644562
vn 0.2397128642 0.374316901 -0.8957815766
v 8.655038834 23.58904457 29.78644562
vn 0.2986463904 0.3294041157 -0.8957138062
v 8.16354847 24.16022873 30.48644638
vn 0.1922888309 0.1285182089 0.9728864431
v 8.509846687 23.73134613 30.48644638
vn 0.1703118235 0.1608729661 0.9721696377
v 8.291497231 23.98395538 29.78644562
vn 0.3493172824 0.2753105462 -0.8956458569
v 10.05837631 22.82959557 29.78644562
vn 0.1038075089 0.4319232106 -0.8959164619
v 10.44339561 22.75646973 30.48644638
vn 0.03475001082 0.2463090718 0.9685681462
v 10.58782101 22.74124718 29.78644562
vn 0.03061683849 0.4430311024 -0.8959832788
v 9.550694466 23.00388336 29.78644562
vn 0.1741586328 0.4088071585 -0.8958489895
v 9.393041611 23.07813835 30.48644638
vn 0.1106495261 0.2143514454 0.9704690576
v 9.904529572 22.87260437 30.48644638
vn 0.07435905933 0.2335855663 0.9694887996
v 10.99413776 22.73307419 30.48644638
vn -0.007288272493 0.2526184916 0.9675385356
v 11.54091167 22.80309296 30.48644638
vn -0.05027197301 0.2520489097 0.9664078355
v 11.12458706 22.74124718 29.78644562
vn -0.04337986931 0.4418283105 -0.8960502148
v 12.06798744 22.96450806 30.48644638
vn -0.09160392731 0.2395674437 0.966548562
v 11.65403175 22.82959557 29.78644562
vn -0.1161263287 0.4283564687 -0.8961168528
v 12.1617136 23.00388336 29.78644562
vn -0.1856043786 0.4029976428 -0.8961829543
v 12.5602026 23.212677 30.48644638
vn -0.1304159015 0.2207746059 0.966566205
v 13.00339699 23.54046249 30.48644638
vn -0.1653627753 0.1955631226 0.9666489363
v 12.63378525 23.25935555 29.78644562
vn -0.2498867959 0.3664626479 -0.8962486982
v 13.38481998 23.93843269 30.48644638
vn -0.1959231049 0.1652013212 0.9666036963
v 13.05736923 23.58904457 29.78644562
vn -0.30719015 0.3197721839 -0.8963146806
v 13.42091084 23.98395538 29.78644562
vn -0.3559286594 0.2642300427 -0.8963801265
v 13.69349957 24.39513779 30.48644638
vn -0.2206959277 0.1299566031 0.9666460752
v 13.92055511 24.89744186 30.48644638
vn -0.2772266567 0.1055627689 0.9549878836
v 13.71449375 24.43331718 29.78644562
vn -0.394754678 0.2013826966 -0.8964450955
v 14.05945587 25.43089485 30.48644638
vn -0.5217819214 0.1033173949 0.8467993736
v 13.93010998 24.92487335 29.78644562
vn -0.4225947261 0.1329805404 -0.8965098262
v 14.0618782 25.44521523 29.78644562
vn -0.4386817217 0.06092568114 -0.8965747952
v 13.858531 30.94260979 30.22666168
vn 0.2955724895 0.5506111979 -0.7806819081
v 12.96184444 31.38442993 30.24895859
vn 0.198085919 0.5928553343 -0.7805668116
v 6.608583927 29.92954254 30.39942932
vn -0.4658149481 0.4007384479 -0.7889392376
v 7.328380108 30.58389091 30.37890434
vn -0.3999755979 0.4830311537 -0.7789098024
v 14.65629959 30.36184311 30.20521927
vn 0.3771400154 0.4669676125 -0.799816668
v 15.333951 29.66657829 30.18481827
vn 0.4788074493 0.4052844644 -0.7787733674
v 15.89548397 28.85167122 30.16318893
vn 0.5412349701 0.3202584982 -0.7774954438
v 16.31393623 27.94309425 30.14084625
vn 0.5893070698 0.2245982438 -0.7760623693
v 16.56934738 26.98014641 30.11877823
vn 0.7007591724 0.1296652406 -0.7015151381
v 12.00439644 31.6653595 30.27112961
vn 0.09574136138 0.6182669401 -0.780115068
v 11.02933979 31.77756119 30.29222488
vn -0.009021993726 0.6251987219 -0.7804134488
v 10.0573988 31.7248764 30.31278992
vn -0.1141924188 0.6146211028 -0.7805132866
v 9.088617325 31.50424194 30.33468246
vn -0.2164501846 0.5866479278 -0.7803803682
v 8.165398598 31.11819839 30.35704803
vn -0.3130699396 0.5424069762 -0.7796036601
v 5.530320168 28.27687454 30.44277954
vn -0.5288546085 0.2019945681 -0.8243245482
v 5.466888905 28.12380981 30.48644638
vn -0.01530808862 0.005914282054 0.9998653531
v 5.868583202 28.94049072 30.48644638
vn -0.02284432948 0.01330403704 0.999650538
v 6.002981186 29.15602875 30.42058182
vn -0.5070399642 0.3028815389 -0.8069530725
v 6.393088818 29.6842804 30.48644638
vn -0.02781844325 0.0228467565 0.9993518591
v 5.197897911 27.25434303 30.48644638
vn -0.006285490468 0.001415429288 0.9999792576
v 5.215106964 27.3284893 30.46505737
vn -0.5307206511 0.1026782915 -0.841304183
v 5.068233013 26.35350037 30.48644638
vn -0.1418584883 0.003117125947 0.9898820519
v 13.82823181 26.14005661 24.81409264
vn 0.7490153313 0.0344956629 -0.6616540551
v 23.35907936 20.43383789 24.59644699
vn 0.01786674745 -0.0603870526 0.9980151057
v 14.82790279 25.65248108 27.83030891
vn 0.9926736951 -0.08373364061 0.08710686862
v 13.35554504 25.8711071 24.36532593
vn 0.6344741583 -0.0348685272 -0.7721571922
v 11.49328804 25.4891758 31.40474701
vn 0.9248595834 -0.2119728625 0.3157566786
v 14.22152615 26.18665314 25.3342495
vn 0.8448584676 0.04652436823 -0.5329630971
v 13.82823181 25.82023811 24.81409264
vn 0.7480385303 -0.04670516774 -0.6620098352
v 20.95547295 23.11167145 24.59644699
vn -0.02544540912 0.08215028048 0.9962950945
v 14.83221436 25.67115974 27.17682266
vn 0.9939197302 -0.08017408848 -0.07546959072
v 21.56907082 23.22106361 24.58644867
vn -0.01400242932 0.1525351852 -0.9881988168
v 22.59826279 23.23499107 24.58644867
vn 0.003728923155 0.04712938145 -0.9988818169
v 24.4419384 21.96730042 24.58644867
vn 0.004120386671 0.0004622139095 -0.9999914169
v 20.71927452 20.51772118 24.59644699
vn -0.295373857 -0.7397886515 0.6045387387
v 24.09317207 22.68612099 24.58644867
vn 0.0653686896 0.0616325736 -0.9959560037
v 23.93902969 22.81803131 24.58644867
vn 0.002826639917 0.003637201618 -0.9999893904
v 21.15752029 23.16131401 24.59644699
vn -0.006342216861 0.02866029926 0.999569118
v 19.97233391 21.18825722 24.58644867
vn -0.5974808335 -0.2748622596 -0.7533043623
v 21.3119812 20.35827065 24.58644867
vn -0.158718124 -0.9220522642 -0.3530271649
v 24.39071465 30.86386108 24.58644867
vn 0.004773256369 -0.001154739875 -0.9999879599
v 16.44652939 20.98000717 24.58644867
vn -0.01619578898 -0.01288717985 -0.9997857809
v 11.99440861 23.89923859 30.70736504
vn 0.2902883887 -0.518699944 0.804166019
v 12.43821621 23.62976265 30.3100853
vn 0.3996887207 -0.5859572887 0.7049134374
v 12.64805508 25.52929115 23.9387722
vn 0.4599476755 -0.1361027807 -0.877453208
v 9.221081734 22.72999573 29.14855957
vn -0.07950232178 -0.993921876 0.07614908367
v 11.20086575 19.99005508 24.08644676
vn -0.001216011122 0.04214187711 -0.9991108775
v 22.17833519 19.42608261 24.58644867
vn 0 -6.123234263e-17 -1
v 24.96848679 25.36619949 24.58644867
vn 4.212835449e-07 6.773741124e-09 -1
v 25.19215584 29.31697464 24.58644867
vn 1.557819047e-07 1.4668605e-08 -1
v 25.63769341 30.8838253 24.58644867
vn -1.868690589e-07 -3.58669574e-08 -1
v 2.27448988 26.98199654 48.48648071
vn -0.5915614963 0.3605763614 0.7211377621
v 18.71010399 32.34812927 24.58644867
vn -5.845954476e-08 -1.438882578e-07 -1
v 21.9408493 32.10370255 24.58644867
vn 6.454263257e-08 4.59164049e-08 -1
v 25.48091125 30.04532051 24.58644867
vn 0 -6.123234263e-17 -1
v 2.989741087 25.98014641 49.09937668
vn -0.3420189321 -2.071469453e-06 0.9396930337
v 18.79806709 27.31153297 24.58644867
vn 2.207350605e-07 1.812220418e-08 -1
v 22.95931625 31.23054886 24.5964489
vn -0.001810250222 0.01294113975 0.9999146461
v 22.85347939 31.21386909 24.5964489
vn -0.002705994761 0.01344686933 0.9999059439
v 21.05067444 32.28406143 24.5964489
vn -0.004334744532 0.01838305779 0.9998216033
v 20.92917633 31.44080353 24.5964489
vn 0.0006178476615 -0.01441566832 0.9998958707
v 22.19758415 26.60189438 24.59644699
vn -0.8400380611 0.2820035815 0.4634760916
v 1.349283218 25.98014641 47.55696106
vn -0.9185091853 0.004743004218 0.3953711689
v 1.23152864 26.37887573 47.13103485
vn -0.9582089782 0.1438212842 0.2472872883
v 19.68215179 21.10948753 24.59644699
vn 0.009422964416 0.002792384243 0.9999517202
v 1.157402158 26.44456482 46.21457672
vn -0.9837027192 0.1646252424 -0.07230127603
v 1.157598615 26.4174614 46.67620087
vn -0.9837258458 0.156249091 0.08871106803
v 21.19830704 19.61329269 24.59644699
vn 0.007155854721 0.01973375678 0.9997796416
v 21.50237846 19.52970886 24.59644699
vn 0.005842431914 0.02495939657 0.9996713996
v 20.63167763 19.8874836 24.59644699
vn 0.01007005293 0.01480891835 0.9998396039
v 19.93002892 29.14065742 24.5964489
vn -0.619756639 0.2344515771 0.748955369
v 1.378424168 26.47484398 45.32009125
vn -0.9039170146 0.1942420006 -0.3810564876
v 1.192605853 25.98014641 45.74433517
vn -0.9714597464 0.001550992834 -0.2371994853
v 2.721929073 26.82424164 48.84347534
vn -0.4330444634 0.3096767962 0.846506238
v 1.230942607 26.45947456 45.75828934
vn -0.9575501084 0.1703146398 -0.2325741649
v 20.37859344 20.07547951 24.59644699
vn 0.01215135306 0.01366225816 0.999832809
v 22.4549408 26.93602371 24.59644699
vn -0.02424012125 0.0334986411 0.9991447926
v 20.92917633 27.31259918 24.59644699
vn 0.000617846963 -0.01441528834 0.9998959303
v 22.14712334 25.83823967 24.59644699
vn -0.001419485081 -0.01225044765 0.9999239445
v 19.92285156 31.27118492 24.5964489
vn -0.01488301903 0.001942004892 0.9998873472
v 21.05067444 28.15585518 24.59644699
vn -0.004334594589 0.01838270202 0.9998216033
v 23.0658493 27.11349678 24.59644699
vn -0.0001064712706 0.00117082207 0.9999992847
v 21.86733055 26.50574684 24.59644699
vn 0.8667759299 0.2214711159 0.4468221366
v 21.65065193 26.88425064 24.59644699
vn 0.03525511548 0.04057627544 0.9985542893
v 10.51587391 25.06055641 23.6084938
vn -0.09528765082 -0.228135705 -0.9689552784
v 22.29988289 26.78928757 24.59644699
vn -0.05431232601 0.03956887871 0.9977396727
v 10.16127777 24.45040321 23.85643959
vn -0.1815731227 -0.3810401261 -0.9065536857
v 23.76753807 22.9270668 24.59644699
vn 0.05185556784 0.09587890655 0.9940413833
v 1.784185171 24.19836044 45.95965195
vn -0.7634692192 -0.6257042885 -0.1600278169
v 22.80055428 23.21612167 24.59644699
vn 0.001241061022 0.01124032121 0.9999360442
v 2.583896399 27.58026505 48.33447647
vn -0.479853332 0.5670185089 0.6695004106
v 2.775476217 26.37261391 48.98152161
vn -0.423083961 0.1635888368 0.8912006617
v 2.445511341 27.11660004 48.54873276
vn -0.5301141143 0.4076539576 0.7435033917
v 2.716414928 26.32612991 48.96002579
vn -0.4477964342 0.1455685943 0.8822063804
v 2.294379234 26.42379951 48.6878624
vn -0.5913648009 0.1671889573 0.788882494
v 1.120258331 25.98014641 46.20105743
vn -0.9970179796 0.001858236268 -0.07714736462
v 22.49001122 24.06254959 24.59644699
vn -0.001572122099 -0.01193103474 0.9999275804
v 21.14949036 27.0996685 24.59644699
vn 0.001892637229 0.01310818177 0.9999123216
v 21.46724319 27.00703812 24.59644699
vn 0.004055991303 0.008911822923 0.9999520779
v 11.80148888 25.49102211 23.63064766
vn 0.2133037597 -0.137763679 -0.9672241807
v 26.10620308 32.73014832 24.5964489
vn 0.007487826049 0.001664082985 0.9999705553
v 21.31379128 32.59465027 24.5964489
vn -0.0006084195338 -0.002259992994 0.9999972582
v 21.18201447 28.18403244 24.59644699
vn -0.003830029862 0.01829364337 0.9998252988
v 22.95931625 27.10234451 24.59644699
vn -0.001810189337 0.01294078398 0.9999146461
v 20.41798592 27.93569374 24.59644699
vn -0.009509035386 0.01636360027 0.999820888
v 19.9139061 25.97428322 24.59644699
vn -0.627156496 -0.238834098 0.7413724065
v 24.39071465 26.20582771 24.59644699
vn 0.05329572782 -0.0001820672333 0.9985787272
v 21.56337166 26.95226669 24.59644699
vn 0.02163073979 0.03405379504 0.9991859198
v 24.64712334 30.86388206 24.5964489
vn -0.01204019878 -0.0006508562365 0.9999272823
v 21.83513641 30.7397747 24.5964489
vn 0.4067917466 0.1674729437 0.8980385661
v 7.848530769 23.47264671 26.67014885
vn -0.7515639663 -0.6272404194 -0.2042572647
v 19.89801025 32.74777222 24.5964489
vn 0.008195112459 0.05786691979 0.998290658
v 19.6082592 21.41584778 24.58644867
vn 0.01190077607 0.002221478382 -0.9999266863
v 7.48703289 24.51347351 29.06681633
vn -0.84129107 -0.371922195 0.3923049867
v 8.431857109 24.20325279 24.84728241
vn -0.6087144017 -0.4421258271 -0.6587803364
v 7.724639893 24.03876114 25.92942238
vn -0.7833878994 -0.484772712 -0.3889714777
v 19.9558239 25.89525414 24.59644699
vn -0.1224838644 -0.1421317458 0.9822404385
v 9.396393776 24.55634308 24.0452652
vn -0.3705160022 -0.3531941772 -0.8590528369
v 8.887834549 24.35813332 24.40511703
vn -0.4960667789 -0.4029383659 -0.7691283822
v 21.19832611 19.61328888 24.58644867
vn 0.02636649087 0.08287257701 -0.9962112904
v 10.68416309 24.79558372 23.6697464
vn -0.05336800218 -0.2959943414 -0.9536976218
v 8.385479927 23.55289078 25.48546028
vn -0.6193636656 -0.6056079268 -0.4996275604
v 21.86733055 30.63395309 24.5964489
vn 0.8667834401 0.2214769125 0.4468047321
v 19.69574165 32.80013657 24.5964489
vn 0.01687595807 0.0527597554 0.998464644
v 20.10620308 32.73014832 24.5964489
vn 0.0001503374224 0.1041361019 0.9945630431
v 9.943948746 24.79258728 23.77733803
vn -0.2355882972 -0.2943244278 -0.9262134433
v 19.18021774 33.14613342 24.5964489
vn 0.001805862994 0.001604435965 0.9999970794
v 16.44637299 30.98014641 24.5964489
vn -0.01329343393 0.01057725213 0.9998556972
v 20.48878479 23.55919647 24.59644699
vn 0.00882400386 -0.01223025378 0.9998862743
v 20.53887749 27.99462318 24.59644699
vn -0.007987509482 0.0174562484 0.9998157024
v 21.44021606 24.00305748 24.59644699
vn 0.002281303518 -0.01047581714 0.9999425411
v 3.158518076 28.66649055 46.9429245
vn -0.2808313072 0.9420475364 0.1835217923
v 19.90353394 26.8628788 24.59644699
vn -0.01220603473 3.347545862e-05 0.9999254942
v 19.64712334 32.5305481 24.5964489
vn 0.002781535964 -0.002225111937 0.9999936819
v 19.90353394 24.36388206 24.59644699
vn -0.002044833032 0.002227246528 0.9999954104
v 21.10362244 23.8993721 24.58644867
vn 0.006965510547 -0.01692308299 -0.9998325109
v 24.07911873 25.83823967 24.58644867
vn 3.615494279e-05 -0.01974942349 -0.9998049736
v 24.12429237 25.13311195 24.58644867
vn 4.859817636e-05 0.01292730868 -0.9999164343
v 0.7177662849 21.77198219 24.58644867
vn 0.01020839345 -0.05285290256 -0.998550117
v 21.46724701 27.00703621 24.58644867
vn 0.01905460283 0.03727582842 -0.9991233349
v 22.64649963 27.03096199 24.58644867
vn -0.008360236883 0.02435276099 -0.999668479
v -2.075842857 22.10611916 24.58644867
vn -0.02145670168 -0.02658068016 -0.9994163513
v 3.004379034 26.88901901 48.94627762
vn -0.3297973871 0.3311003149 0.8840849996
v 1.122623324 25.98014641 46.66347122
vn -0.9964549541 0.002904517343 0.08407803625
v 24.29657364 29.2238369 24.5964489
vn 0.04536901414 0.08333332092 0.9954884052
v 19.64712334 24.36388206 24.59644699
vn 0.006420528982 0.0002037851809 0.9999793768
v 18.33156395 25.37270737 24.59644699
vn -0.01075525489 0.0005813897587 0.9999420047
v 1.199638605 25.98014641 47.11942673
vn -0.9700214267 0.003874977818 0.2429884672
v -1.252696395 23.78009796 24.58644867
vn 7.433043692e-08 -1.223918247e-07 -1
v 24.17247581 29.97372246 24.5964489
vn 0.009382020682 -0.03950830176 0.9991751909
v 23.17276573 31.24849701 24.5964489
vn -0.001294683781 0.001344504301 0.9999982715
v 21.31379128 32.33824921 24.58644867
vn -0.005845144857 0.001427915297 -0.9999818802
v 23.06585312 31.24170113 24.58644867
vn -0.0004574548511 0.005924324039 -0.999982357
v 17.55344582 30.91475105 24.58644867
vn 1.236822555e-07 3.33092558e-08 -1
v 19.8980217 19.21252632 24.58644867
vn 0.001048554666 -0.007408766542 -0.9999719858
v 19.92238808 31.27152252 24.58644867
vn -0.01482419949 0.002346505644 -0.9998873472
v 19.05111504 25.71564484 24.58644867
vn 1.8245494e-08 1.13946399e-07 -1
v 22.02176476 28.30901337 24.58644867
vn 1.050174347e-07 4.643670692e-08 -1
v 25.4171257 28.59380531 24.58644867
vn 0 -6.123234263e-17 -1
v 18.980793 26.51522064 24.58644867
vn 1.701416892e-07 -3.859010889e-09 -1
v 22.89892769 28.27083588 24.58644867
vn 0 -6.123234263e-17 -1
v 2.575681925 26.05803871 48.90880966
vn -0.5089012384 0.03844509274 0.8599659801
v 25.07221222 19.69801521 24.58644867
vn -8.302127696e-08 1.01051377e-07 -1
v 24.83202744 20.20395279 24.58644867
vn 1.222756651e-07 -4.800901365e-08 -1
v 17.98983765 21.65015984 24.58644867
vn 5.432173822e-08 -1.961086937e-08 -1
v 21.13415337 26.44842339 24.58644867
vn -8.206083635e-08 5.907597611e-08 -1
v 22.13911057 24.08182907 24.59644699
vn -4.04326529e-05 -0.0021119148 0.9999977946
v 21.78727913 24.06344414 24.59644699
vn 0.001108531258 -0.01198827568 0.9999275208
v 19.95582199 25.89525795 24.58644867
vn -0.4109971523 -0.3257105947 -0.8514657617
v 22.16851044 26.49885559 24.58644867
vn -0.03131663427 0.007451375015 -0.9994817376
v 21.98739243 27.63562393 24.58644867
vn 7.75811273e-08 2.08474134e-07 -1
v 23.97151756 28.0402298 24.58644867
vn -9.410994295e-08 -7.178741868e-08 -1
v 3.548970461 25.24875641 49.1444931
vn -0.1426211894 -0.2701000273 0.9522106647
v 3.84879303 24.90712929 49.05947876
vn -0.0401625298 -0.3855057061 0.9218309522
v 3.42550683 25.16785812 49.09955597
vn -0.1881221384 -0.298609376 0.9356508255
v 3.197537661 25.5685997 49.13513947
vn -0.2621221244 -0.170877561 0.9497857094
v 20.39155579 22.85023499 24.58644867
vn -0.004911097698 0.007282140665 -0.9999614358
v 23.00162697 23.18698692 24.58644867
vn 0.01190698426 0.06396127492 -0.9978813529
v 20.07810402 21.01313972 24.58644867
vn -0.1805663109 -0.1227594614 -0.975871861
v 1.344848633 25.03528023 45.79974747
vn -0.9182462096 -0.3312050104 -0.2170878053
v 24.39983177 22.1657505 24.59644699
vn 0.006023621652 0.00194919575 0.9999799728
v 19.98312378 22.38534164 24.59644699
vn -0.01065997779 0.005156597588 0.9999299049
v 22.19219589 23.24854469 24.59644699
vn -1.514584028e-06 0.0004239413829 0.9999998808
v 20.66369629 32.17234039 24.5964489
vn -0.006769338157 0.01805141568 0.9998141527
v 21.18201447 32.3122406 24.5964489
vn -0.003829922527 0.0182939712 0.9998252988
v 19.85492897 21.99155426 24.59644699
vn -0.006208980456 0.00079588074 0.9999803901
v 21.36246681 23.19680405 24.59644699
vn -0.002551558893 0.01651662961 0.9998603463
v 22.74894142 31.19052315 24.5964489
vn -0.003903218312 0.01403438393 0.9998939037
v 24.45481491 21.76411057 24.58644867
vn 0.0100487275 -0.0002588517964 -0.9999494553
v 23.91802406 20.69467545 24.58644867
vn 0.3966961801 -0.5534588695 -0.7323356271
v 24.0729084 20.83214569 24.58644867
vn 0.006042774767 -0.006200011354 -0.9999625087
v 19.83943176 21.78416634 24.58644867
vn -0.009604320861 0.0002741466742 -0.999953866
v 22.95392418 20.35136414 24.58644867
vn 0.0007485720562 -0.005471097771 -0.9999847412
v 19.93002892 25.01245117 24.59644699
vn -0.619751513 0.2344515324 0.7489596009
v 19.89801025 19.21252632 24.59644699
vn 0.001611537067 -0.008070452139 0.9999661446
v 19.90353394 28.96283913 24.5964489
vn -0.06653918326 0.0003495570272 0.9977837801
v 21.81404686 19.48156738 24.59644699
vn 0.004191085696 0.03530309349 0.9993678927
v 19.98178291 25.08562469 24.59644699
vn -0.1361110061 0.1364890039 0.9812464118
v 24.26157951 25.87411118 24.59644699
vn 0.05203351378 -0.07957922667 0.9954695702
v 24.079216 25.83823967 24.59644699
vn 3.623344674e-05 -0.005273782648 0.9999861121
v 19.83943176 21.78415298 24.59644699
vn -0.0007702176226 -1.388216515e-05 0.999999702
v 22.85347939 27.08566475 24.59644699
vn -0.00270609092 0.01344664861 0.9999059439
v 1.448174357 24.6399498 46.32040787
vn -0.8829237819 -0.4681632519 -0.03562015668
v 21.78819847 26.71177101 24.59644699
vn 0.09046245366 0.0547888279 0.9943916202
v 21.88494301 26.39646912 24.59644699
vn 0.2059119046 0.02565225586 0.9782342315
v 24.46242332 22.76478386 24.59644699
vn -0.015085591 -0.007284848951 0.9998596907
v 24.3693161 26.02031136 24.59644699
vn 0.2356847972 -0.06332446635 0.9697642326
v 19.9558239 30.02345848 24.5964489
vn -0.1224844828 -0.1421322823 0.9822402596
v 21.89071465 26.28595734 24.59644699
vn 0.02068525366 0.0003570158442 0.9997859597
v 21.03962898 27.11307144 24.59644699
vn 0.0001099923611 0.001306730905 0.9999991655
v 24.59919739 22.4412117 24.59644699
vn -0.02202806249 -0.006676440127 0.9997350574
v 2.846699476 24.29438019 48.43013
vn -0.396890223 -0.5940551162 0.6996975541
v 22.54777527 26.98944283 24.59644699
vn -0.01532921102 0.02938512526 0.999450624
v 2.838837147 24.67549896 48.6918869
vn -0.4005950093 -0.4630393386 0.7906441689
v 1.431401372 24.71816444 46.77585602
vn -0.8894835114 -0.4400989711 0.1230119541
v 3.04982686 24.64674568 48.76868057
vn -0.3256269693 -0.4742960632 0.8179305196
v 22.59825134 23.23499107 24.59644699
vn 0.00103802071 0.01597131602 0.9998719096
v 23.93902016 22.81803894 24.59644699
vn 0.4160107672 0.5909184217 0.6911949515
v 22.15242386 26.39293671 24.59644699
vn -0.113030158 0.009429708123 0.9935467839
v 24.3693161 30.1485157 24.5964489
vn 0.2356873602 -0.06332415342 0.9697636366
v 3.470287085 24.70404434 48.92171478
vn -0.1757450849 -0.4559464157 0.8724829555
v 22.54245377 20.31124306 24.59644699
vn 0.0005210003583 -0.008212205954 0.9999661446
v 22.74859238 20.32689285 24.59644699
vn 0.001167062786 -0.01114505157 0.9999372363
v 24.31552887 21.16565132 24.59644699
vn 0.01076232921 -0.005134124774 0.9999288917
v 3.393929005 24.26964188 48.62930298
vn -0.2037463188 -0.6046428084 0.7699964046
v 24.38677406 30.2404995 24.58644867
vn 0.04194926471 -0.005874165799 -0.9991024733
v 21.31372452 32.59465027 24.58644867
vn -0.0009938377189 -0.02587573975 -0.9996646643
v 24.39071465 30.86388206 24.5964489
vn 0.0009897273267 -0.0009578613099 0.9999990463
v 20.12187958 29.96644783 24.58644867
vn -0.0001237968099 -0.009984988719 -0.9999501705
v 24.26157951 30.00231743 24.5964489
vn 0.05203364417 -0.07957983762 0.9954695106
v 22.54777908 31.11765099 24.58644867
vn -0.0150510706 0.03201712295 -0.9993739724
v 21.31372452 28.46644402 24.58644867
vn -0.001086692326 -0.02829623595 -0.9995989799
v 21.89064407 29.96644592 24.58644867
vn 0.003155943472 -0.02493822947 -0.9996840358
v 20.92917633 31.4407959 24.58644867
vn 0.001053522457 -0.006144935265 -0.9999805689
v 20.30516434 31.99195862 24.58644867
vn -0.01060678065 0.0150253633 -0.999830842
v 24.17247581 25.84551811 24.59644699
vn 0.009381639771 -0.0395077467 0.9991752505
v 20.15244484 20.29516983 24.59644699
vn 0.009664947167 0.008214532398 0.9999195337
v 22.37158394 30.99703407 24.5964489
vn -0.03932722285 0.03941194341 0.9984488487
v 19.94861221 31.40926361 24.5964489
vn -0.01476652175 0.003285274375 0.9998855591
v 21.51515198 20.33095169 24.59644699
vn -0.001168800518 -0.0111827096 0.9999367595
v 1.337767124 25.98014641 45.30529404
vn -0.9216164351 0.02113893814 -0.3875258863
v 1.378543139 25.4849205 45.32013321
vn -0.910797596 -0.1526061147 -0.383613199
v 20.75876808 23.04427338 24.58644867
vn -0.002547250595 0.006720234174 -0.9999741912
v 24.44044495 21.55787086 24.59644699
vn 0.006244401913 -0.0007637068047 0.9999802113
v 3.260091305 25.60958672 49.15790939
vn -0.2360395342 -0.1551406235 0.9592792988
v 20.2307663 22.71787643 24.58644867
vn -0.03887264431 0.04238815233 -0.9983447194
v 21.04792595 19.48293877 24.58644867
vn 0 -6.123234263e-17 -1
v 23.85067558 28.54038811 24.58644867
vn -1.016308104e-07 -1.227239892e-07 -1
v 21.77641487 23.23745155 24.58644867
vn -0.0002382383973 0.004479397088 -0.9999899268
v 24.61948586 32.17856598 24.58644867
vn -4.681162125e-09 -1.923873896e-07 -1
v 26.10620308 19.23014641 24.59644699
vn 0.003922820091 -0.003486673115 0.9999862313
v 20.03286171 25.85032082 24.58644867
vn -0.07254445553 -0.1729729176 -0.9822513461
v 24.52290344 27.65912819 24.58644867
vn 1.787878179e-09 1.465687749e-08 -1
v 25.15822792 20.88214493 24.58644867
vn 0 -6.123234263e-17 -1
v 2.008191824 26.63102531 48.38955688
vn -0.6878387928 0.2369600534 0.6860960126
v 1.86697638 26.20569611 48.33815765
vn -0.7399196625 0.08627322316 0.6671400666
v 25.29006004 31.91545105 24.58644867
vn -1.051829273e-07 -1.129248304e-07 -1
v 22.2629528 32.71956253 24.58644867
vn 3.465930121e-08 -3.281130603e-07 -1
v 22.90091133 24.69416046 24.58644867
vn 1.425901175e-08 2.837854218e-08 -1
v 25.09925461 25.71295166 24.58644867
vn 1.205081617e-07 -7.460963047e-08 -1
v 23.48369789 32.04459 24.58644867
vn 2.712367397e-08 -7.619831877e-09 -1
v 19.98836899 31.54403877 24.5964489
vn -0.0144132264 0.004892410245 0.9998841286
v 19.98834991 31.54435539 24.58644867
vn -0.008796365 0.003380283946 -0.9999555945
v 26.10596275 32.73014832 24.58644867
vn 0.02577800117 0.02291548066 -0.9994050264
v 22.95932007 31.23055077 24.58644867
vn -0.0936723724 0.7662756443 -0.6356469989
v 24.39071465 30.33403587 24.5964489
vn 0.05329686031 -0.0001820703765 0.9985786676
v 22.64649391 31.15916634 24.5964489
vn -0.002987032523 0.007830732502 0.9999648929
v -0.9802270532 22.45151329 24.58644867
vn 1.27950468e-08 1.436332582e-07 -1
v 0.3838530481 22.72806931 24.58644867
vn 0 -6.123234263e-17 -1
v 20.03286552 29.97852135 24.5964489
vn -0.02452545986 -0.09054797888 0.9955900311
v 20.00244522 23.05294418 24.59644699
vn 0.00848911982 -0.006265336182 0.9999443293
v 24.39071465 24.85767174 24.59644699
vn 0.03774023429 0.0007709418423 0.9992873073
v 19.33166504 18.95810509 24.59644699
vn 0.004472197499 -0.005269419402 0.9999760985
v 22.24141693 30.82780266 24.5964489
vn -0.1734921038 0.08892757446 0.9808120728
v 2.375568867 26.55163383 48.71740723
vn -0.5609505773 0.2130984962 0.799952209
v 2.984173536 26.44062805 49.05748367
vn -0.3370373845 0.1880531907 0.9225192666
v 2.635448217 27.21850967 48.6178627
vn -0.4620809853 0.4430015385 0.7682647705
v 2.592463732 26.754776 48.79635239
vn -0.4806336462 0.2853810787 0.8291857243
v 2.665585756 26.26969147 48.94152832
vn -0.4693062901 0.1233569309 0.8743767142
v 2.475893259 26.66302872 48.75392532
vn -0.5236878395 0.2528724074 0.8135149479
v 2.594192982 26.13368988 48.9155426
vn -0.5003029108 0.06901944429 0.8630951643
v 2.624450445 26.20492363 48.92655563
vn -0.4869737923 0.09759667516 0.8679466844
v 19.64712334 28.40234375 24.5964489
vn 0.005527076311 -0.004421521444 0.999974966
v 21.31379128 32.33824158 24.5964489
vn -0.001187281101 0.001014022273 0.9999988079
v 20.90636444 19.73249817 24.58644867
vn 0.006681758445 0.01458296459 -0.9998713136
v 24.079216 29.96644592 24.5964489
vn 3.622626173e-05 -0.005273845512 0.9999861121
v 11.09688854 25.35308838 23.5432415
vn 0.0454675667 -0.1570863277 -0.9865376949
v 23.74423409 20.58333969 24.58644867
vn 0.001366780605 -0.002673195908 -0.99999547
v 17.18025017 21.94823074 24.58644867
vn -0.01034287363 0.006994168274 -0.9999220371
v 19.18022919 18.81417084 24.58644867
vn 0.01939167269 -0.01823163591 -0.99964571
v 24.39071465 24.36388206 24.59644699
vn 0.004207649268 0.001092388644 0.9999905229
v 20.90634727 19.73250389 24.59644699
vn 0.008512162603 0.01668642275 0.9998245239
v 21.89071465 25.83823967 24.59644699
vn 0.003076622961 -0.006077973172 0.9999768138
v 19.9139061 30.10248947 24.5964489
vn -0.6271567941 -0.2388342768 0.7413720489
v 22.16850853 26.49884987 24.59644699
vn -0.4528289735 0.08808030188 0.8872360587
v 24.12428856 25.13311195 24.59644699
vn 1.097085169e-05 0.01130203716 0.9999361038
v 22.37158394 26.86882591 24.59644699
vn -0.03932736814 0.0394118093 0.9984488487
v 20.07810974 21.01312828 24.59644699
vn -0.01929754391 -0.01469554845 0.9997057915
v 1.230942607 25.50081825 45.75828934
vn -0.9582239389 -0.1672570854 -0.2320171744
v 21.92411423 20.30273438 24.59644699
vn -0.000193414744 -0.007557605393 0.9999714494
v 3.917644024 24.44032097 48.81991959
vn -0.01832447201 -0.5461530089 0.8374850154
v 3.315233707 25.6612339 49.17797852
vn -0.2128258795 -0.1349374056 0.9677277803
v 3.667660713 24.78844452 48.99355316
vn -0.1051332727 -0.4268659949 0.8981828094
v 4.664721966 25.26983452 49.09183502
vn 0.2479377836 -0.255797416 0.9343952537
v 19.3263073 22.82398415 24.58644867
vn -1.450998042e-07 3.303275165e-08 -1
v 23.21263313 26.18662643 24.58644867
vn -6.77188039e-09 2.832559858e-07 -1
v 4.245841026 25.43042183 49.20399475
vn 0.103391923 -0.2011891305 0.9740806222
v 21.9842205 23.24582672 24.58644867
vn -0.001063458505 0.04802072793 -0.9988457561
v 25.17197418 23.27135849 24.58644867
vn -1.167099484e-07 2.150852829e-08 -1
v 22.24141884 26.69960213 24.58644867
vn -0.09915297478 0.05752969906 -0.9934077859
v 21.65065575 26.88424683 24.58644867
vn 0.5987824798 0.6189252734 -0.5083218217
v 24.21287155 29.25352097 24.5964489
vn 0.01145769376 0.06598810107 0.9977546334
v 22.52899551 27.90411377 24.58644867
vn -3.515381763e-08 1.315379592e-07 -1
v 17.74827576 23.02222061 24.59644699
vn -0.005144886672 0.002044896595 0.9999846816
v 18.92781258 21.59688187 24.58644867
vn -9.353919239e-08 1.727673782e-09 -1
v 1.773403645 26.82116318 48.03948212
vn -0.7682951689 0.3017358482 0.5645157695
v 1.660192251 26.55463791 47.99827576
vn -0.809063077 0.2080166638 0.5496780872
v 24.74311447 20.86797333 24.58644867
vn 3.553168426e-07 -9.045060523e-08 -1
v 18.68170547 32.05201721 24.58644867
vn 0 -6.123234263e-17 -1
v 25.09864616 27.56698608 24.58644867
vn 1.020044849e-07 6.360313165e-08 -1
v 24.61730194 31.4732666 24.58644867
vn 2.909614771e-08 1.167031485e-07 -1
v 25.00597954 21.56336784 24.58644867
vn 2.66875702e-07 -4.42918946e-08 -1
v 21.88494301 30.52467728 24.5964489
vn 0.205913499 0.02565259486 0.9782339334
v 19.05513 18.64682579 24.58644867
vn -0.006061718334 -0.008671209216 -0.9999440312
v 1.88366878 26.49493217 24.58644867
vn 0.02220448479 0.008842007257 -0.9997143745
v 21.18206978 32.31214142 24.58644867
vn -0.003736368846 0.0183233358 -0.99982512
v 22.14712334 29.96644592 24.5964489
vn -0.001419491717 -0.01225073449 0.9999239445
v 0.9050498009 22.35949898 24.58644867
vn -1.385750181e-07 1.556061164e-07 -1
v 1.210950255 23.62111855 24.58644867
vn -1.818955013e-07 -7.536007729e-08 -1
v 1.225723982 22.97420692 24.58644867
vn -1.466250126e-07 4.12897343e-08 -1
v 22.14712334 26.28595734 24.59644699
vn -0.02559932321 0.000135354654 0.9996722937
v 19.80232239 20.81798744 24.59644699
vn 0.008694469929 0.00404144777 0.9999540448
v 24.21287155 25.12531662 24.59644699
vn 0.01145815011 0.06598758698 0.9977546334
v 18.13541985 24.17376518 24.59644699
vn -0.004941143095 0.001084958436 0.999987185
v 22.4549408 31.06422806 24.5964489
vn -0.02424030378 0.03349930421 0.999144733
v 22.19758415 30.73010063 24.5964489
vn -0.8400350213 0.2820016742 0.4634826779
v 17.74829102 28.93802834 24.58644867
vn -0.01270178799 -0.005048527382 -0.9999065995
v 20.6639843 32.17212296 24.58644867
vn -0.006430189591 0.0181681253 -0.9998142719
v 24.27883148 23.06430435 24.59644699
vn -0.008624281734 -0.005896627903 0.9999454021
v 21.03962898 31.24127579 24.5964489
vn 0.0001100108057 0.001306758029 0.9999991655
v 21.36454964 31.1764698 24.5964489
vn 0.004780100193 0.01466237567 0.9998810887
v 2.234656811 26.28320122 48.66612244
vn -0.6140539646 0.1164669394 0.7806235552
v 1.460345149 26.66943359 47.59738541
vn -0.8779512048 0.2469640225 0.4101347029
v 23.78692055 23.56284714 24.59644699
vn -0.009228453971 -0.01176744699 0.9998881817
v 20.30446434 31.99214172 24.5964489
vn -0.01141584199 0.01443920657 0.9998306036
v 22.33582306 20.30327797 24.58644867
vn 0.02370405756 -0.9885719419 -0.1488745213
v 22.74894142 27.06231689 24.59644699
vn -0.003903266741 0.01403418463 0.9998939037
v 20.79118156 32.21471786 24.5964489
vn -0.005819363985 0.01832757704 0.9998151064
v 19.80233192 20.81797218 24.58644867
vn 0.01577745378 0.00819999259 -0.9998419285
v 24.35670853 25.03106117 24.59644699
vn 0.5065908432 0.3488558829 0.7884575725
v 22.83639526 24.00342751 24.59644699
vn -0.002713056514 -0.01038667187 0.9999423623
v 23.17220306 23.90003395 24.59644699
vn -0.003812254174 -0.009301929735 0.9999494553
v 20.21104622 20.85667419 24.58644867
vn -0.002940914361 -0.00274366769 -0.9999918938
v 24.20659828 20.98941994 24.58644867
vn 0.03911589459 -0.02999259159 -0.9987844825
v 23.15764618 20.38648796 24.59644699
vn 0.005985553376 -0.02796641365 0.9995909333
v 4.151688099 24.59367561 48.90510559
vn 0.06477084011 -0.4928004146 0.8677283525
v 21.15753365 23.16131783 24.58644867
vn -0.08017930388 0.4067684114 -0.9100059271
v 21.36248016 23.19680595 24.58644867
vn -0.03063054383 0.2253898382 -0.9737870097
v 4.530677795 25.01448631 49.04304886
vn 0.1998456717 -0.3455030918 0.916891098
v 24.90671921 32.71744537 24.58644867
vn -3.512645108e-08 -3.018319887e-07 -1
v 25.50634193 32.72379684 24.58644867
vn -9.190988237e-08 -1.471842808e-07 -1
v 4.358010769 24.78691673 48.98020172
vn 0.1381983459 -0.4252713323 0.8944526315
v 17.85725975 22.28368187 24.58644867
vn 1.883051368e-07 -1.123314561e-07 -1
v 21.81026649 24.44511986 24.58644867
vn -6.084492554e-08 3.041660079e-07 -1
v 23.04169083 30.55646324 24.58644867
vn 4.442529544e-08 3.607323862e-08 -1
v 22.47712135 19.48538017 24.59644699
vn -0.002105134539 0.02272707224 0.9997394681
v 21.83513832 26.61156654 24.58644867
vn 0.0511363633 0.01825496368 -0.9985248446
v 23.05345345 32.38716507 24.58644867
vn -1.206532563e-08 -3.175552479e-07 -1
v 1.69633007 27.40466499 45.43579865
vn -0.7852059603 0.5188858509 -0.3379483521
v 1.691743016 27.46232414 47.29853821
vn -0.794944942 0.5234418511 0.3067103028
v 1.784185171 27.76193237 45.95965195
vn -0.7792314291 0.6044062972 -0.1658051461
v 22.45494461 31.06422997 24.58644867
vn -0.2220921665 0.3433103561 -0.9125859141
v 24.2615757 30.00231743 24.58644867
vn 0.08458913118 -0.1781700552 -0.9803571105
v 22.37158775 30.99703598 24.58644867
vn -0.581253469 0.6477887034 -0.4924573302
v 1.947724342 27.92262077 46.96378326
vn -0.7050056458 0.6832330823 0.1901567578
v 1.567625642 25.98014641 47.96458435
vn -0.8434646726 0.005484595895 0.5371567011
v 1.377248883 26.32982063 47.56714249
vn -0.9079172015 0.1276879758 0.3992268443
v 19.68958473 22.42406273 24.59644699
vn 0.001555574825 -0.0005427255528 0.9999986291
v 22.15242386 30.52114677 24.58644867
vn -0.02093984373 0.00246113562 -0.9997777343
v 20.66536331 24.2988987 24.58644867
vn 1.015101603e-07 2.632205565e-08 -1
v 22.78917503 32.13088989 24.58644867
vn 3.340709753e-08 4.195625536e-08 -1
v 25.50168991 20.63833809 24.58644867
vn -2.332283486e-07 8.283706165e-09 -1
v 18.45704651 20.94670105 24.58644867
vn 0 -6.123234263e-17 -1
v 18.76738739 25.95884895 24.58644867
vn 2.896631486e-07 1.011024953e-08 -1
v 20.04388809 27.54548073 24.58644867
vn -0.01477012597 0.00793744158 -0.9998593926
v 19.98834991 27.41615295 24.58644867
vn -0.008796233684 0.003380182199 -0.9999555945
v 1.586469889 27.29429817 24.58644867
vn 0.06114049256 -0.1200808734 -0.9908795953
v 1.947080016 28.00307274 24.58644867
vn 0.841614902 -0.06286521256 -0.5364068747
v 23.74085999 19.6901722 24.58644867
vn 1.822154729e-07 -2.795203784e-07 -1
v 24.33185387 25.93489647 24.58644867
vn 0.4480792582 -0.3853716254 -0.8066682816
v 24.38677406 26.11229134 24.58644867
vn 0.04194422439 -0.005873549264 -0.9991027117
v 1.733932257 27.40513039 24.58644867
vn 0.6231102347 -0.635962069 -0.4552866518
v 1.919741154 26.39061928 24.58644867
vn 0.03143681958 0.007888950408 -0.9994745851
v -1.266404152 23.02555466 24.58644867
vn 0 -6.123234263e-17 -1
v 0.3850475252 21.98814392 24.58644867
vn -1.982782472e-08 2.45351913e-07 -1
v 0.08676670492 24.02650833 24.58644867
vn -1.044119724e-08 -1.519358079e-07 -1
v 0.550495863 23.44496346 24.58644867
vn 0 -6.123234263e-17 -1
v -0.4497706592 23.27250481 24.58644867
vn 0 -6.123234263e-17 -1
v -1.714227438 22.38158607 24.58644867
vn 1.054044674e-07 1.523486475e-07 -1
v 0.8834812641 24.16340446 24.58644867
vn -7.733620322e-08 -2.058970239e-07 -1
v 24.39071465 26.73567581 24.59644699
vn 0.001138893538 -0.001102304901 0.9999987483
v -1.329258919 21.78225517 24.59644699
vn -0.01258137822 -0.05860743299 0.9982018471
v -1.681111693 24.4297657 24.59644699
vn -0.05278798565 0.1267745197 0.9905259609
v -0.6634669304 24.62294579 24.59644699
vn -0.000543408154 0.00821944233 0.999966085
v -0.9247268438 21.71644974 24.58644867
vn -0.1135363653 -0.9504027367 -0.2895584702
v -2.584939003 23.3770504 24.59644699
vn -0.00620904984 0.0007958586793 0.9999803901
v 0.1025863886 21.6967392 24.59644699
vn 0.0005210016971 -0.008212185465 0.9999661446
v 1.920574665 26.424757 48.35766602
vn -0.7199060917 0.1639746875 0.6744238734
v 19.98836899 27.41583252 24.59644699
vn -0.01441298798 0.004892251454 0.9998841882
v 11.21164417 25.17240715 23.58500862
vn 0.07439926267 -0.2046329975 -0.9760072231
v 7.05837822 24.74902344 27.73312378
vn -0.9486618638 -0.3105227351 0.06013555825
v 9.978923798 23.78859138 24.25728798
vn -0.2254888862 -0.5468891859 -0.8062673211
v 9.087482452 25.48675537 23.93283081
vn -0.4466230869 -0.1191474646 -0.8867534399
v 20.92917633 27.12029076 24.59644699
vn 0.001654307474 0.0004663588479 0.9999985099
v 24.05266571 23.33309555 24.59644699
vn -0.01135561708 -0.01062673517 0.9998790622
v 24.71122742 21.75009918 24.59644699
vn -0.01073668059 0.0002878370287 0.9999423027
v 22.47714233 19.48538399 24.58644867
vn -0.02282382175 0.1739942133 -0.9844821692
v 20.63169289 19.88747597 24.58644867
vn 0.009446097538 0.01522194967 -0.9998395443
v 3.6626122 24.3312645 48.72709656
vn -0.1086973175 -0.5837950706 0.8045919538
v 1.267766237 25.06467056 46.25474548
vn -0.9458929896 -0.31915465 -0.05853902176
v 21.719347 20.31265068 24.58644867
vn -0.05276385322 -0.6954519153 -0.716632843
v 19.90303802 22.19384766 24.58644867
vn -0.2049567997 0.07293904573 -0.9760494828
v 21.51514053 20.3309536 24.58644867
vn -0.0002906553564 -0.002433069982 -0.9999970198
v 23.15763283 20.38648605 24.58644867
vn 0.03676548973 -0.1903523654 -0.9810271263
v 20.91238403 20.4487896 24.58644867
vn -0.1078063697 -0.3317966759 -0.9371706247
v 23.20059395 23.14579964 24.58644867
vn 0.01760285534 0.06832586974 -0.997507751
v 2.185826778 25.98014641 48.64834976
vn -0.6338711381 0.00652907975 0.7734110951
v 4.142100811 25.23280334 49.16623688
vn 0.06562065333 -0.2710224688 0.9603336453
v 26.03490639 32.01294327 24.58644867
vn -2.00024985e-07 -8.151344844e-08 -1
v 25.9184742 22.69874573 24.58644867
vn -3.399760544e-07 5.015361459e-09 -1
v 19.10922813 30.07822418 24.58644867
vn -1.434321319e-07 -9.515610522e-10 -1
v 25.06031227 29.99026871 24.58644867
vn 3.015552466e-07 8.029343856e-10 -1
v 19.06241417 29.20866013 24.58644867
vn -1.814281205e-07 5.47440715e-09 -1
v 17.65865707 20.70049095 24.58644867
vn 1.965981511e-07 1.153997573e-07 -1
v 21.36455345 31.1764698 24.58644867
vn 0.005689925049 0.01566212252 -0.9998611808
v 24.05265045 23.33311081 24.58644867
vn -0.01096147113 -0.01140374225 -0.9998748899
v 22.2998867 30.91749763 24.58644867
vn -0.138425827 0.1123294607 -0.9839819074
v 2.198122978 26.13388634 48.65282822
vn -0.6283607483 0.06238784641 0.7754163742
v 24.39071465 30.33403015 24.58644867
vn 0.03715990856 -0.0004084088723 -0.9993092418
v 19.90819931 31.13161278 24.58644867
vn -0.006288900506 0.0005000435049 -0.999980092
v 1.590934753 26.27158356 47.97306824
vn -0.8343618512 0.1083106026 0.5404712558
v 19.90353394 30.19183922 24.58644867
vn -0.02442751266 -0.0001501164807 -0.9997016191
v 18.32972717 31.04156494 24.58644867
vn 0 -6.123234263e-17 -1
v 25.10956573 22.37846375 24.58644867
vn 2.091798512e-09 1.195835786e-08 -1
v 3.380843163 25.3727684 24.58644867
vn 0.01137380023 0.000614669174 -0.9999351501
v 1.95085907 26.17245483 24.58644867
vn 0.00152569334 0.007241082843 -0.9999726415
v 21.78820038 30.83997154 24.58644867
vn 0.7600892782 0.4066303074 -0.5068688393
v 1.051107764 25.1377697 24.58644867
vn -0.005755067803 -0.01107820775 -0.9999220967
v -1.704889536 30.46732903 24.58644867
vn -7.045085567e-06 0.008247836493 -0.9999659657
v -0.2418464124 22.3146801 24.58644867
vn 3.063605547e-08 1.284275299e-07 -1
v -2.488817692 26.65099525 24.58644867
vn -0.4884186685 0.2806176245 -0.8262572289
v -2.526776791 26.52780914 24.58644867
vn -0.2278835773 0.05172613263 -0.9723134637
v -2.536334276 26.39882469 24.58644867
vn -0.04360853136 0.001748286188 -0.9990471601
v 1.503706574 26.87747574 24.58644867
vn 0.01545840874 0.03321477771 -0.9993286729
v -1.655460715 25.13605309 24.58644867
vn 0.01473224256 -0.02523450553 -0.9995729923
v -1.953019738 23.20189857 24.58644867
vn 1.850508085e-07 -3.502579915e-08 -1
v -0.6107604504 24.26015663 24.58644867
vn 2.433527335e-08 -1.77051902e-07 -1
v -2.437431812 24.43842506 24.58644867
vn 0.02845349163 -0.01886035129 -0.9994171858
v -2.617000103 24.13546562 24.58644867
vn 0.01662332192 -0.007767498028 -0.9998316765
v 2.532199144 18.81415176 24.58644867
vn -0.02187391929 -0.01945541054 -0.9995714426
v 2.016658545 32.80013275 24.58644867
vn -0.01401817892 0.04382815957 -0.9989407063
v -4.393796444 32.72960663 24.58644867
vn -0.01631392352 0.003624955891 -0.9998603463
v 2.01494813 23.14961815 24.59644699
vn 0.0007737929118 1.432101817e-05 0.999999702
v 21.14949036 31.22787285 24.5964489
vn 0.001892554224 0.01310834754 0.999912262
v 19.92285156 27.14297867 24.59644699
vn -0.0148827415 0.00194195006 0.9998873472
v 8.07992363 23.4793663 26.05873489
vn -0.6946535707 -0.6246919632 -0.3566739857
v 11.01247978 25.55180931 23.51251984
vn 0.02450439706 -0.1050261557 -0.9941675067
v 7.820557117 25.63298988 30.06798172
vn -0.9117767215 -0.2092580944 -0.3533755243
v 11.35344219 25.01496315 23.63661957
vn 0.1104644313 -0.2462898344 -0.9628805518
v 8.535920143 25.41806984 24.27703094
vn -0.5830643773 -0.136993885 -0.8007925153
v 7.094067097 24.68239784 27.08374023
vn -0.9399011135 -0.3260033429 -0.1015269905
v 6.937619209 25.32180214 27.02679825
vn -0.9792658091 -0.1661807299 -0.1158550158
v 19.50515175 32.88575363 24.5964489
vn 0.02852941304 0.05500671268 0.9980783463
v 20.30446434 27.86393738 24.59644699
vn -0.01141553745 0.01443897374 0.9998306036
v 24.29657364 25.09563065 24.59644699
vn 0.04536795244 0.08333166689 0.9954886436
v 24.33185768 25.93489838 24.59644699
vn 0.5012059808 -0.3142037392 0.8062682748
v 21.92410278 20.30273628 24.58644867
vn -0.03600786999 -0.9730937481 -0.2275785953
v 21.31199265 20.35826683 24.59644699
vn -0.002102530096 -0.01372065395 0.9999036789
v 24.224617 22.53091812 24.58644867
vn 0.5419311523 0.3612132072 -0.7588383555
v 21.11060905 20.39675903 24.59644699
vn -0.01258110441 -0.05860678479 0.9982018471
v 20.56923485 22.95809937 24.58644867
vn -0.01189862844 0.02364072204 -0.9996497035
v 19.85493088 21.99156761 24.58644867
vn -0.004561846144 0.0008326051757 -0.9999892712
v 18.67441559 31.62121391 24.58644867
vn 0 -6.123234263e-17 -1
v 23.58560181 23.01732635 24.58644867
vn 0.02915457077 0.06362549216 -0.9975479245
v 23.39600754 23.09041786 24.58644867
vn 0.02411790937 0.06875279546 -0.9973421693
v 17.9755497 31.94639778 24.58644867
vn 2.1584232e-07 -2.157631656e-07 -1
v 21.43187141 28.74596214 24.58644867
vn 1.246149424e-07 7.052241813e-08 -1
v 22.51034546 28.7016716 24.58644867
vn -7.550959857e-09 -2.347125729e-07 -1
v 2.846699476 27.66591454 48.43013
vn -0.3868077695 0.596368432 0.703366518
v 24.42870331 19.73507881 24.58644867
vn 1.789517086e-07 -1.545864734e-07 -1
v 22.12909508 19.46644592 24.59644699
vn 6.727733125e-05 0.005820181686 0.9999830723
v 23.45158386 24.13682365 24.58644867
vn -2.334438953e-08 2.237527639e-07 -1
v 2.009027004 27.53333473 47.79708862
vn -0.6830657721 0.549541831 0.4810664654
v 18.66352081 23.34126472 24.58644867
vn 1.069685638e-07 -1.046757205e-07 -1
v 21.46724701 31.13524246 24.58644867
vn 0.01905509084 0.0372765623 -0.9991232753
v 3.262347698 27.30393982 48.84603119
vn -0.2386014462 0.4703629315 0.8496046662
v 24.27881813 23.06432152 24.58644867
vn -0.0488534458 -0.03711297736 -0.9981161952
v 19.60919762 22.08121109 24.58644867
vn 0.04193997756 -0.005326389335 -0.9991059303
v 20.30516624 27.86375237 24.58644867
vn -0.01060646027 0.01502506528 -0.999830842
v 23.78690338 23.56285858 24.58644867
vn -0.004121717997 -0.005808251444 -0.9999746084
v 24.6471138 30.86388206 24.58644867
vn -0.0119720269 -0.002588675823 -0.9999249578
v 1.8489362 25.98014641 48.33159256
vn -0.7473071218 0.006085012108 0.6644509435
v 24.64712334 28.49218178 24.58644867
vn -0.01853330061 0.001001672819 -0.9998277426
v 19.94830513 31.40964317 24.58644867
vn -0.01465319376 0.003800570266 -0.9998854399
v 19.64712334 32.53038788 24.58644867
vn 0.01720738597 -0.003522698535 -0.9998457432
v 19.90353394 28.96284294 24.58644867
vn -0.04699787125 0.0007771798992 -0.9988946915
v 18.99889755 19.45852661 24.58644867
vn -1.116799808e-07 1.028944396e-07 -1
v 1.833582044 26.59326363 24.58644867
vn 0.3396169543 0.1961484253 -0.9198837876
v 2.207243681 28.09553146 24.58644867
vn -0.006473542657 -0.00172634935 -0.999977529
v 19.90353394 30.99109077 24.58644867
vn -0.02131093293 0.0001861137862 -0.9997729063
v -1.946227312 30.73965836 24.58644867
vn -0.004945251159 -0.02558343299 -0.9996604323
v -0.9374892116 20.915205 24.59644699
vn 0.0001902766671 0.0008128776099 0.9999996424
v 1.347037196 24.94835281 24.58644867
vn -0.01418800559 -0.01999341697 -0.9996994138
v -1.857044458 27.19825745 24.58644867
vn -0.0170006454 0.005606130231 -0.9998397827
v -1.855052352 30.72772598 24.58644867
vn -0.0003785128356 -0.003759379266 -0.9999928474
v 1.32863605 21.35686493 24.58644867
vn -0.009611082263 0.01277956087 -0.999872148
v 1.814408898 19.21252251 24.58644867
vn -0.006516823079 -0.03263401985 -0.999446094
v 2.016677618 19.16015434 24.58644867
vn -0.01187761687 -0.03099143878 -0.9994490743
v 0.3808796108 20.92931366 24.58644867
vn -0.00982452929 0.03809212521 -0.9992259145
v -0.3007743955 25.46732712 24.58644867
vn 0.0006513198023 -0.03925682604 -0.9992289543
v -0.999668479 25.3885498 24.58644867
vn 0.008427130058 -0.03211018816 -0.9994488358
v 1.231032848 27.20071793 24.58644867
vn 0.001494544442 -0.02635263465 -0.9996516109
v 2.243314505 23.48575783 24.58644867
vn -0.01337703131 -0.002540875925 -0.9999073148
v -2.476193428 31.06838989 24.58644867
vn -0.7511104941 -0.333635807 -0.5696667433
v -2.536334276 26.17246628 24.58644867
vn -0.002542579314 0.001439927146 -0.9999957085
v 2.159322262 23.82672501 24.58644867
vn -0.006774003152 -0.002451079199 -0.999974072
v 1.814388871 32.7477684 24.58644867
vn -0.006688341498 0.04724690691 -0.998860836
v 0.5140697956 21.73686028 24.59644699
vn 0.00255161128 -0.01650727168 0.9998604655
v -0.04451996833 24.6308136 24.59644699
vn 0.0002088250621 0.007579241414 0.9999712706
v -2.600435495 23.16964912 24.59644699
vn -0.000770259765 -1.394298579e-05 0.999999702
v 21.78819847 30.83997536 24.5964489
vn 0.09046421945 0.05478984863 0.9943914413
v 24.64712334 24.36388206 24.59644699
vn -0.003073476721 0.00066442159 0.9999950528
v 8.040642738 24.09583855 25.35994911
vn -0.7053630948 -0.4696573019 -0.5309283137
v 11.72963047 25.57081032 23.60449219
vn 0.1931869984 -0.1137469932 -0.9745462537
v 7.230255127 24.65044022 26.44511223
vn -0.9062618017 -0.3328611255 -0.2605629563
v 6.98772192 25.40608406 28.32626724
vn -0.9670799971 -0.1473791003 0.2074504048
v 8.046339035 25.36439896 24.7069664
vn -0.7043229938 -0.1512509882 -0.6935793161
v 22.14712334 30.41416168 24.5964489
vn -0.02559985965 0.0001353575644 0.9996722341
v 19.95994186 20.54485893 24.58644867
vn 0.01028013788 0.007221358363 -0.9999210835
v 20.79118156 28.08651161 24.59644699
vn -0.005819225684 0.01832720265 0.9998151064
v 22.82074928 19.54381561 24.58644867
vn -0.05620070174 0.2179037631 -0.9743507504
v 19.82287407 22.74998474 24.59644699
vn 0.01513722911 -0.007999191061 0.9998534322
v 24.68318748 22.10024071 24.59644699
vn -0.002803998766 -0.0003772632044 0.9999960065
v 3.315233707 26.29905891 49.17797852
vn -0.2039945722 0.1251277477 0.9709424376
v 20.53521919 20.60755348 24.58644867
vn -0.03233626485 -0.05387687311 -0.9980238676
v 21.11059761 20.39676285 24.58644867
vn -0.002011162695 -0.008434610441 -0.9999623895
v 20.91239548 20.44878578 24.59644699
vn -0.01770449802 -0.06033698469 0.9980210662
v 18.49729347 30.28470039 24.58644867
vn 0 -6.123234263e-17 -1
v 20.53523064 20.60754585 24.59644699
vn -0.1391130984 -0.2562933266 0.9565360546
v 22.39535904 23.24531746 24.58644867
vn 0.001904654433 0.04856849834 -0.9988180399
v 19.85274506 21.5791626 24.58644867
vn -0.05884531885 -0.006841494236 -0.9982436895
v 20.44156647 30.75178337 24.58644867
vn 1.10520439e-07 -7.956408155e-08 -1
v 18.24778175 31.68198967 24.58644867
vn 0 -6.123234263e-17 -1
v 19.47203636 20.48596954 24.58644867
vn -2.28241376e-07 7.345506248e-08 -1
v 18.95038605 28.07560921 24.58644867
vn -4.336163784e-08 7.605386543e-09 -1
v 18.28449821 20.17142677 24.58644867
vn 8.786180672e-08 9.481429686e-08 -1
v 25.4588089 26.15815735 24.58644867
vn -7.831093995e-08 9.753018837e-09 -1
v 2.841068983 26.4078083 49.0053978
vn -0.3958330452 0.1769157797 0.9011198878
v 25.44812965 21.52872276 24.58644867
vn -1.557681202e-07 -3.510123037e-08 -1
v 19.9300251 25.01247978 24.58644867
vn -0.1725317687 0.09198436141 -0.9806995988
v 2.838837147 27.28479576 48.6918869
vn -0.3894091249 0.4656042159 0.7947158217
v 1.95193696 27.75122833 47.39324188
vn -0.7031385899 0.6244287491 0.3401247561
v 21.81565094 24.74464798 24.58644867
vn 1.970968988e-08 -3.094982333e-07 -1
v 19.9139061 30.10249138 24.58644867
vn -0.08288690448 -0.02015483193 -0.9963551164
v 1.996496916 28.04301071 46.51998138
vn -0.6885557771 0.7243323326 0.03512315452
v 19.95993042 20.54487228 24.59644699
vn 0.007008624263 0.004471076187 0.9999654293
v 24.36931419 26.02030754 24.58644867
vn 0.09105166048 -0.03200533241 -0.9953317046
v 26.10620308 19.23095512 24.58644867
vn 0.03607386723 -0.008015324362 -0.9993169904
v 23.47180176 19.78848839 24.59644699
vn -0.003906649537 0.007745093666 0.9999623895
v 19.6957531 19.16016197 24.58644867
vn 0.007592465263 -0.02373809926 -0.9996894002
v 24.62786102 22.99756241 24.58644867
vn 2.469323022e-07 1.229114304e-07 -1
v 19.92238808 27.14332008 24.58644867
vn -0.01482386608 0.00234647491 -0.9998873472
v 21.88494301 30.52467155 24.58644867
vn 0.03329663351 0.002938762074 -0.9994412065
v 20.92918205 27.12029076 24.58644867
vn 0.001864255639 0.001991834491 -0.9999963045
v 22.19758606 30.73010635 24.58644867
vn -0.07077410817 0.0276841633 -0.9971081018
v 20.49858475 28.74630547 24.58644867
vn 8.729217882e-08 1.274595718e-07 -1
v 2.022546291 24.15029526 24.58644867
vn -0.0472503677 -0.02580987848 -0.9985495806
v -2.036072016 30.75981522 24.58644867
vn -0.005968696438 -0.0203645397 -0.9997748137
v -1.241542816 20.99878502 24.58644867
vn 0.01584698446 0.04980862513 -0.9986330271
v -2.214352369 24.71086311 24.58644867
vn 0.02645528316 -0.02410169318 -0.9993594289
v 0.7143768668 21.0304184 24.59644699
vn -0.002486819867 0.00708082458 0.9999718666
v -1.76309967 30.72373581 24.58644867
vn -2.103870429e-05 -0.01067700889 -0.999943018
v -2.792733908 29.76219749 24.58644867
vn 0.006765817292 0.002081894549 -0.999974966
v 1.606217146 19.23014641 24.58644867
vn -4.924353925e-05 -0.008964771405 -0.9999598265
v 5.22298193 24.82718658 24.58644676
vn 0.2748469114 0.04838827252 -0.96026963
v 13.04278564 17.66015816 24.58644676
vn 0.3039900661 -0.633954823 -0.711119771
v -2.536334276 29.76220131 24.58644867
vn -0.001008842373 0.001435698243 -0.9999984503
v -1.993754268 30.44062424 24.58644867
vn -0.00374489394 0.01954121143 -0.999802053
v 5.489583015 23.91571426 24.58644676
vn 0.7556214333 0.2669656575 -0.5981350541
v -1.898227692 30.45633888 24.58644867
vn -0.002750693122 0.02445625514 -0.9996970892
v 1.031951427 21.17399597 24.58644867
vn -0.01467922982 0.026254775 -0.9995474815
v 12.4193306 31.51360321 21.9864502
vn -0.2319303602 -0.7420669794 -0.628923595
v 14.8645668 30.10270882 21.9864502
vn -0.5139058828 -0.5001451969 -0.6969616413
v 16.34357643 27.6980629 21.98644829
vn -0.7711114883 -0.2182243019 -0.5981348157
v 1.664419293 27.34417915 24.58644867
vn 0.1191876456 -0.1671704203 -0.9786973
v 1.60596478 32.73014832 24.58644867
vn -4.419726247e-05 0.02971448377 -0.9995584488
v 4.532143593 30.01204681 24.58644867
vn 0.01248765085 -0.00844482705 -0.9998863935
v 2.532185555 33.14612961 24.58644867
vn -0.004131810274 0.003884443315 -0.9999839067
v 1.653296113 24.07162476 24.59644699
vn 0.1648433357 0.1729905456 0.9710308909
v 20.04385757 27.54492188 24.59644699
vn -0.01377143804 0.006640480366 0.9998831153
v 19.68215942 21.10947037 24.58644867
vn 0.02794285864 0.009873097762 -0.9995607734
v 7.492292881 24.03354454 26.54048729
vn -0.8406849504 -0.4870570004 -0.2366945744
v 20.22551346 23.32536507 24.58644867
vn 0.02377042174 -0.02165572159 -0.9994828701
v 10.39208508 25.35198212 23.56343842
vn -0.1258277446 -0.1537130177 -0.9800712466
v 11.62870026 25.76307869 23.56775665
vn 0.1657242179 -0.05668392777 -0.9845417142
v 6.909962177 25.35560036 27.67910576
vn -0.9862042069 -0.1588763893 0.04647121578
v 22.16850853 30.62705421 24.5964489
vn -0.4528290927 0.08807853609 0.8872361183
v 24.64712334 26.73567581 24.59644699
vn -0.001812277944 -9.800542466e-05 0.9999983311
v 20.20421982 27.77514458 24.59644699
vn -0.00793525856 0.007147769909 0.9999429584
v 21.65065193 31.01245499 24.5964489
vn 0.03525581956 0.04057694227 0.9985542297
v 24.03697968 20.19341087 24.58644867
vn -0.007602926344 0.00752026774 -0.9999428391
v 20.09363365 22.56192398 24.59644699
vn -0.01577225886 0.01109542232 0.9998140335
v 4.802735806 26.12639236 49.14206696
vn 0.2992296219 0.04616130888 0.9530639052
v 4.008471012 26.90361023 49.11759949
vn 0.02522175387 0.3242676258 0.9456291199
v 3.260091305 26.3507061 49.15791321
vn -0.2257705331 0.1470577717 0.9630169868
v 3.657809496 26.60959816 49.18410873
vn -0.09383484721 0.2244000435 0.969968915
v 4.802735806 25.83390045 49.14206696
vn 0.2983558774 -0.05710240081 0.9527450204
v 18.9374733 24.01556587 24.58644867
vn 3.22150413e-08 -1.807997734e-07 -1
v 24.31552315 21.16564178 24.58644867
vn 0.1913829893 -0.1044361442 -0.9759434462
v 24.39983368 22.16573906 24.58644867
vn 0.04717596993 0.01260093413 -0.9988071322
v 19.26643753 26.67704964 24.58644867
vn -2.882752312e-07 -4.538880383e-09 -1
v 18.98974037 32.07681656 24.58644867
vn -1.677903185e-07 -3.877870469e-08 -1
v 23.63872719 26.57863045 24.58644867
vn -3.902434642e-08 8.373729798e-08 -1
v 20.44156647 26.62357903 24.58644867
vn 1.105207801e-07 -7.956442261e-08 -1
v 1.927312851 27.06349564 48.09550095
vn -0.7132242918 0.386780709 0.5845612288
v 23.47511292 30.93924522 24.58644867
vn 4.785603025e-08 1.515330013e-07 -1
v 18.8638401 24.64840698 24.58644867
vn 6.021792132e-08 7.85332972e-08 -1
v 2.911309242 26.43069839 49.03096008
vn -0.3668825626 0.1851493716 0.9116561413
v 3.119324684 27.70306587 48.52935791
vn -0.2904343903 0.608561635 0.7384447455
v 19.90888214 24.92486382 24.58644867
vn -0.05678555369 0.01017527375 -0.998334527
v 2.86056304 26.86942101 48.89393616
vn -0.3822668195 0.3250654042 0.8649882078
v 24.12428856 29.2613163 24.5964489
vn 8.398184946e-06 0.008651226759 0.9999625683
v 19.26734543 22.19110489 24.58644867
vn -2.075316416e-07 5.455952845e-08 -1
v 19.60919952 22.08123016 24.59644699
vn 0.007448847871 -0.0013430611 0.9999713302
v 20.48876953 23.55918312 24.58644867
vn 0.00514406478 -0.006417499389 -0.9999662042
v 19.50514603 32.88575745 24.58644867
vn 0.03156784177 0.0532810837 -0.9980804324
v 19.69574165 19.16015816 24.59644699
vn 0.004404223058 -0.0114933094 0.9999242425
v 24.0791378 29.96644592 24.58644867
vn 3.238445788e-05 -0.01765598357 -0.9998441339
v 21.56337547 26.95226479 24.58644867
vn 0.05473894998 0.07765620202 -0.9954763651
v 19.5051651 19.07454681 24.58644867
vn 0.01231017057 -0.02373575605 -0.9996424913
v 18.57405853 29.39194298 24.58644867
vn 7.131878021e-08 2.887433226e-08 -1
v 23.1726532 27.31259918 24.58644867
vn -0.0008484541904 -0.01979975589 -0.9998036027
v 20.11569595 31.79420662 24.58644867
vn -0.01393897366 0.01021441165 -0.9998506904
v 22.54778099 26.98944473 24.58644867
vn -0.01505037118 0.03201631084 -0.999374032
v -1.951097846 24.94468117 24.58644867
vn 0.004641910084 -0.005791274831 -0.9999724627
v 25.15086555 24.873909 24.58644867
vn 1.304725288e-07 1.061397814e-08 -1
v 4.456696033 23.16901779 46.44049072
vn 0.152339533 -0.9883226752 0.003302147845
v 1.180613875 26.94168472 24.59644699
vn 9.825261259e-06 0.009129684418 0.9999583364
v 2.243335962 22.78835869 24.59644699
vn -0.008875479922 0.001737908111 0.9999591112
v 1.941930056 26.28248024 24.58644867
vn 0.00301437825 0.0003677118511 -0.9999954104
v 1.838951588 24.44981384 24.58644867
vn -0.0420299992 -0.03192941844 -0.9986060262
v 2.557592154 28.24650574 24.58644676
vn -0.7010160089 0.05371443555 -0.711119771
v 11.12139893 31.72402763 24.58644867
vn -0.05578539521 -0.7550297976 -0.6533130407
v 1.290911794 26.9343338 24.59644699
vn 0.0008731627604 0.00823387038 0.9999657273
v 4.744174004 19.92651749 24.58644676
vn -0.3894143701 -0.5691161752 -0.7241983414
v 9.649213791 20.35825348 24.58644676
vn 0.06609195471 0.271134764 -0.96026963
v 11.54003811 20.27095413 24.58644676
vn -0.06559246033 0.7141028047 -0.6969611049
v 12.47041321 20.46137619 24.58644676
vn -0.179751873 0.6841135025 -0.7068790793
v 15.8366127 23.1064682 21.98644829
vn -0.6828122139 0.4195258915 -0.5981350541
v -2.0877285 30.4173851 24.58644867
vn -0.007775942795 0.02687830292 -0.9996084571
v 13.3087883 31.18085098 21.9864502
vn -0.328119874 -0.6487192512 -0.6866590977
v 9.597298622 31.59064293 21.9864502
vn 0.139518708 -0.7134663463 -0.6866587996
v 14.1313467 30.70623779 21.9864502
vn -0.4187890589 -0.5700325966 -0.706879437
v 7.843784809 30.87788582 21.9864502
vn 0.3586844206 -0.6209591627 -0.6969614625
v 1.839455366 27.55644608 24.58644867
vn 0.03733256832 -0.02015885897 -0.9990995526
v 2.017029047 22.13197327 24.58644867
vn -0.009259740822 0.004654280841 -0.9999462962
v 1.829418898 21.83846474 24.58644867
vn -0.01052693278 0.007554368582 -0.9999160767
v -1.801779747 30.46470451 24.58644867
vn -0.0001922490774 0.004104208667 -0.9999915361
v 1.115619302 21.88356972 24.59644699
vn 0.1048030853 -0.2562009096 0.960925281
v 20.3786087 20.07546806 24.58644867
vn 0.004876606166 0.00599523494 -0.9999701381
v 24.38386345 24.94641304 24.59644699
vn 0.2481128126 0.05885314941 0.9669417739
v 7.349806786 24.08032799 27.17682076
vn -0.8757215738 -0.4764467776 -0.07816748321
v 20.20421982 31.90335083 24.5964489
vn -0.007935452275 0.007147960365 0.9999429584
v 11.67147636 25.6623745 23.58332634
vn 0.177172482 -0.08645804971 -0.9803748727
v 9.784088135 25.16893578 23.71915245
vn -0.2750554979 -0.1991392523 -0.9405785799
v 7.631820202 25.32717705 25.21114922
vn -0.8070629239 -0.1615218073 -0.5679437518
v 7.303433895 25.30739784 25.77611542
vn -0.8884902596 -0.1675231606 -0.4272247851
v 21.89071465 26.28593636 24.58644867
vn 0.01053574495 5.939404946e-05 -0.9999445081
v 14.19293785 25.64978409 29.66751862
vn 0.8348764181 -0.081038706 0.5444391966
v 12.76997852 25.72510529 30.98965073
vn 0.482229799 -0.05941360816 0.874027729
v 12.1062603 25.34073448 31.23191452
vn 0.3195698559 -0.155013442 0.934797287
v 14.50393772 25.64164925 29.09251785
vn 0.9120876193 -0.08417318016 0.4012618661
v 14.71749401 25.64255714 28.47461128
vn 0.9651587605 -0.08507950604 0.2474470586
v 18.33156395 26.58758736 24.59644699
vn -0.00408454705 -0.000443529716 0.9999915361
v 21.46724319 31.13524437 24.5964489
vn 0.004056019709 0.008912038058 0.9999520779
v 21.77640152 23.23744965 24.59644699
vn -0.0005433482002 0.008219379932 0.999966085
v 3.421680689 25.86400986 49.21672058
vn -0.1666246057 -0.05393916741 0.9845439792
v 4.358010769 27.17337608 48.98020554
vn 0.1453332305 0.4173479378 0.8970501423
v 3.434094906 26.0192337 49.221241
vn -0.1594082266 0.009170682169 0.9871701598
v 4.352652073 26.09332848 49.24287033
vn 0.1442456692 0.0342092365 0.9889504313
v 24.44044304 21.55785942 24.58644867
vn 0.08952319622 -0.01573419943 -0.9958604574
v 25.07937622 24.00307846 24.58644867
vn 1.37416734e-07 -6.844202005e-08 -1
v 24.39409447 21.35639763 24.58644867
vn 0.6250832081 -0.218189165 -0.7494428158
v 17.80485153 20.98142242 24.58644867
vn 0 -6.123234263e-17 -1
v 18.46711349 28.6153965 24.58644867
vn 1.814565422e-07 5.613553711e-08 -1
v 17.52381325 21.36004066 24.58644867
vn 2.075493057e-07 -7.237922262e-08 -1
v 25.18141747 30.98153687 24.58644867
vn 1.108848906e-07 3.312423402e-08 -1
v 19.57889366 19.75701523 24.58644867
vn -1.68311928e-07 7.091271925e-08 -1
v 2.117493868 27.27466011 48.16471863
vn -0.6454454064 0.4606941342 0.6092299223
v 22.8860569 19.49246979 24.58644867
vn 9.642681675e-08 -5.603887985e-07 -1
v 2.338473558 27.44858551 48.24515152
vn -0.5669016242 0.5213548541 0.6378179193
v 19.40771484 23.55305481 24.58644867
vn -1.253910575e-08 -1.018516187e-07 -1
v 2.127305984 26.81857109 48.43291092
vn -0.644638598 0.3031323254 0.7018204331
v 3.393929005 27.69065094 48.62930298
vn -0.1935144961 0.6032472849 0.7737213969
v 19.05138397 30.87145996 24.58644867
vn -2.216229973e-07 -4.386895736e-09 -1
v 19.05512047 33.31348038 24.5964489
vn -0.004362397362 0.005506000947 0.9999753237
v 22.48999405 24.0625515 24.58644867
vn -0.002065974288 -0.02217036672 -0.9997520447
v 19.90353394 24.83463478 24.59644699
vn -0.06653761119 0.0003495501296 0.9977838397
v 19.90353394 26.86288643 24.58644867
vn -0.02131021023 0.0001861250785 -0.9997729063
v 19.33166122 33.00219727 24.58644867
vn 0.05659398809 0.06668061018 -0.996168077
v 18.13541985 27.78652954 24.59644699
vn -0.008576542139 -0.002376668854 0.9999604225
v 20.10656357 19.23014641 24.58644867
vn 0.0001062030206 -0.07035044581 -0.9975223541
v 19.69573402 32.80014038 24.58644867
vn 0.01981257834 0.05169627443 -0.9984663129
v 24.39071465 28.98585701 24.58644867
vn 0.07003428042 0.0004472252622 -0.9975444674
v 21.90583992 27.93031693 24.58644867
vn 1.621783667e-07 -8.278028041e-09 -1
v 24.172472 29.97372246 24.58644867
vn 0.008910142817 -0.05693333596 -0.9983382225
v 24.5971241 21.0653286 24.59644699
vn -0.006936140358 0.002606877359 0.9999725223
v 21.89062691 25.83823967 24.58644867
vn 0.003155859187 -0.02493772842 -0.9996840358
v 4.03055191 23.25438309 47.26031876
vn 0.0214089267 -0.9557102323 0.2935295701
v 4.196332932 23.16687393 46.83760452
vn 0.08563479781 -0.9846898317 0.1518308669
v 1.93862927 27.91095352 24.58644867
vn 0.9793601036 -0.1244200841 -0.1592904329
v 3.964153767 28.93811798 24.58644867
vn 0.01439051051 -0.006643199362 -0.9998743534
v 0.3965276182 25.38892365 24.59644699
vn -0.002240434056 -0.008577321656 0.9999607205
v 2.207256317 30.43929291 24.58644867
vn -0.007289655507 0.007776034996 -0.9999431968
v 1.413726926 27.22908211 24.58644867
vn 0.005915172864 -0.02528305165 -0.9996628165
v 6.192667007 29.34376335 24.58644867
vn 0.6177672148 -0.4720375836 -0.6289230585
v 8.669622421 34.30013657 24.58644867
vn -0.3039899468 0.6339549422 -0.7111197114
v 12.06319332 31.60203934 24.58644867
vn -0.06609197706 -0.2711348534 -0.96026963
v 6.809905052 30.06548119 24.58644867
vn 0.1913365573 -0.2041605562 -0.9600566626
v 10.59100914 20.23626518 24.58644676
vn 0.05578524247 0.7550297976 -0.6533131003
v 16.96823311 32.03377533 24.58644867
vn 0.3894144297 0.569116354 -0.7241981626
v 5.353185177 27.64726639 24.58644676
vn 0.6710318327 -0.2236926109 -0.7068789601
v 5.153841019 26.71876144 24.58644676
vn 0.7083534598 -0.1117161959 -0.6969611645
v 9.241993904 31.49891663 24.58644867
vn 0.1797515154 -0.6841137409 -0.7068789005
v 14.17489243 21.28453064 24.58644676
vn -0.4310242832 0.6470496058 -0.628923595
v 12.97206497 31.32670021 24.58644867
vn -0.3153558075 -0.7367401123 -0.5981343389
v 16.55856705 25.24153137 24.58644676
vn -0.7083534598 0.1117162406 -0.6969611645
v 8.691011429 31.30691338 21.9864502
vn 0.2481569946 -0.6623743176 -0.7068793178
v 7.078730106 30.31525993 21.9864502
vn 0.4814207852 -0.5843075514 -0.6533136368
v 5.212564945 27.08098602 21.98644829
vn 0.6934151053 -0.1552452743 -0.7036151886
v 1.180619478 26.94168472 24.58644867
vn 4.185927537e-05 0.0102051748 -0.9999479055
v 1.135384202 30.46720314 24.58644867
vn 0.009123571217 -0.003168649273 -0.9999533296
v 1.633046627 22.21764946 24.59644699
vn 0.02700684965 -0.02522865869 0.9993168116
v 17.18031693 30.0119648 24.58644867
vn -0.01132440567 -0.006795608439 -0.9999127984
v 22.15242386 30.52114296 24.5964489
vn -0.113032423 0.009429890662 0.9935465455
v 1.304376841 21.96883965 24.59644699
vn 0.3517331779 -0.6126067042 0.7078112364
v 22.29988289 30.91749573 24.5964489
vn -0.05431348458 0.03956961259 0.9977396131
v 3.041929245 28.50971413 47.36204147
vn -0.3205989301 0.887845993 0.3300694227
v 24.38677406 26.11229515 24.59644699
vn 0.06329549104 -0.005747314543 0.9979782701
v 9.204730988 25.00755882 23.97550583
vn -0.4179293811 -0.239618659 -0.8763092756
v 8.669490814 24.87216377 24.32564735
vn -0.5502006412 -0.2739059031 -0.7888312936
v 19.9139061 25.97428894 24.58644867
vn -0.08288449049 -0.02015370317 -0.9963553548
v 22.85348511 27.08566666 24.58644867
vn -0.1721564233 0.9599893093 -0.2208681256
v 22.14712334 25.83826256 24.58644867
vn -0.006096258759 -0.0131531246 -0.999894917
v 21.25823975 27.07904816 24.59644699
vn 0.00307296426 0.01381559018 0.9998998642
v 19.90830231 27.00330925 24.59644699
vn -0.01482260041 0.0008451514877 0.999889791
v 23.17276573 31.44080353 24.5964489
vn -0.0003267835418 -0.001906361198 0.9999981523
v 23.0658493 31.24170113 24.5964489
vn -0.000106478954 0.001170840464 0.9999992847
v 20.92028999 32.25178909 24.5964489
vn -0.005045398138 0.01840839721 0.9998178482
v 23.47182083 19.78849983 24.58644867
vn -0.03427326679 0.06129994616 -0.9975307584
v 3.129376411 26.42084122 49.11033249
vn -0.2781048417 0.1777106524 0.9439685345
v 2.575681925 25.9022541 48.90880585
vn -0.5110578537 -0.02505865693 0.8591809869
v 3.892410755 26.05729485 49.2694931
vn -0.01216687355 0.02157421596 0.9996932149
v 3.421680689 26.09628296 49.21672058
vn -0.1634052396 0.04078886658 0.9857154489
v 2.569453239 25.98014641 48.9065361
vn -0.5125203729 0.006787954364 0.8586482406
v 23.71145821 24.58044052 24.58644867
vn -1.551738222e-07 -9.558038983e-08 -1
v 19.06889534 28.74154472 24.58644867
vn -1.346996612e-07 1.234023106e-08 -1
v 17.98290825 29.81137276 24.58644867
vn 1.568876087e-07 9.257159661e-08 -1
v 19.21276283 20.91640854 24.58644867
vn -1.518788508e-07 -6.562049748e-08 -1
v 17.92327309 30.38352394 24.58644867
vn 1.010756208e-07 3.934104953e-08 -1
v 21.13415527 30.57662964 24.58644867
vn -1.196659079e-23 -6.123236248e-17 -1
v 25.82622337 29.12201309 24.58644867
vn -3.618777953e-07 7.611821395e-09 -1
v 22.89883804 26.51473045 24.58644867
vn 8.566875209e-08 3.658078729e-09 -1
v 24.00999641 19.41279984 24.58644867
vn 3.97719333e-08 2.41128987e-07 -1
v 24.08358383 31.97093201 24.58644867
vn 1.291375451e-08 -1.094754793e-07 -1
v 23.17276573 27.12030029 24.58644867
vn -0.003208187409 0.000875213882 -0.9999944568
v 23.33892632 27.99682236 24.58644867
vn 3.82420744e-08 8.69110508e-08 -1
v 21.29495049 24.32091331 24.58644867
vn -5.604502817e-08 3.302737355e-07 -1
v 1.780843616 27.27997398 47.71403885
vn -0.7638872862 0.4609659612 0.4516487122
v 20.06322861 25.12376404 24.58644867
vn -0.01902833767 0.08741439879 -0.9959902763
v 2.279314041 28.18360329 47.08446884
vn -0.5884275436 0.7743747234 0.2325872332
v 1.693435788 27.70650864 46.40968323
vn -0.7950032353 0.6065943837 -0.003621212905
v 20.06318474 25.12376976 24.59644699
vn -0.01795804128 0.05296728015 0.998434782
v 20.15313148 25.13311195 24.58644867
vn -2.672728442e-05 0.0230227001 -0.9997349381
v 20.0632267 29.25197029 24.58644867
vn -0.01903402433 0.08742649853 -0.9959890842
v 20.12188339 29.96644592 24.5964489
vn -3.262072278e-05 -0.009796716273 0.9999520183
v 18.53056908 22.43482208 24.58644867
vn 5.046670282e-08 -3.847392094e-08 -1
v 20.7913723 32.21459579 24.58644867
vn -0.005569655448 0.01840205304 -0.999815166
v 21.88494301 26.39646339 24.58644867
vn 0.03329565376 0.002938665682 -0.9994412065
v 3.577007055 27.78658867 24.58644867
vn 0.01426910702 -0.003954123706 -0.9998903871
v 24.03696632 20.19339371 24.59644699
vn -0.004757176153 0.005200881511 0.9999751449
v 1.76864326 26.68247986 24.58644867
vn 0.6650261283 0.5416756272 -0.5141281486
v 22.74894714 27.0623188 24.58644867
vn -0.0009719629306 0.003879903816 -0.999992013
v 3.451014996 23.39483261 47.51093674
vn -0.1825088412 -0.9066641331 0.3803296983
v 1.925366998 27.81936073 24.58644867
vn 0.003025300335 -0.0005924151046 -0.9999952316
v -0.6526064277 25.44893837 24.58644867
vn 0.002291353187 -0.0172215607 -0.999849081
v -2.403609514 30.20804977 24.58644867
vn -0.6844030023 0.5536226034 -0.4744412899
v -2.207174301 30.82668877 24.58644867
vn -0.01713432185 -0.03236011043 -0.9993293881
v 16.00976944 23.4299984 26.48644829
vn -0.6602256894 0.304305613 0.6866586804
v 1.905340314 27.72905731 24.58644867
vn 0.02466881275 -0.007081875112 -0.9996705651
v 16.34357643 27.6980629 23.88644791
vn -0.7578898668 -0.2604560554 0.5981350541
v 14.1313467 30.70623779 23.88644981
vn -0.3866849542 -0.5922806859 0.7068793178
v 14.90250301 21.89481163 24.58644676
vn -0.1913365871 0.2041607648 -0.960056603
v 16.55856705 25.24153137 26.48644829
vn -0.7134403586 0.07244503498 0.6969609857
v 19.15481567 23.71378899 24.58644676
vn 0.7010160685 -0.05371431634 -0.7111197114
v 13.82322121 30.90552139 24.58644867
vn -0.3993480504 -0.6233240366 -0.672300756
v 5.110041142 25.77010918 24.58644676
vn 0.7570576072 0.0067546512 -0.6533132195
v 7.537515163 30.67576218 24.58644867
vn 0.4310255349 -0.6470494866 -0.6289228797
v 10.17236996 31.68934059 24.58644867
vn 0.06559233367 -0.7141028643 -0.6969611049
v 16.35922241 24.31302834 24.58644676
vn -0.6710318327 0.2236930579 -0.7068788409
v 5.902571201 23.0605545 24.58644676
vn 0.6478850245 0.3581284881 -0.6723012328
v 15.51974106 22.61653137 24.58644676
vn -0.6177673936 0.4720369577 -0.6289233565
v 9.293077469 20.44669151 23.88644791
vn 0.1906151026 0.7537377477 0.628923893
v 8.403618813 20.77944374 23.88644791
vn 0.2918101251 0.6658428311 0.6866586804
v 5.470728874 27.99488449 21.98644829
vn 0.6859211922 -0.2784299552 -0.6723011732
v -2.792730808 26.17245483 24.58644867
vn 0.006729898509 0.002968047513 -0.9999729395
v -4.393436909 19.23014641 24.58644867
vn -0.008698789403 -0.007732697763 -0.9999322891
v 0.5617483854 24.57248497 24.59644699
vn 0.002798763104 0.01691561006 0.9998530149
v 1.327669144 24.31256294 24.59644699
vn 0.05185645819 0.09588094056 0.9940411448
v 1.597111583 21.57890892 24.58644867
vn -0.02384124137 0.0235819798 -0.9994375706
v -0.2476719022 24.63404083 24.59644699
vn -1.512322683e-06 0.0004238818947 0.9999998808
v 2.59004283 28.16934204 47.62549973
vn -0.4784379601 0.7701222301 0.4219109416
v 2.739728928 28.53000641 46.79049683
vn -0.4277181923 0.8945063353 0.1300597191
v 20.12188339 25.83823967 24.59644699
vn -3.262599057e-05 -0.00979647506 0.9999520183
v 7.786990166 24.69299316 25.26762772
vn -0.7685353756 -0.3201959133 -0.5539205074
v 8.192664146 24.76636696 24.76022339
vn -0.6681506038 -0.3010182381 -0.680413723
v 21.78820038 26.7117672 24.58644867
vn 0.7600930333 0.4066325426 -0.5068614483
v 23.17276573 27.12029076 24.59644699
vn -0.001294658403 0.001344466582 0.9999982715
v 20.53887749 32.12282944 24.5964489
vn -0.007987690158 0.01745656319 0.9998157024
v 3.917644024 27.51997185 48.81991959
vn -0.00911241211 0.5412105918 0.8408377171
v 23.73277855 31.40665245 24.58644867
vn 6.124260921e-08 9.092246245e-08 -1
v 3.6626122 27.62903023 48.72709656
vn -0.0988361612 0.5805813074 0.8081811666
v 3.819604874 25.60544395 49.24299622
vn -0.04171572998 -0.1423339993 0.9889392257
v 3.397208929 25.79030228 49.20781326
vn -0.177623257 -0.0836019814 0.9805409908
v 24.56027603 23.68813324 24.58644867
vn 1.673227672e-07 -8.594454215e-08 -1
v 19.94228935 23.70370483 24.58644867
vn -1.629231861e-07 -4.415569421e-08 -1
v 21.52597237 19.30905342 24.58644867
vn 2.574239488e-08 3.169779745e-07 -1
v 16.4464035 30.98010826 24.58644867
vn -0.01317177434 0.00351933809 -0.9999070764
v 25.44365883 24.19132805 24.58644867
vn -1.938384315e-07 1.925996251e-08 -1
v 24.00699234 32.71321106 24.58644867
vn -1.75864816e-08 -3.513535205e-07 -1
v 23.76259995 27.36131096 24.58644867
vn 3.471986076e-08 7.756977993e-08 -1
v 18.89332771 20.29053688 24.58644867
vn -7.568417715e-08 3.485260791e-08 -1
v 21.25823975 31.20725441 24.5964489
vn 0.003072939115 0.01381592732 0.9998998046
v 25.17421532 28.78060341 24.58644867
vn 2.634162115e-07 -3.167281903e-08 -1
v 3.548970461 26.71153641 49.1444931
vn -0.1327657849 0.2623407245 0.9557983875
v 21.56337166 31.08047104 24.5964489
vn 0.0216318015 0.03405480087 0.9991858602
v 22.1390934 24.08182907 24.58644867
vn 0.0002077971003 -0.01252911333 -0.9999215007
v 22.8363781 24.00343132 24.58644867
vn -0.002885896247 -0.01339366194 -0.9999061227
v 2.568626642 27.90000725 48.00076675
vn -0.4854082465 0.6771705747 0.553008914
v 1.963959217 27.81156731 45.53321075
vn -0.6883941889 0.6591404676 -0.3027330041
v 24.39071465 26.2058239 24.58644867
vn 0.0371568948 -0.0004083783715 -0.999309361
v 17.74824142 23.02215767 24.58644867
vn -0.011917945 0.005501754116 -0.9999138713
v 2.09697628 28.10923767 46.07349777
vn -0.672102809 0.7295709848 -0.1265069395
v 20.53921318 27.99440384 24.58644867
vn -0.007539139129 0.01764197834 -0.9998159409
v 20.06318474 29.25197411 24.5964489
vn -0.01795873232 0.0529676713 0.9984347224
v 24.39072609 28.49208641 24.58644867
vn 0.003474052064 0.003608838189 -0.999987483
v 19.90888214 29.05306625 24.58644867
vn -0.05680021271 0.0101777548 -0.9983336926
v 21.14949608 27.0996685 24.58644867
vn 0.1599743217 0.9583604336 -0.2365449965
v 1.6900208 26.76002693 24.58644867
vn 0.06067819893 0.06746273488 -0.9958749413
v 20.92042351 28.12353706 24.58644867
vn -0.004804351367 0.01846433803 -0.9998179674
v 1.13839674 27.19809532 24.58644867
vn 7.134925909e-06 -0.009003720246 -0.9999594688
v 21.25824547 27.07904816 24.58644867
vn 0.001165413996 0.004557714798 -0.9999889135
v 3.540525198 23.92784309 48.35451126
vn -0.1520588696 -0.7225963473 0.6743386388
v 1.792439461 27.47676849 24.58644867
vn 0.3684630096 -0.2710773647 -0.8892424107
v 3.698286057 23.63992882 48.028862
vn -0.09629813582 -0.8221980333 0.5609964728
v -2.530305862 29.85659409 24.58644867
vn -0.02287471294 0.002792028012 -0.9997344613
v -2.339974642 30.27798271 24.58644867
vn -0.2729355097 0.3141128421 -0.9093070626
v 15.51974106 22.61653137 26.48644829
vn -0.6428817511 0.4372166693 0.6289234161
v -2.423978806 26.73427582 24.58644867
vn -0.06613373756 0.06422679871 -0.9957415462
v 15.8366127 23.1064682 23.88644791
vn -0.7049287558 0.3811952472 0.5981351137
v 12.4193306 31.51360321 23.88644981
vn -0.1906145364 -0.7537381053 0.6289236546
v 13.3087883 31.18085098 23.88644981
vn -0.2918108702 -0.6658420563 0.6866590977
v 14.59344482 30.34999084 24.58644867
vn -0.4765800238 -0.5270652175 -0.7036147714
v 14.8645668 30.10270882 23.88644981
vn -0.4855148494 -0.5277497768 0.6969616413
v 13.35675716 20.80233574 24.58644676
vn -0.29795295 0.6631167531 -0.68665874
v 6.450682163 22.28503227 24.58644676
vn 0.5568321347 0.4414341152 -0.7036148906
v 8.355649948 31.15795898 24.58644867
vn 0.2979526818 -0.6631171107 -0.6866585016
v 16.60236549 26.19018364 24.58644676
vn -0.757057488 -0.006755075883 -0.6533133388
v 10.225173 20.26487732 23.88644791
vn 0.02301656082 0.2788569927 0.9600567818
v 14.31388569 18.10310555 23.88644791
vn 0.1558362246 -0.6855825186 0.7111200094
v 5.702638149 28.53029633 24.58644867
vn 0.642421484 -0.3402861357 -0.6866585612
v 2.305645466 26.92422676 23.88644791
vn -0.6587731838 0.203848511 0.7241986394
v 16.60406303 25.82323456 23.88644791
vn -0.710581243 -0.0002280166373 0.703615129
v 5.160912037 25.18885231 21.98644829
vn 0.7357676029 0.08159082383 -0.6723012924
v 0.03727400675 20.87088013 24.58644867
vn -0.005054699257 0.03853357211 -0.9992445111
v -2.123438358 30.78857994 24.58644867
vn -0.01578188501 -0.0383201465 -0.9991408587
v 0.7143959999 21.03042793 24.58644867
vn -0.003105716314 0.007748244796 -0.9999651313
v -2.287285089 30.87206459 24.58644867
vn -0.0351428315 -0.05307476595 -0.997971952
v 2.739728928 23.43028641 46.79049683
vn -0.4309562743 -0.8931216002 0.1288816333
v 2.775476217 25.58767891 48.98152161
vn -0.4339565039 -0.1564640254 0.8872433305
v 2.657284975 33.31347656 24.58644867
vn 0.009656546637 0.01381340157 -0.9998579621
v 2.380737066 33.00218964 24.58644867
vn -0.005988822319 0.007921302691 -0.999950707
v -0.1040332094 21.68877411 24.59644699
vn 0.0002033133496 -0.00650333846 0.9999788404
v 22.64649391 27.03096008 24.59644699
vn -0.00298695988 0.00783058349 0.9999648929
v 7.463304996 24.65400505 25.8343029
vn -0.8486257195 -0.3309074342 -0.4127161801
v 20.03286552 25.850317 24.59644699
vn -0.02452708222 -0.09054793417 0.9955900311
v 19.90353394 24.36390686 24.58644867
vn -0.005174838006 0.001409213175 -0.9999856353
v 19.94861221 27.28105736 24.59644699
vn -0.01476618648 0.003285256447 0.9998855591
v 19.64713669 24.36388206 24.58644867
vn 0.008369981311 0.001062904135 -0.999964416
v 19.64712334 28.40218353 24.58644867
vn 0.02026336268 -0.00414832402 -0.9997860789
v 21.31379128 28.46644592 24.5964489
vn -0.0004684276064 -0.001740110223 0.9999983907
v 21.89071465 29.96644592 24.5964489
vn 0.003076682333 -0.006078025326 0.9999768138
v 22.8534832 31.213871 24.58644867
vn -0.1721549332 0.9600043893 -0.2208035439
v 23.49099159 23.75226593 24.59644699
vn -0.003025629558 -0.005232404917 0.999981761
v 24.38677406 30.2405014 24.5964489
vn 0.06329718232 -0.005747423507 0.9979781508
v 24.33185768 30.06310272 24.5964489
vn 0.501210928 -0.31420964 0.8062629104
v 3.057566166 26.43731117 49.08419418
vn -0.30714342 0.1855499893 0.9333992004
v 3.290972948 26.84996414 49.0505867
vn -0.2257443815 0.3146981001 0.9219569564
v 19.60825348 21.41586494 24.59644699
vn 0.00122698932 0.000163180579 0.9999992251
v 3.470287085 27.25625038 48.92171478
vn -0.1648008674 0.4523792863 0.8764665723
v 25.06689262 28.27519417 24.58644867
vn 1.57884017e-07 -9.169330184e-08 -1
v 23.64843178 30.52424049 24.58644867
vn -4.096154527e-08 1.797603346e-07 -1
v 23.76850319 19.97136879 24.58644867
vn -0.0423303619 0.05628567189 -0.9975169301
v 22.12911606 19.46644783 24.58644867
vn -0.007902840152 0.3512120545 -0.9362626076
v 21.81406593 19.48156738 24.58644867
vn 0.004937946331 0.05933121219 -0.9982261658
v 20.00243378 23.05292702 24.58644867
vn 0.007593342569 -0.00503322389 -0.9999585152
v 21.72595978 30.93138695 24.5964489
vn 0.05916216224 0.04966678098 0.9970120788
v 21.89071465 30.41416168 24.5964489
vn 0.02068571001 0.0003570242552 0.9997859597
v 22.54777527 31.11764908 24.5964489
vn -0.01533003524 0.02938587405 0.9994505644
v 20.04385757 31.67312622 24.5964489
vn -0.01377175655 0.006640667561 0.9998831153
v 24.64712334 28.49208641 24.5964489
vn -0.003425192088 0.000740502961 0.9999938607
v 20.41798592 32.06389999 24.5964489
vn -0.00950919278 0.01636385918 0.999820888
v 2.460421562 28.39529228 46.20578766
vn -0.5465555191 0.8335425258 -0.0805227533
v 20.15245819 20.29515839 24.58644867
vn 0.01393018663 0.01303536072 -0.999818027
v 2.254269838 27.98918343 47.50328445
vn -0.596617043 0.7074508071 0.3788951039
v 24.212883 25.12529564 24.58644867
vn 0.02409862354 0.09186823666 -0.9954795241
v 2.29394722 28.16288567 45.6533165
vn -0.5701726675 0.7793887854 -0.2597234547
v 2.2741642 27.74201393 47.89359665
vn -0.589343369 0.6223056912 0.5151796341
v 21.56337547 31.08046913 24.58644867
vn 0.05474152789 0.07765892893 -0.9954760075
v 3.197537661 26.39169312 49.13513947
vn -0.2507145107 0.1647559404 0.9539380074
v 3.42550683 26.79243469 49.09955597
vn -0.1771600395 0.2927292287 0.9396403432
v 20.15293312 25.13311195 24.59644699
vn -2.642450454e-05 0.005868319888 0.9999827743
v -2.53302002 31.33693695 24.58644867
vn -0.02024183795 -0.001051838626 -0.9997945428
v 19.90353394 26.06364059 24.58644867
vn -0.02442675456 -0.0001500391227 -0.9997016191
v -2.750288486 23.80954361 24.58644867
vn 0.04122455046 -0.01198335923 -0.9990780354
v -2.479925394 21.93035507 24.58644867
vn 0.06794705987 0.0477280952 -0.9965466261
v -1.808190584 21.27297974 24.59644699
vn 0.002701944904 0.003973468207 0.9999884367
v 21.0396347 27.11307144 24.58644867
vn 0.000527379103 0.005117822904 -0.9999867678
v 2.243337631 22.78837967 24.58644867
vn -0.04725358635 0.006507298443 -0.9988617301
v -2.516155958 29.9501133 24.58644867
vn -0.03390614688 0.007745145354 -0.9993950129
v -2.264888525 26.87457275 24.58644867
vn -0.02187400497 0.02699210122 -0.9993963242
v -1.336246967 25.28486633 24.58644867
vn 0.006059992127 -0.01472282317 -0.9998732209
v -2.061259985 21.4609642 24.58644867
vn 0.01755423471 0.02158102766 -0.999612987
v 1.877092719 27.64093208 24.58644867
vn 0.04857824743 -0.01956028119 -0.9986278415
v 2.207256317 26.17255211 24.58644867
vn -0.01201667544 0.0008010088932 -0.9999274611
v -2.507209301 31.15509796 24.58644867
vn -0.08471509069 -0.0212477725 -0.996178627
v -2.346354485 26.80657387 24.58644867
vn -0.03663984314 0.04154799134 -0.9984644651
v -2.856846333 23.11556435 24.59644699
vn 0.009974643588 -0.0002661318285 0.9999502301
v 14.63367844 21.64503479 21.98644829
vn -0.4814207554 0.584307909 -0.6533133388
v 16.24167824 23.96541023 21.98644829
vn -0.6859213114 0.278429538 -0.6723012328
v 15.29569435 22.32591248 23.88644791
vn -0.2202836573 0.1713398844 0.96026963
v 16.49984169 24.8793087 21.98644829
vn -0.6934151649 0.1552455723 -0.703615129
v 8.740343094 20.63359261 24.58644676
vn 0.3153566718 0.736739099 -0.5981351137
v 9.597298622 31.59064293 23.88644981
vn 0.1786894053 -0.7046771646 0.68665874
v 8.691011429 31.30691338 23.88644981
vn 0.2843412459 -0.6476663351 0.7068793178
v 16.24167824 23.96541023 23.88644791
vn -0.7002446651 0.2401424348 0.6723012924
v 16.48942566 27.13310623 24.58644676
vn -0.2748467624 -0.04838808626 -0.9602696896
v 16.2228241 28.04457855 24.58644676
vn -0.7556216121 -0.2669655085 -0.5981348753
v 15.80983639 28.89974022 24.58644867
vn -0.6478860378 -0.3581278622 -0.6723005772
v 15.26172638 29.67526245 24.58644867
vn -0.5568324327 -0.4414339662 -0.7036147118
v 16.55149651 26.77144051 23.88644791
vn -0.730142355 -0.1220809519 0.6723008156
v 19.40676117 25.03606796 23.88644791
vn 0.6587733626 -0.20384866 0.724198401
v 6.416713238 29.63438034 23.88644981
vn 0.2202831805 -0.1713399142 0.9602697492
v 5.875794888 28.85382652 23.88644791
vn 0.7049286962 -0.3811959922 0.5981346965
v 5.726430893 23.38246918 23.88644791
vn 0.2453952879 0.1329031587 0.9602696896
v 5.108345032 26.13706017 21.98644829
vn 0.7095102072 -0.03899532184 -0.7036153674
v -2.362121344 30.92550468 24.58644867
vn -0.1233781949 -0.1363031119 -0.9829543829
v 2.864068985 23.34842491 46.35269928
vn -0.3827221096 -0.9236358404 -0.02050859854
v 3.100264788 23.30189896 45.94678879
vn -0.3231214583 -0.930991888 -0.1698428839
v 8.403618813 20.77944374 21.98644829
vn 0.3281194866 0.6487197876 -0.68665874
v 3.744691133 23.14645576 46.67321777
vn -0.07254069299 -0.9930311441 0.09288135171
v 3.59295845 23.23460007 47.10104752
vn -0.131995663 -0.9623295665 0.2376949638
v 2.207098246 30.72373581 24.58644867
vn -0.0006438639248 -0.01797524095 -0.999838233
v 2.864068985 28.6118679 46.35269928
vn -0.4062398672 0.9133005142 -0.029178055
v 4.151688099 27.3666172 48.90510941
vn 0.07306390256 0.4862747788 0.8707459569
v 2.949596643 28.28652 47.7563591
vn -0.3520103991 0.810637176 0.4679273963
v 2.883945704 28.00276947 48.11553574
vn -0.3742626905 0.7125531435 0.5934605598
v 24.39071465 28.98587608 24.5964489
vn 0.03774067014 0.0007709554629 0.9992872477
v 20.11559677 27.66553307 24.59644699
vn -0.01275977399 0.008446163498 0.9998829365
v -0.2476615161 24.63404083 24.58644867
vn 4.127465581e-05 0.006798186339 -0.9999768734
v -1.32927084 21.78225899 24.58644867
vn -0.06375666708 -0.2673737407 -0.9614813328
v 23.49097633 23.75227356 24.58644867
vn -0.02171010524 -0.0417910628 -0.9988904595
v 24.12429237 29.2613163 24.58644867
vn 4.09971617e-05 0.01090584788 -0.9999405146
v 24.212883 29.25349998 24.58644867
vn 0.02409809828 0.09186893702 -0.9954794645
v 20.15293312 29.2613163 24.5964489
vn -4.257096953e-05 0.009454977699 0.9999552965
v 24.39071465 28.49208641 24.5964489
vn 0.002485905308 0.0006453968817 0.9999967217
v 20.11559677 31.79373741 24.5964489
vn -0.01276004314 0.008446238935 0.9998829365
v -0.7631038427 31.60936737 24.58644867
vn 0 -6.123234263e-17 -1
v 2.507926941 19.3551445 24.58644867
vn -1.1508694e-09 1.626044792e-07 -1
v -1.472198129 20.77451515 24.58644867
vn -1.028252754e-07 -2.586586731e-07 -1
v 0.3773871958 32.32289124 24.58644867
vn -1.802366478e-09 -2.605113423e-07 -1
v -1.47290957 29.268013 24.58644867
vn -1.101974973e-07 4.014228949e-08 -1
v -2.792743683 27.3353157 24.59644699
vn 0.004341931082 -0.004593169782 0.9999800324
v 1.829407692 21.83844566 24.59644699
vn -0.004527098499 0.003633840941 0.9999831319
v 1.580691457 20.04613686 24.58644867
vn 5.896366417e-08 1.06837895e-07 -1
v 23.06585503 27.11349869 24.58644867
vn -0.04030255228 0.5216875076 -0.8521841764
v -2.536334276 26.17245483 24.59644699
vn -0.0009126188816 0.002067363355 0.999997437
v -2.424754143 26.73482132 24.59644699
vn -0.07013435662 0.06081938744 0.9956817627
v 20.22552681 23.32538033 24.59644699
vn 0.01107529271 -0.01121781766 0.9998757243
v 18.33155251 25.37264824 24.58644867
vn -0.01580229774 0.001716051833 -0.9998736382
v 24.26157379 25.87411118 24.58644867
vn 0.08458333462 -0.1781618297 -0.9803591371
v 2.647579908 28.38119507 47.21850967
vn -0.459051609 0.8432397246 0.2796755433
v 2.348637819 28.32016754 46.6481514
vn -0.5649424195 0.8212317824 0.08011492342
v 17.74827576 28.93807411 24.5964489
vn -0.002397317439 -0.001106692362 0.9999965429
v -2.061275005 21.46097565 24.59644699
vn 0.003105427837 0.003491562093 0.9999890924
v -0.3107526004 20.85194397 24.58644867
vn -0.0003865977342 0.01718230546 -0.9998522997
v -0.62582165 20.86706352 24.59644699
vn 0.001259043231 0.01060538646 0.9999429584
v -1.533520699 21.11800194 24.59644699
vn 0.002314588986 0.004537296481 0.9999870062
v 2.271357536 23.1356163 24.58644867
vn -0.04784914479 -0.001281861798 -0.9988537431
v 21.36455536 27.04826355 24.58644867
vn 0.00568983797 0.01566164754 -0.9998611808
v 1.290917397 26.9343338 24.58644867
vn 0.002068467438 0.014177409 -0.9998973608
v 3.964108229 23.02229118 24.58644867
vn 0.01150359586 0.004572256934 -0.9999233484
v 2.008191824 25.3292675 48.38955688
vn -0.6934181452 -0.2263305038 0.6840655804
v 2.594192982 25.82660294 48.9155426
vn -0.5045589209 -0.05620482937 0.8615458608
v 3.380852699 26.58764839 24.58644867
vn 0.01852293871 -0.00201134081 -0.9998264313
v 2.234656811 25.6770916 48.66612244
vn -0.6181423664 -0.1041544229 0.7791353464
v 1.601444006 26.82603455 24.58644867
vn 0.4815557003 0.721575141 -0.4974267781
v 15.29569435 22.32591248 21.98644829
vn -0.210489884 0.1832382083 -0.96026963
v -2.637545824 22.20348358 24.59644699
vn 0.004709760193 0.002189249964 0.9999865294
v 16.49984169 24.8793087 23.88644791
vn -0.7009273171 0.116733022 0.7036151886
v 7.889186859 21.05477333 24.58644676
vn 0.3993479311 0.6233235002 -0.6723012924
v 7.843784809 30.87788582 23.88644981
vn 0.3924140036 -0.6002131701 0.6969615221
v 7.118962765 21.61030388 24.58644676
vn 0.4765800536 0.5270648599 -0.7036150098
v 7.078730106 30.31525993 23.88644981
vn 0.5129404068 -0.5568427444 0.6533132792
v 5.212564945 27.08098602 23.88644791
vn 0.7009272575 -0.1167323813 0.7036153078
v 5.470728874 27.99488449 23.88644791
vn 0.7002445459 -0.2401428819 0.6723012328
v 5.160912037 25.18885231 23.88644791
vn 0.7301419377 0.1220802143 0.6723014116
v 6.847840786 21.857584 23.88644791
vn 0.4855152369 0.5277497768 0.6969613433
v 7.581060886 21.25405502 23.88644791
vn 0.386684984 0.5922807455 0.7068792582
v 5.763328075 19.0471859 23.88644791
vn -0.5158137679 -0.4777493775 0.7111200094
v 15.98597717 28.57782364 23.88644791
vn -0.2453953922 -0.1329031736 0.9602696896
v 7.398520947 33.85718918 23.88644981
vn -0.1558361948 0.685582459 0.711120069
v 15.94908047 32.91310883 23.88644981
vn 0.5158137083 0.4777492583 0.7111201286
v 11.48723507 31.6954155 23.88644981
vn -0.0230164323 -0.2788572311 0.9600567222
v 10.53792572 31.72133064 23.88644981
vn 0.06445095688 -0.7747911215 0.6289235353
v 16.55149651 26.77144051 21.98644829
vn -0.7357678413 -0.08159099519 -0.6723009348
v 2.475893259 25.29726601 48.75392532
vn -0.5328950882 -0.2442467362 0.810164392
v 4.015891552 23.13014603 46.28005219
vn -0.007096220274 -0.9984725118 -0.05479349196
v 2.721929073 25.13605309 48.84347534
vn -0.4444204867 -0.3048115969 0.8423659205
v 3.322588444 23.62294388 47.89212036
vn -0.228243202 -0.8275039792 0.512973845
v -2.616993666 24.13548088 24.59644699
vn 0.01245859638 -0.006583702285 0.9999006987
v 2.676301718 28.4479332 45.79248047
vn -0.4341233969 0.8759811521 -0.2102235258
v 3.451014996 28.56546211 47.51093674
vn -0.1770558357 0.9069102407 0.3823153973
v 21.83513641 26.61157036 24.59644699
vn 0.4067718387 0.1674646437 0.8980491161
v 21.72595978 26.8031826 24.59644699
vn 0.05916117132 0.04966581985 0.9970121384
v 21.4401989 24.00305367 24.58644867
vn 0.01109226607 -0.04226522893 -0.9990448356
v -1.720605373 21.90322304 24.58644867
vn -0.01369178388 -0.03091046587 -0.9994283915
v 19.98185539 25.08563423 24.58644867
vn -0.3134498596 0.4501673281 -0.8361211419
v 21.31379128 28.21003532 24.59644699
vn -0.001187343267 0.001013856148 0.9999988079
v -2.54285121 22.76486778 24.59644699
vn -0.005984567106 -0.00200415263 0.999980092
v 19.82286644 22.74996567 24.58644867
vn 0.02844760194 -0.01329245884 -0.9995068908
v 24.45689774 20.74647713 24.58644867
vn -0.06854657829 0.03445389494 -0.9970527887
v 20.4187355 32.06348801 24.58644867
vn -0.008912084624 0.01668572798 -0.9998210669
v 24.64712334 24.36400032 24.58644867
vn -0.02368408628 0.001280044904 -0.9997186661
v 21.05082512 32.28376007 24.58644867
vn -0.004151319154 0.01841850765 -0.9998217225
v 20.10619545 32.73014832 24.58644867
vn 0.0005042255507 0.09178268909 -0.9957789183
v 24.35670853 29.15926552 24.5964489
vn 0.5065948963 0.3488629162 0.7884518504
v -2.636411905 25.51690865 24.58644867
vn -1.660931304e-07 -9.394027245e-08 -1
v 19.90895271 24.9248333 24.59644699
vn -0.1019522399 0.01211187709 0.9947155714
v 3.063555241 30.16190338 24.58644867
vn 4.868525139e-08 -1.480525302e-08 -1
v -3.160539865 25.7452774 24.58644867
vn -1.613639711e-07 -1.004749848e-07 -1
v -0.4839882255 27.79579544 24.58644867
vn 1.09674005e-07 -3.82902634e-08 -1
v 2.967304707 20.83044434 24.58644867
vn 0 -6.123234263e-17 -1
v 2.923303604 28.11500359 24.58644867
vn 1.496417035e-08 5.016818605e-08 -1
v -2.41650939 20.29424095 24.58644867
vn 0 -6.123234263e-17 -1
v 0.3808596432 20.92930794 24.59644699
vn -0.001619163901 0.007582226768 0.9999699593
v -2.346390247 26.80662537 24.59644699
vn -0.02798159607 0.03186956048 0.9991002679
v -0.5339272618 31.29556274 24.58644867
vn -1.795454452e-08 1.911038652e-07 -1
v 22.95932007 27.10234642 24.58644867
vn -0.09366723895 0.7662336826 -0.6356983781
v 1.328620076 21.35685158 24.59644699
vn -0.003259307006 0.004779078998 0.9999832511
v 2.207256317 30.72373581 24.5964489
vn -0.0003457159037 -0.002412678674 0.9999970198
v 19.95582199 30.0234623 24.58644867
vn -0.4110068083 -0.3257193565 -0.8514577746
v 22.16850853 30.62705994 24.58644867
vn -0.03131755814 0.007451498881 -0.9994817376
v 18.33156395 26.58752823 24.58644867
vn -0.01718366332 -0.0009287418798 -0.9998519421
v 19.58302116 21.7300663 24.59644699
vn 0.002459953539 -6.563346687e-05 0.9999969602
v 19.05512047 18.64681435 24.59644699
vn -0.009060144424 -0.0107583683 0.9999010563
v -2.831610441 22.80134392 24.58644867
vn 0.01609708183 0.003004846163 -0.9998658895
v 17.18029404 21.94828796 24.59644699
vn -0.002082195133 0.001249473891 0.9999970794
v 4.904424191 24.82152367 48.85092926
vn 0.3296854198 -0.4115308225 0.8496763706
v -2.757707596 22.49496651 24.58644867
vn 0.02334353141 0.0082478486 -0.9996934533
v 5.436914921 26.9519577 48.66167068
vn 0.5192855597 0.3376969695 0.7850498557
v -1.808173776 21.27297211 24.58644867
vn 0.008349537849 0.01345475204 -0.9998745918
v 0.7323195934 25.28553581 24.58644867
vn -0.00760377245 -0.02124047466 -0.9997454882
v -0.6258024573 20.86706352 24.58644867
vn 0.001252617338 0.01505075302 -0.9998859167
v 20.12187767 25.83824158 24.58644867
vn -0.0001238578843 -0.009984615259 -0.9999501705
v 1.322951078 27.21118546 24.58644867
vn 0.003023142926 -0.02137968503 -0.9997668862
v -2.792743683 31.42879868 24.58644867
vn 0.01525619067 -0.001173367025 -0.9998829365
v 1.773403645 25.13912964 48.03948212
vn -0.7733242512 -0.2921546102 0.5626857281
v -2.637536049 22.20346832 24.58644867
vn 0.06767550856 0.03517288342 -0.9970871806
v 1.964788079 24.14769173 45.53351212
vn -0.7148873806 -0.6255842447 -0.3123784959
v 1.502110481 27.25644302 24.58644867
vn 0.03090678528 -0.08717582375 -0.9957134128
v 2.294379234 25.5364933 48.68785858
vn -0.5973484516 -0.155793801 0.7867039442
v 1.612783551 24.71860313 24.58644867
vn -0.005395499989 -0.005613362882 -0.9999696612
v -2.179595709 26.94168472 24.58644867
vn -0.0002192703105 0.02224218845 -0.9997525811
v -1.336230993 25.28487396 24.59644699
vn 0.002740504919 -0.007635626942 0.9999670982
v 13.02139568 20.65338135 21.98644829
vn -0.2481561005 0.6623746753 -0.7068793178
v 14.63367844 21.64503479 23.88644791
vn -0.5129404664 0.5568426847 0.6533133388
v 12.11510754 20.36965179 23.88644791
vn -0.1786889881 0.7046769857 0.6866589785
v 10.53792572 31.72133064 21.9864502
vn 0.02158506773 -0.7771675587 -0.6289234757
v 11.48723507 31.6954155 21.9864502
vn -0.03837403655 -0.2771614194 -0.9600567818
v 7.398520947 33.85718918 21.9864502
vn -0.3991615176 0.5787730813 -0.7111201286
v 15.48845005 29.38672829 21.98644829
vn -0.6220673919 -0.4315247834 -0.653313458
v 15.94908047 32.91310883 21.9864502
vn 0.3016514182 0.635070622 -0.711120069
v 5.108345032 26.13706017 23.88644791
vn 0.710581243 0.000228616278 0.703615129
v 5.368831158 24.26222992 23.88644791
vn 0.7578897476 0.2604560554 0.5981352925
v 16.00976944 23.4299984 24.58644676
vn -0.6424216628 0.3402855992 -0.6866586208
v 6.223958015 22.57356453 23.88644791
vn 0.5972990394 0.4652047455 0.6533133984
v 15.48845005 29.38672829 23.88644791
vn -0.5972986817 -0.4652049541 0.6533135772
v 16.60406303 25.82323456 21.98644829
vn -0.7095105052 0.03899633139 -0.7036150694
v 9.293077469 20.44669151 21.98644829
vn 0.2319298834 0.7420669794 -0.6289237738
v 2.665585756 25.69060135 48.94152451
vn -0.4773239791 -0.112793833 0.8714581728
v 2.716414928 25.63416481 48.96002579
vn -0.4573880732 -0.1365889311 0.8787147403
v 2.592463732 25.20551682 48.79635239
vn -0.4910863638 -0.2785318792 0.8253812194
v 2.841068983 25.55248451 49.0053978
vn -0.4076879621 -0.17184861 0.8968046308
v -2.214341164 24.71087646 24.59644699
vn 0.005612545647 -0.005684765521 0.9999681115
v 2.207256317 26.17245483 24.59644699
vn -0.002566899639 0.0006844550371 0.9999964833
v 3.667660713 27.1718483 48.99355698
vn -0.09491931647 0.4213845432 0.9019010067
v -1.720594287 21.90321732 24.59644699
vn -0.2953598201 -0.7397657037 0.6045736074
v -0.3007568121 25.46732712 24.59644699
vn -3.332296546e-05 -0.001740361797 0.9999985099
v 17.18029404 30.01200676 24.5964489
vn -0.002564085415 -0.001734169549 0.9999952316
v 20.6639843 28.04392052 24.58644867
vn -0.006430010311 0.01816782169 -0.9998142719
v 22.2998867 26.78929138 24.58644867
vn -0.1384217888 0.112326771 -0.9839828014
v 20.92028999 28.12358475 24.59644699
vn -0.005045319907 0.01840811595 0.9998178482
v -1.527473211 21.83428383 24.59644699
vn -0.01770496555 -0.06033790112 0.9980210066
v -2.075833321 22.10610962 24.59644699
vn -0.07409950346 -0.101347439 0.9920876622
v -0.9247148633 21.71644783 24.59644699
vn -0.001168813091 -0.01118276082 0.9999367595
v 24.2692852 20.4529686 24.58644867
vn -0.01372478344 0.009849524125 -0.9998573065
v 23.17276573 31.24850464 24.58644867
vn -0.01075685117 0.002935651224 -0.9999378324
v 24.68320465 21.40286255 24.59644699
vn -0.00836233981 0.001637442969 0.9999637008
v 22.14712334 29.966465 24.58644867
vn -0.005811959039 -0.01254003216 -0.9999044538
v 20.9204216 32.25174332 24.58644867
vn -0.004804534838 0.01846475154 -0.9998179674
v 19.89800262 32.74777222 24.58644867
vn 0.01143799722 0.05727716535 -0.9982928038
v 24.38386345 29.07461739 24.5964489
vn 0.2481185198 0.05885409191 0.9669402242
v 2.743597269 30.92948341 24.58644867
vn 1.272799039e-07 5.962314731e-08 -1
v 19.18021393 33.14613724 24.58644867
vn 0.00359068485 0.003191552358 -0.9999884367
v -2.983074903 20.40853119 24.58644867
vn 0 -6.123234263e-17 -1
v 1.56537962 31.90074539 24.58644867
vn 3.307400931e-08 -8.210555791e-08 -1
v 2.151955843 29.15369797 24.58644867
vn 0 -6.123234263e-17 -1
v -3.434899807 26.7992897 24.58644867
vn -1.407422019e-07 -6.699154564e-09 -1
v 2.038159132 19.63149643 24.58644867
vn 7.783400946e-08 1.405051648e-07 -1
v 2.818706036 26.15566826 24.58644867
vn -7.596513996e-08 5.990534674e-13 -1
v 2.657288074 18.64681435 24.59644699
vn 0.004361983854 -0.005505662877 0.9999753237
v -2.264890909 26.87456703 24.59644699
vn -0.01680564322 0.02073362842 0.9996438026
v -3.30561018 27.63051796 24.58644867
vn -1.732267663e-07 4.711210977e-08 -1
v 21.78726196 24.06344223 24.58644867
vn 0.003113586456 -0.02340215072 -0.9997212887
v 2.380742788 18.95810509 24.59644699
vn -0.000410142442 -0.0005425494746 0.9999997616
v 2.016666412 19.16015816 24.59644699
vn -0.001165581169 -0.003645116696 0.9999926686
v 20.03286171 29.97852325 24.58644867
vn -0.07254268229 -0.1729734689 -0.9822513461
v -2.530178308 29.85653305 24.5964489
vn -0.07875730842 0.007353839464 0.996866703
v 1.586473823 27.29430008 24.59644699
vn 0.01324310899 -0.0231201984 0.9996449947
v 20.04388809 31.67368317 24.58644867
vn -0.01477044914 0.007937553339 -0.9998593926
v 2.207256317 32.88575363 24.5964489
vn -0.004046383314 0.006828722544 0.9999684691
v 3.129376411 25.5394516 49.11033249
vn -0.2903088331 -0.1816891432 0.9395263791
v 2.157262325 22.45084572 24.58644867
vn -0.0136771258 0.004298727494 -0.9998972416
v 6.065948009 24.39192009 47.51808548
vn 0.7366472483 -0.5543190837 0.3874031603
v 5.842011929 24.44132423 47.91963577
vn 0.6571416259 -0.5409495234 0.5249176025
v 6.055615902 27.11206055 47.99738312
vn 0.7337144613 0.3950817287 0.5527870059
v 5.769950867 27.04600143 48.35495758
vn 0.6346980929 0.3711985648 0.6777683496
v 1.399330854 26.91414452 24.58644867
vn 0.2462426722 0.8350538611 -0.4919854105
v 2.583896399 24.38002777 48.33447647
vn -0.4894225597 -0.5629256964 0.666018188
v 0.3965100646 25.38892746 24.58644867
vn -0.001371905906 -0.006366223097 -0.9999787807
v -2.491777658 30.04150772 24.58644867
vn -0.07634282857 0.02857441641 -0.9966720939
v -2.287410498 21.68065453 24.58644867
vn 0.004040286411 0.003780808765 -0.9999846816
v 1.691743016 24.49797058 47.29853821
vn -0.7995194793 -0.5174129009 0.3050450385
v 1.996496916 23.9172821 46.51998138
vn -0.6911765337 -0.7218776941 0.03416980058
v 1.780843616 24.68032074 47.71403885
vn -0.7694867253 -0.4535858035 0.4496110976
v 2.624450445 25.75536919 48.92655563
vn -0.4932049215 -0.08572892845 0.8656786084
v 16.35922241 24.31302834 26.48644829
vn -0.682356298 0.1863112301 0.7068790793
v 11.17448139 20.23896217 21.98644829
vn -0.0215857327 0.7771670222 -0.6289240718
v 12.11510754 20.36965179 21.98644829
vn -0.1395190954 0.713465929 -0.6866591573
v 11.17448139 20.23896217 23.88644791
vn -0.06445202231 0.7747905254 0.6289241314
v 13.86862278 21.08240891 21.98644829
vn -0.3586841226 0.6209592819 -0.6969614625
v 13.02139568 20.65338135 23.88644791
vn -0.2843407393 0.6476665735 0.7068793178
v 1.95193696 24.20906448 47.39324188
vn -0.7086071372 -0.6193064451 0.3381351829
v 2.348637819 23.64012527 46.6481514
vn -0.5679160953 -0.819283247 0.07903360575
v -2.83066988 23.46670532 24.58644867
vn 0.04846621305 -0.006155152339 -0.9988058805
v -2.757715702 22.49498367 24.59644699
vn 0.005609607324 0.001662386931 0.9999828935
v -0.9996517301 25.38855362 24.59644699
vn 0.00178770395 -0.008209184743 0.9999647141
v 15.98597717 28.57782364 21.98644829
vn -0.2523572743 -0.1191546842 -0.9602697492
v 2.305645466 26.92422676 21.98644829
vn -0.6873771548 -0.0552181825 -0.7241985798
v 6.416713238 29.63438034 21.98644829
vn 0.2104896754 -0.1832382381 -0.9602696896
v 5.875794888 28.85382652 21.98644829
vn 0.6828119159 -0.4195263982 -0.5981349945
v 5.763328075 19.0471859 21.98644829
vn -0.3016515076 -0.6350705624 -0.711120069
v 5.726430893 23.38246918 21.98644829
vn 0.2523571849 0.1191548929 -0.9602697492
v 6.223958015 22.57356453 21.98644829
vn 0.6220675707 0.4315248728 -0.6533132792
v 10.225173 20.26487732 21.98644829
vn 0.03837438673 0.2771613896 -0.9600567818
v 6.847840786 21.857584 21.98644829
vn 0.5139061809 0.5001451373 -0.6969614625
v 7.581060886 21.25405502 21.98644829
vn 0.4187892377 0.5700327754 -0.7068791986
v 2.375568867 25.40865898 48.71740723
vn -0.5686586499 -0.2029384971 0.797146976
v 3.296303272 23.20755959 46.5100174
vn -0.2304225117 -0.9724543691 0.03518537804
v 3.041929245 23.4505806 47.36204147
vn -0.3259346485 -0.8866225481 0.3281266093
v -1.855023623 30.72793198 24.5964489
vn -0.001691888203 -0.02339148521 0.9997249246
v -1.993796587 30.44067955 24.5964489
vn -0.005775697995 0.02636412904 0.9996356964
v 3.380843163 25.37270737 24.59644699
vn 0.005714794621 0.0006205204409 0.9999834895
v 0.9192119241 21.81933594 24.59644699
vn 0.01786660217 -0.06038725004 0.9980151057
v 0.7323363423 25.28553009 24.59644699
vn -0.003333152737 -0.008132903837 0.9999613762
v 1.267766237 26.89562225 46.25474548
vn -0.9447296858 0.3226583302 -0.05811579525
v 24.39071465 26.73565102 24.58644867
vn 0.004689068068 -0.001134442398 -0.9999883771
v -1.484384894 24.4971714 24.58644867
vn -0.04300674424 0.1550162733 -0.9869753718
v 22.19758606 26.6019001 24.58644867
vn -0.07077261806 0.02768351883 -0.9971082211
v -1.870646119 24.34358978 24.59644699
vn -0.1291094571 0.2330188453 0.9638635516
v 1.887354374 23.74147034 24.58644867
vn 0.1963378936 0.08760759979 -0.9766147137
v 24.59918976 22.44123268 24.58644867
vn -0.0182974562 -0.006620792206 -0.9998106956
v 21.25824547 31.20725441 24.58644867
vn 0.001165471273 0.004557839129 -0.9999889135
v 21.14949417 31.22787285 24.58644867
vn 0.1599636525 0.9583793879 -0.2364753783
v 19.64713478 28.49208641 24.58644867
vn 0.01113464125 0.001414027531 -0.9999369979
v 24.59712982 21.06534958 24.58644867
vn -0.07054594159 0.02217196114 -0.9972620606
v 24.390728 24.36388206 24.58644867
vn 0.002158916555 0.002242850838 -0.999995172
v 20.15309143 29.2613163 24.58644867
vn -2.496234629e-05 0.02147281915 -0.9997694492
v 21.50239754 19.52970695 24.58644867
vn 0.008122157305 0.04187943414 -0.9990896583
v -2.143651247 29.17627525 24.58644867
vn 8.989790246e-08 -1.21117921e-07 -1
v 19.05504227 33.31341171 24.58644867
vn -0.02409443446 0.03041082434 -0.9992470145
v -2.349066734 32.04675293 24.58644867
vn 2.053437598e-08 -8.532673945e-08 -1
v 3.078305006 31.47050285 24.58644867
vn 0 -6.123234263e-17 -1
v 0.8503559828 31.98257065 24.58644867
vn -3.579106078e-08 -1.007220263e-07 -1
v 3.89677906 30.44258881 24.58644867
vn -9.10260809e-08 4.147898736e-08 -1
v -1.808522701 26.28607559 24.58644867
vn 1.335024393e-07 -1.495420143e-08 -1
v -1.848687172 25.61567688 24.58644867
vn 1.037966957e-08 9.429444248e-08 -1
v 1.399325252 26.91414642 24.59644699
vn 0.001936565503 0.008073677309 0.9999655485
v 2.657288074 33.31348038 24.5964489
vn 0.009060828015 0.01075897366 0.9999010563
v 2.822421074 24.4554081 24.58644867
vn -9.907608245e-08 2.386729703e-09 -1
v 19.58302307 21.73004723 24.58644867
vn 0.01448135637 0.0003592420835 -0.9998950958
v 1.838962793 24.44980049 24.59644699
vn -0.009481244721 -0.006482513621 0.9999340177
v 1.597097158 21.57889175 24.59644699
vn -0.003862222889 0.004222443327 0.9999836087
v 2.157256603 22.45082474 24.59644699
vn -0.002669184702 0.001003190293 0.9999959469
v 2.271359205 23.13559532 24.59644699
vn -0.0035019645 9.376459639e-05 0.9999938607
v -2.454280853 30.12802505 24.5964489
vn -0.4161891043 0.2060484588 0.8856244683
v 19.18021774 18.8141613 24.59644699
vn 0.0006080690655 -0.000510340149 0.999999702
v -1.763095737 30.72373581 24.5964489
vn -3.509755516e-06 -0.006718384568 0.9999774098
v 5.568811893 24.53112984 48.28174973
vn 0.5614975691 -0.5106418729 0.6511262655
v 1.947080851 28.00307655 24.59644699
vn 0.0247920882 -0.001430322416 0.9996916056
v 5.000120163 23.89968681 48.07476425
vn 0.3613633513 -0.7314389944 0.5782849789
v 6.257926941 24.42134476 47.09608459
vn 0.7919645309 -0.5630339384 0.2361883521
v 5.29053688 23.47364616 46.74398422
vn 0.4466163218 -0.8878834844 0.1104389951
v 6.286410809 27.14839935 47.59832764
vn 0.8145457506 0.4176310003 0.402615875
v 6.065948009 27.56837273 47.51808929
vn 0.7220625877 0.5767635703 0.3820593655
v 3.434094906 25.94105911 49.221241
vn -0.1604939103 -0.02272541262 0.9867751598
v 4.904424191 27.13876915 48.85093307
vn 0.3346767724 0.4036716223 0.8514931798
v 2.86056304 25.09087181 48.89393234
vn -0.3942694664 -0.3223138452 0.8606191874
v 2.294919014 23.79652596 45.65366745
vn -0.6017347574 -0.7512375712 -0.2712146342
v 2.09697628 23.85105515 46.07349777
vn -0.6531752348 -0.7477099895 -0.1195485815
v 1.261522412 25.11809921 46.71402359
vn -0.9486459494 -0.2996214032 0.1014786884
v 15.26172638 29.67526245 26.48644829
vn -0.5316163898 -0.4714979231 0.7036147714
v 15.80983639 28.89974022 26.48644829
vn -0.6271297336 -0.393344909 0.6723005772
v 16.48942566 27.13310623 26.48644829
vn -0.2717567682 -0.06348599494 0.96026963
v 0.05012505502 25.44804764 24.58644867
vn -0.003950048238 -0.0423868224 -0.999093473
v 1.950846314 28.09552765 24.58644867
vn 0.001698903739 -0.002424921142 -0.9999955893
v 5.265990257 20.98020554 24.58644867
vn 0.01403628848 -0.003749993397 -0.9998944402
v 13.86862278 21.08240891 23.88644791
vn -0.3924136758 0.6002133489 0.6969615817
v 2.677283049 23.51172066 45.79283905
vn -0.4698126018 -0.8540785313 -0.2232174277
v 2.460421562 23.56500053 46.20578384
vn -0.5250180364 -0.8479898572 -0.0725896731
v 1.925367832 27.81936455 24.59644699
vn 0.0860819295 -0.01465197001 0.9961802959
v 1.347052336 24.94834328 24.59644699
vn -0.00689767953 -0.008795038797 0.9999375343
v 3.964131355 23.02222061 24.59644699
vn 0.006198686548 0.002861418063 0.9999766946
v -0.6525888443 25.44894028 24.59644699
vn 0.0008349325508 -0.009029067121 0.9999588728
v -2.750283718 23.80955887 24.59644699
vn 0.01864578016 -0.006504341494 0.9998049736
v -2.437423229 24.43844032 24.59644699
vn 0.009391241707 -0.006931083277 0.9999318719
v 2.207250834 32.88575363 24.58644867
vn -0.02355516516 0.04541728646 -0.9986903667
v 2.657470226 18.64697838 24.58644867
vn 0.01312809624 -0.01656945981 -0.9997765422
v 4.532080173 21.94835281 24.58644867
vn 0.01342885476 0.008058371022 -0.9998773336
v 3.576977491 24.17382622 24.58644867
vn 0.0144583825 0.003174885875 -0.9998904467
v 14.31388569 18.10310555 21.98644829
vn 0.3991616964 -0.5787730813 -0.7111200094
v 19.40676117 25.03606796 21.98644829
vn 0.687377274 0.0552181229 -0.7241984606
v 5.368831158 24.26222992 21.98644829
vn 0.7711113691 0.2182238549 -0.5981351137
v 2.445511341 24.84369278 48.54872894
vn -0.5398597121 -0.4012693167 0.7399556637
v 3.158518076 23.29380417 46.9429245
vn -0.2842440307 -0.9412645102 0.1822811514
v 3.55102706 23.17341232 46.1108551
vn -0.166113466 -0.9796440601 -0.1127111018
v -0.3107733727 20.85194206 24.59644699
vn 0.0001044114251 0.009032988921 0.9999591708
v 2.243319988 23.48573685 24.59644699
vn -0.01042345632 -0.001402486116 0.9999446869
v 0.05014261976 25.44804573 24.59644699
vn -0.001216736971 -0.009233837947 0.9999566078
v 1.326282263 26.76613235 47.16552734
vn -0.9243411422 0.2796324193 0.2596135437
v 1.954231739 22.74190521 24.59644699
vn 0.007977751084 -0.002301411005 0.9999655485
v 1.261522412 26.84219551 46.71402359
vn -0.9468271732 0.3050992191 0.1021408886
v 1.344848633 26.92501259 45.79974747
vn -0.9270985126 0.3150226772 -0.2030985951
v 0.7607236505 24.53129578 24.58644867
vn 0.01139165554 0.04421704635 -0.9989569783
v -2.542854309 22.76488113 24.58644867
vn -0.08781334013 -0.02436038479 -0.9958390594
v -1.484395266 24.49716759 24.59644699
vn -0.02544598654 0.08215214312 0.9962949157
v -2.587123632 22.96465874 24.58644867
vn -0.0588448979 -0.006841216236 -0.9982436895
v -2.467535019 22.57375717 24.58644867
vn -0.5975176096 -0.2748799622 -0.7532686591
v 19.68957901 22.42404366 24.58644867
vn 0.01834597066 -0.005332929082 -0.9998174906
v 23.15426445 19.64493179 24.58644867
vn -0.02267661318 0.05657498911 -0.9981408119
v 20.20402718 31.90353966 24.58644867
vn -0.01239735167 0.01253451221 -0.9998446107
v 24.46241188 22.76480293 24.58644867
vn -0.05183550715 -0.02831450291 -0.99825418
v 23.17267609 31.44080353 24.58644867
vn -0.0006438641576 -0.01502588205 -0.9998868704
v -3.370878696 22.80552864 24.58644867
vn -2.110756299e-07 -4.304289902e-08 -1
v 3.52444911 30.99405289 24.58644867
vn 0 -6.123234263e-17 -1
v 24.29667473 29.22382736 24.58644867
vn 0.3560313284 0.4569038451 -0.8151567578
v -3.186816692 22.31851006 24.58644867
vn -1.384709662e-07 -8.699342402e-08 -1
v 4.537986279 21.25425911 24.58644867
vn -1.805334477e-07 -6.009009468e-08 -1
v 22.24141693 26.69959641 24.59644699
vn -0.1734887362 0.08892583102 0.9808128476
v 4.25017786 30.8163681 24.58644867
vn -1.396764446e-07 1.779065606e-08 -1
v -3.62775898 20.63234329 24.58644867
vn 1.255899349e-07 -9.044708982e-09 -1
v 1.874889016 21.22569275 24.58644867
vn 1.139804411e-07 -1.53195117e-07 -1
v 19.90353394 28.49208641 24.5964489
vn -0.003449216718 0.003757220693 0.9999870062
v 1.606204271 32.73014832 24.5964489
vn -1.750853698e-05 0.003187473863 0.9999949336
v -1.617785811 31.38280678 24.58644867
vn 9.792128708e-08 1.575829316e-07 -1
v 2.497676611 21.52713394 24.58644867
vn 8.672129326e-08 -7.318381989e-08 -1
v -0.6236322522 19.85478592 24.58644867
vn -6.118042961e-09 1.330153054e-07 -1
v 2.017020226 22.13195419 24.59644699
vn -0.0009166877135 0.0005215455312 0.9999994636
v 3.576987982 27.78652954 24.59644699
vn 0.01043868624 -0.00229238579 0.9999428988
v -3.63261199 28.48410797 24.58644867
vn 0 -6.123234263e-17 -1
v 1.814396858 19.21252632 24.59644699
vn -0.0005514103104 -0.003893656889 0.9999922514
v -2.123425722 30.78853798 24.5964489
vn -0.01163008437 -0.03148796782 0.9994364381
v 3.322588444 28.33734894 47.89212036
vn -0.2209677249 0.8278329372 0.515621841
v 4.352652073 25.86696434 49.24287033
vn 0.1432750076 -0.04634606838 0.9885971546
v 6.257926941 27.53894997 47.09608459
vn 0.8133632541 0.528123796 0.243978411
v -2.536334276 31.42886543 24.5964489
vn -0.0001486077381 -0.0002124630846 0.9999999404
v -1.705002904 30.46732903 24.5964489
vn -4.719673143e-06 0.005439327098 0.999985218
v 1.502114415 27.25644302 24.59644699
vn 0.007041088771 -0.01756280661 0.9998209476
v 5.253522873 24.65898323 48.59492111
vn 0.4513545632 -0.4671021402 0.7603253722
v 5.175113201 25.45878792 48.94945145
vn 0.4262850285 -0.1880013198 0.8848370314
v 4.735009193 24.08325386 48.40619659
vn 0.2684016824 -0.6683477163 0.6937375665
v 3.290972948 25.11032867 49.0505867
vn -0.237471506 -0.3185203075 0.9176884294
v 5.238072872 23.77074432 47.69982147
vn 0.4450160861 -0.775575757 0.4477084875
v 5.057688236 23.44758987 47.1511116
vn 0.3857265413 -0.8850523829 0.2605712414
v 5.842011929 27.51897049 47.91963577
vn 0.6590975523 0.5378714204 0.5256279111
v 5.253522873 27.30131149 48.59492111
vn 0.455432266 0.4606828988 0.7618088722
v 2.911309242 25.52959442 49.03096008
vn -0.3793641031 -0.1822870821 0.9071131945
v 4.458710194 23.35257912 47.41615677
vn 0.1715542525 -0.9215968251 0.3481786549
v 4.885477066 23.28456688 46.5965538
vn 0.3033895195 -0.9510818124 0.05829362199
v 1.596179008 24.97107506 47.64682388
vn -0.8338255882 -0.3508464694 0.42619434
v 1.481171966 24.82951355 47.22189713
vn -0.8729445934 -0.4006312788 0.2783204913
v 16.60236549 26.19018364 26.48644829
vn -0.7555303574 -0.04853343591 0.6533133984
v 10.59100914 20.23626518 26.48644829
vn 0.01402316801 0.7569578886 0.6533131599
v 16.2228241 28.04457855 26.48644829
vn -0.7397335172 -0.3082680106 0.5981346965
v 12.97206497 31.32670021 26.4864502
vn -0.2742073536 -0.7530243397 0.5981343389
v 1.950846314 26.17245483 24.59644699
vn 0.0009338246891 0.00116382353 0.9999988675
v -2.856844664 23.11554718 24.58644867
vn 0.006811478641 0.0001689545752 -0.9999768138
v 2.27448988 24.97829628 48.48648071
vn -0.6001476049 -0.3525345623 0.7180126905
v 1.927312851 24.89679909 48.09550095
vn -0.7197051644 -0.3782407045 0.5822013617
v 1.601439238 26.82603645 24.59644699
vn 0.001433912432 0.002411683323 0.9999960661
v 1.145730495 24.40282249 24.58644867
vn 0.0192213878 0.04194775596 -0.998934865
v -1.282338023 24.54681206 24.58644867
vn -0.01954275183 0.09914521873 -0.9948810339
v 3.576987982 24.17376518 24.59644699
vn 0.007494907361 0.00207672175 0.9999697804
v 2.159329414 23.82670784 24.59644699
vn -0.00348253781 -0.001055618864 0.9999933839
v 1.322955966 27.21118546 24.59644699
vn 0.003217135789 -0.01901820861 0.9998139739
v 1.877094269 27.6409359 24.59644699
vn 0.8917087317 -0.3219264746 0.3181491792
v 1.413731694 27.22908211 24.59644699
vn 0.005544928368 -0.02042878978 0.9997759461
v -1.857247233 27.19809532 24.59644699
vn -0.003337887581 0.001100533991 0.9999938011
v -2.491459846 30.04122162 24.5964489
vn -0.8594543338 0.2746728063 0.4311531484
v -2.45418191 30.1282196 24.58644867
vn -0.08295986801 0.0467441678 -0.9954559803
v -2.525173426 31.24522972 24.58644867
vn -0.04573860765 -0.005648680031 -0.9989374876
v -2.536344767 31.42886543 24.58644867
vn -0.0008352606092 -0.004693733528 -0.9999886155
v -2.426818848 30.99110031 24.58644867
vn -0.2866929471 -0.2135447115 -0.9339196086
v -2.792743683 27.33525848 24.58644867
vn 0.008350052871 -0.006009921432 -0.9999470711
v -1.533503175 21.11799431 24.58644867
vn 0.02209034748 0.0482122153 -0.9985927939
v 2.207268476 19.07453156 24.58644867
vn -0.0081585804 -0.01377014816 -0.9998719096
v -1.951084256 24.94469261 24.59644699
vn 0.006593031809 -0.009137750603 0.9999365211
v 2.38075304 18.95809364 24.58644867
vn -0.02491689287 -0.02935736626 -0.999258399
v 2.207256317 30.43928146 24.5964489
vn -0.003469253192 0.004167543259 0.9999852777
v -2.830668449 23.4667263 24.59644699
vn 0.002200628864 -0.000396835414 0.9999974966
v 1.49916172 26.95453644 45.36403656
vn -0.858355999 0.3618436456 -0.3637226224
v 3.149236917 26.88247108 48.99900055
vn -0.2771053016 0.3276100457 0.9032631516
v 23.17276573 27.31259918 24.59644699
vn -0.0003549561661 -0.002070680959 0.9999977946
v 1.959966183 23.5512352 24.58644867
vn 0.04717586935 0.01260092482 -0.9988071322
v -1.127888322 21.74376678 24.58644867
vn -0.1005484685 -0.5841262341 -0.8054108024
v -1.077400804 24.58230019 24.59644699
vn -0.002551618498 0.01651704125 0.9998603463
v -2.456738472 23.77084732 24.58644867
vn -0.5804789662 0.3209122419 -0.7483711839
v -2.209103346 24.10337067 24.58644867
vn -0.03887370601 0.04238913953 -0.9983446002
v 0.9561377764 24.47591591 24.58644867
vn 0.01552786585 0.04426524043 -0.9988991022
v 21.31379128 28.21004868 24.58644867
vn -0.003536994336 0.0008640594897 -0.9999933839
v 20.53921318 32.12260818 24.58644867
vn -0.007539270911 0.01764230803 -0.9998159409
v 22.74894524 31.19052505 24.58644867
vn -0.0008323923685 0.003322433447 -0.9999941587
v 20.92918205 31.24849701 24.58644867
vn 0.001864306745 0.001992068021 -0.9999963045
v -2.231272936 20.89786911 24.58644867
vn -5.046697282e-08 -1.326885695e-07 -1
v 3.773817062 29.77099037 24.58644867
vn -1.625730874e-07 8.746442148e-08 -1
v 1.332322598 20.76909065 24.58644867
vn 1.149962046e-07 -1.304794637e-07 -1
v -3.062007904 23.98116684 24.58644867
vn -1.339912927e-07 8.72860042e-08 -1
v 2.162910461 24.48584557 24.58644867
vn 1.965564564e-07 1.124421374e-07 -1
v 2.602496862 20.20952606 24.58644867
vn 0 -6.123234263e-17 -1
v 3.170084476 20.07024956 24.58644867
vn -6.730945756e-08 8.575326405e-08 -1
v 2.58489275 22.92651558 24.58644867
vn 2.344127239e-07 -2.505121444e-08 -1
v 3.920496225 20.46389771 24.58644867
vn -1.537767389e-07 1.738526834e-07 -1
v 1.670261502 25.47053528 24.58644867
vn 1.094262458e-07 -4.474090431e-08 -1
v -2.792743683 26.17245483 24.59644699
vn 0.0007922006771 8.731088019e-05 0.999999702
v -2.791319132 22.07176399 24.58644867
vn -2.882953538e-07 -7.733243734e-08 -1
v 1.883666396 26.49493599 24.59644699
vn 0.2068178058 0.09362336993 0.9738896489
v 2.532190323 33.14613342 24.5964489
vn -0.0006926722126 0.0005811651936 0.9999995828
v 3.59295845 28.72569275 47.10104752
vn -0.1285075545 0.962487638 0.2389630973
v 2.9549191 23.54886818 24.58644867
vn -4.617456639e-08 -4.730845404e-08 -1
v 4.196332932 28.79342079 46.83760452
vn 0.06018499285 0.9879570007 0.1425436437
v 3.211048126 28.04734612 48.23459244
vn -0.2590921521 0.7274365425 0.6353796721
v -2.792743683 31.42886543 24.5964489
vn 0.005551458336 -0.001708030351 0.9999831319
v -2.087810755 30.41747665 24.5964489
vn -0.009608189575 0.02888738923 0.9995365143
v 1.938629985 27.91095734 24.59644699
vn 0.03658865392 -0.004001196008 0.9993224144
v -2.178427696 30.38329124 24.5964489
vn -0.01572163217 0.03243000805 0.999350369
v 4.316703796 25.64385605 49.22978592
vn 0.1295234114 -0.1255760342 0.9835925698
v 4.756286144 25.54561806 49.12516403
vn 0.2810909748 -0.1587336659 0.9464626312
v 5.175113201 26.5015049 48.94945526
vn 0.4285306633 0.1788199246 0.8856551051
v 3.361382484 25.72205544 49.19477463
vn -0.1931739002 -0.1108657867 0.9748808146
v 3.74889493 25.47074127 49.21725845
vn -0.06836520135 -0.1908282787 0.979239881
v 5.017290115 24.34763527 48.50893784
vn 0.3679257035 -0.5760105848 0.7299606204
v 4.008471012 25.05668259 49.11759949
vn 0.01730357483 -0.3330565393 0.9427480698
v 4.449700832 24.3166256 48.68542099
vn 0.1686279774 -0.5880426764 0.7910565138
v 3.149236917 25.07782173 48.99900055
vn -0.2892780602 -0.3292688429 0.8988326788
v 4.865114212 23.52636719 47.56407547
vn 0.3141241372 -0.8609707355 0.4000692666
v 4.168889999 24.13262749 48.58321762
vn 0.0694405213 -0.6520876288 0.7549567819
v 2.635448217 24.74178314 48.61785889
vn -0.472694397 -0.4384635985 0.7644015551
v 4.638237 23.26822281 46.9984436
vn 0.2396408319 -0.9483946562 0.2076532841
v 2.338473558 24.51170921 48.24515152
vn -0.5756849051 -0.5155993104 0.6346213222
v 1.460345149 25.29085922 47.59738541
vn -0.8809221387 -0.2380172163 0.409052521
v 1.499505162 25.004879 45.36416245
vn -0.8718049526 -0.3216606975 -0.3694461584
v 1.326282263 25.19416046 47.16552353
vn -0.92676723 -0.2723247707 0.258730948
v 13.04278564 17.66015816 26.48644829
vn 0.04698168114 -0.7014994025 0.711119771
v 1.157402158 25.515728 46.21457672
vn -0.9842925668 -0.1609645039 -0.07251609862
v 13.82322121 30.90552139 26.4864502
vn -0.3643318713 -0.6444177032 0.6723006368
v 9.241993904 31.49891663 26.4864502
vn 0.2172396183 -0.6731485128 0.7068790793
v 1.919740319 26.39062309 24.59644699
vn 0.4563956559 0.1359192282 0.8793343902
v 1.941929221 26.28248596 24.59644699
vn 0.9010677934 0.1471698731 0.4079434574
v 4.532114029 30.01200676 24.5964489
vn 0.002189818071 -0.001314137364 0.9999967217
v 5.266034126 30.98014641 24.5964489
vn 0.01007373817 0.002692090813 0.9999456406
v 1.690016747 26.76003075 24.59644699
vn 0.03441305459 0.04200294241 0.9985246658
v 1.664423227 27.34418106 24.59644699
vn 0.02312751673 -0.02921188995 0.9993056655
v -0.6634565592 24.62294769 24.58644867
vn -0.002179246861 0.04096803814 -0.9991580844
v -1.077390432 24.58230209 24.58644867
vn -0.0006647268892 0.004891961813 -0.9999878407
v 1.959963799 23.55124664 24.59644699
vn 0.006023553666 0.001948829507 0.9999799728
v 2.014947414 23.1496067 24.58644867
vn 0.006578574423 -0.0001694617822 -0.9999783635
v 2.000574589 22.94335556 24.58644867
vn 0.0895223096 -0.01573404856 -0.995860517
v 0.1025736108 21.6967392 24.58644867
vn 0.002775210189 -0.05443100259 -0.9985136986
v 0.5140578151 21.73686028 24.58644867
vn 0.007596410345 -0.05551948771 -0.9984287024
v 3.892410755 25.90299988 49.2694931
vn -0.01320647914 -0.03458668292 0.9993144274
v 5.781961918 27.94265556 47.41473007
vn 0.6198963523 0.7046761513 0.3451957107
v 5.660829067 28.22919655 46.87876129
vn 0.6090034842 0.7748315334 0.1695607901
v 5.568811893 27.42916298 48.28175354
vn 0.5645534396 0.505828917 0.6522396207
v -2.263383389 30.33712006 24.58644867
vn -0.1079255566 0.1759358793 -0.9784675241
v -2.178290367 30.38324165 24.58644867
vn -0.0160260126 0.03728526086 -0.9991761446
v -2.287424088 21.68066597 24.59644699
vn 0.003568908432 0.003033312038 0.9999890327
v 4.456696033 28.79127693 46.44049072
vn 0.1909692436 0.9814424515 0.01736323535
v 4.065883636 28.23605728 48.16265488
vn 0.03986699879 0.7909681797 0.6105570793
v 5.265930176 30.98023987 24.58644867
vn 0.01459900383 0.01161656715 -0.9998259544
v -0.3107733727 21.68532181 24.59644699
vn 2.733778956e-06 -0.0004233130894 0.9999998808
v -2.83161521 22.80136108 24.59644699
vn 0.007062187418 0.0009395633824 0.9999746084
v 0.3606852293 24.60161781 24.59644699
vn 0.001240751706 0.0112398779 0.9999360442
v 0.1583836377 24.62048721 24.59644699
vn 0.001038022456 0.01597142406 0.9998719096
v 20.66369629 28.04413223 24.59644699
vn -0.006769219413 0.01805098355 0.9998141527
v -0.870798707 24.60655975 24.58644867
vn -0.003701065667 0.04031699896 -0.9991800785
v 1.76672864 22.37491608 24.58644867
vn 0.0391157344 -0.02999259531 -0.9987844825
v -0.8708091378 24.60655785 24.59644699
vn -0.001165485359 0.01114528812 0.9999372363
v 19.90819931 27.00341034 24.58644867
vn -0.006288715173 0.0004997146898 -0.999980092
v 22.15242386 26.39294243 24.58644867
vn -0.02093949914 0.002461152617 -0.9997777343
v 21.0396347 31.24127579 24.58644867
vn 0.0005276214797 0.00511796819 -0.9999867678
v 24.68318367 22.10026169 24.58644867
vn -0.01762402803 -0.003347495338 -0.9998390675
v -3.546082497 31.54022408 24.58644867
vn 3.397049397e-08 -1.905451086e-08 -1
v 4.039538383 21.34304619 24.58644867
vn -6.782116202e-08 -6.567569955e-08 -1
v -3.22897172 28.9529686 24.58644867
vn -5.268721992e-08 -7.49141833e-08 -1
v 0.3240507543 19.95138931 24.58644867
vn -2.595122695e-08 1.142400237e-07 -1
v 0.5883894563 31.40309906 24.58644867
vn -1.654009374e-09 2.147544507e-07 -1
v 1.121511936 27.85521889 24.58644867
vn -9.7669691e-08 1.738481217e-07 -1
v -3.265369892 21.67240143 24.58644867
vn -6.374790473e-08 1.076756373e-08 -1
v 2.84880662 27.11418343 24.58644867
vn 1.376178016e-08 6.101543448e-08 -1
v -3.400485039 30.94701385 24.58644867
vn -1.221102224e-07 -5.20320782e-08 -1
v -3.057544708 28.18678856 24.58644867
vn -7.228203458e-08 7.741756036e-08 -1
v -3.778119802 22.57979202 24.58644867
vn 1.435853676e-07 9.132801182e-09 -1
v 1.686975479 31.34324646 24.58644867
vn -1.559912022e-08 1.610880673e-07 -1
v 3.863070011 28.54683495 47.66091156
vn -0.03254768997 0.8998844624 0.4349121451
v 4.015891552 28.83014679 46.28005219
vn 0.03309308365 0.9986458421 -0.04014101997
v 3.361382484 26.23823738 49.19477463
vn -0.1860252172 0.0996048227 0.9774832726
v 5.562188148 26.574646 48.70726776
vn 0.5626885891 0.2049913406 0.8008496165
v 5.977046967 26.1995945 48.430336
vn 0.7064432502 0.07407235354 0.7038829923
v 6.468445778 27.12497902 47.17271042
vn 0.8842307329 0.3818282187 0.2689668834
v 6.684867859 25.74479485 47.2514801
vn 0.950337708 -0.102389358 0.2938956618
v 5.230844975 26.15561485 48.96973419
vn 0.4473921061 0.05699692667 0.8925198317
v 5.309718132 24.1896534 48.18744659
vn 0.4702616036 -0.6301031709 0.617919147
v 6.468445778 24.8353157 47.1727066
vn 0.8684874177 -0.4195254445 0.2640605271
v 5.065251827 26.83239555 48.90946579
vn 0.3905951977 0.2954953015 0.8718473911
v 3.057566166 25.52298355 49.08419418
vn -0.3198120594 -0.18727763 0.9287881255
v 4.648927212 23.66957092 47.94693756
vn 0.2379422188 -0.8117312789 0.5333627462
v 5.986250877 27.91039848 46.99720764
vn 0.7207905054 0.6604917645 0.2102656662
v 3.262347698 24.656353 48.84603119
vn -0.249946326 -0.4719087183 0.8454756141
v 1.86697638 25.75459862 48.33815765
vn -0.7418534756 -0.07427354902 0.666435957
v 3.862895966 24.00177765 48.47184372
vn -0.03848922998 -0.6973735094 0.7156736255
v 1.660192251 25.40565681 47.99827576
vn -0.8124988079 -0.197667554 0.5484279394
v 1.920574665 25.53553772 48.35766602
vn -0.7237169743 -0.1524949372 0.6730371714
v 1.157598615 25.54283333 46.67620087
vn -0.9846483469 -0.1505237967 0.08837537467
v 16.96823311 32.03377533 26.4864502
vn 0.5728287101 0.3839325607 0.7241982222
v 9.649213791 20.35825348 26.48644829
vn 0.05102468655 0.2743696868 0.96026963
v 14.59344482 30.34999084 26.48644829
vn -0.446759671 -0.5525686741 0.7036147118
v 10.17236996 31.68934059 26.4864502
vn 0.1049108356 -0.7093934417 0.6969609857
v 8.355649948 31.15795898 26.4864502
vn 0.3341026902 -0.6456590891 0.6866583824
v 7.537515163 30.67576218 26.4864502
vn 0.4660849869 -0.6222706437 0.6289228797
v -2.536334276 26.39881706 24.59644699
vn -0.08008229733 0.001356746303 0.9967873096
v -1.655446291 25.13606262 24.59644699
vn 0.002246459248 -0.004291136749 0.9999882579
v -1.241561174 20.99878883 24.59644699
vn 0.001901273383 0.005243143532 0.9999844432
v 1.905341864 27.72906113 24.59644699
vn 0.07590307295 -0.01929129288 0.9969285727
v 1.950846314 28.09553146 24.59644699
vn 0.000355718832 -0.001987101277 0.9999979734
v -2.287115812 30.87222099 24.5964489
vn -0.0189789068 -0.03089117818 0.9993425608
v -2.179763556 26.94168472 24.59644699
vn -0.0001577889634 0.004150489811 0.9999913573
v -2.361999989 30.9255867 24.5964489
vn -0.03908196837 -0.04854831845 0.9980559349
v -2.533185244 31.33692169 24.5964489
vn -0.04980638251 -0.003430829383 0.9987530112
v 1.135540605 30.46732903 24.5964489
vn 0.003520351602 -0.001222674036 0.9999930859
v 1.633036971 22.21764183 24.58644867
vn 0.002586637391 -0.002653933596 -0.9999931455
v 4.885477066 28.67572594 46.5965538
vn 0.3404273093 0.9375273585 0.0717754662
v 5.000120163 28.060606 48.07476807
vn 0.3657536805 0.7279839516 0.5798823833
v 5.057688236 28.51270294 47.15111542
vn 0.3627361357 0.8971238136 0.2521732748
v 5.566858768 27.88161087 47.81948853
vn 0.5628768802 0.6651870012 0.4906076789
v 5.017290115 27.61265755 48.50893784
vn 0.3729637265 0.5704165101 0.7317944169
v 4.697253227 27.41181183 48.77552414
vn 0.2623817325 0.5002345443 0.8251795173
v 4.316703796 26.31643677 49.22978592
vn 0.1324075758 0.1137872413 0.984642446
v 4.648927212 28.2907238 47.94694138
vn 0.2428165972 0.8091158867 0.5351369381
v -1.801787019 30.46471405 24.5964489
vn -0.001514113625 0.02267944999 0.9997416139
v -2.479937315 21.93036842 24.59644699
vn 0.004089611117 0.002608803799 0.9999882579
v -0.7205193639 21.69814682 24.58644867
vn -0.0003086836077 -0.004068772774 -0.9999916553
v 2.00206995 23.35279655 24.58644867
vn 0.004752158653 0.0005331354914 -0.9999885559
v -0.5157665014 21.68823242 24.58644867
vn -0.03600795195 -0.9730935097 -0.2275795043
v -0.3107853532 21.68532372 24.58644867
vn -0.002862304216 -0.7461243868 -0.6658004522
v 21.36454964 27.04826546 24.59644699
vn 0.004779901821 0.01466212608 0.9998810887
v 1.954226971 22.74189377 24.58644867
vn 0.6250687242 -0.2181849182 -0.7494561076
v 0.3087109327 21.71238899 24.58644867
vn 0.005042776931 -0.05584621057 -0.9984266758
v 0.3606947958 24.60161781 24.58644867
vn 0.1196829975 0.9378194213 -0.325838536
v 24.29667664 25.09562302 24.58644867
vn 0.356020689 0.4568872452 -0.8151707053
v 19.94830513 27.28143883 24.58644867
vn -0.01465289388 0.003800488776 -0.9998854399
v 20.92917633 27.31258965 24.58644867
vn 0.001256601652 -0.007329290267 -0.9999723434
v 18.13540077 24.17370796 24.58644867
vn -0.01254642475 0.003476695623 -0.9999152422
v 0.2465851754 20.50618935 24.58644867
vn 4.891108407e-09 -2.427402706e-07 -1
v 3.286907196 21.44297028 24.58644867
vn 0 -6.123234263e-17 -1
v 19.9300251 29.14068604 24.58644867
vn -0.1725358516 0.09198646247 -0.9806986451
v -1.736310124 20.25790596 24.58644867
vn 0 -6.123234263e-17 -1
v -2.749622583 24.75845337 24.58644867
vn -1.836546346e-07 8.548498442e-08 -1
v 2.790431261 22.23939514 24.58644867
vn 1.034193815e-07 -1.368988833e-08 -1
v -2.719046593 29.02350426 24.58644867
vn 1.999268306e-08 -1.201230901e-07 -1
v -1.209716678 31.93708038 24.58644867
vn 0 -6.123234263e-17 -1
v 3.646059513 22.17532349 24.58644867
vn -1.342584142e-07 -7.274965697e-08 -1
v 1.956730127 20.48633575 24.58644867
vn 0 -6.123234263e-17 -1
v 3.270063877 29.29587936 24.58644867
vn -7.816576186e-08 3.026299566e-08 -1
v 3.229675055 22.81188393 24.58644867
vn -1.08141144e-07 -5.441442497e-08 -1
v -1.569965959 29.23220253 24.58644867
vn 0 -6.123234263e-17 -1
v -3.127678871 25.2948761 24.58644867
vn 0 -6.123234263e-17 -1
v 1.792441845 27.47677231 24.59644699
vn 0.7560109496 -0.4992318749 0.4233379364
v 3.397208929 26.16999054 49.20781326
vn -0.1723623872 0.07121324539 0.9824560285
v 0.9754036069 20.21803093 24.58644867
vn 1.10822107e-08 1.126341509e-08 -1
v 3.744691133 28.81383705 46.67321777
vn -0.09792942554 0.9916786551 0.08356567472
v 3.698286057 28.32036591 48.028862
vn -0.08907524496 0.8212131858 0.5636261702
v 3.550529718 28.78675461 46.110672
vn -0.1254581958 0.9872556925 -0.09791026264
v -2.536334276 29.76219749 24.5964489
vn -0.0003347294405 0.001841554535 0.9999982715
v 6.201528072 26.67258835 48.05048752
vn 0.7845829725 0.2409277856 0.5712997317
v 5.907347202 26.63217735 48.40497208
vn 0.6824534535 0.2258875817 0.6951489449
v 5.625738144 26.18023109 48.73039627
vn 0.5843941569 0.0663888976 0.8087496758
v 6.437005997 26.6948185 47.65314102
vn 0.8663729429 0.2493532896 0.4326902628
v 6.275547981 25.74709892 48.07743073
vn 0.8099409938 -0.08354379982 0.5805308223
v 6.275547981 26.2131958 48.07743073
vn 0.8102380633 0.07983944565 0.5806375146
v 5.566858768 24.07868385 47.81948853
vn 0.5604610443 -0.6678693891 0.4897283316
v 6.286410809 24.81189346 47.59832764
vn 0.8133867979 -0.4076556563 0.4149924815
v 3.867907047 25.75092506 49.26057434
vn -0.02315221168 -0.08975098282 0.9956951141
v 5.986250877 24.04989433 46.99720383
vn 0.6942839026 -0.691174984 0.2006165683
v 4.065883636 23.72423553 48.16265488
vn 0.03290197253 -0.7932386398 0.6080212593
v 4.414803028 23.8734417 48.28965378
vn 0.1556486338 -0.7414582372 0.6526968479
v 3.863070011 23.41345978 47.66091156
vn -0.03796161711 -0.9006227255 0.4329407215
v 2.198122978 25.82640839 48.6528244
vn -0.6304329634 -0.04953047261 0.7746618986
v 2.009027004 24.42695808 47.79708862
vn -0.6897602677 -0.5432717204 0.4786299169
v 1.23152864 25.58141899 47.13103485
vn -0.9594395161 -0.1361835897 0.2468397319
v 1.696929812 24.55458641 45.4360199
vn -0.8058314323 -0.4809313118 -0.345457375
v 2.557592154 28.24650574 26.48644829
vn -0.6310071349 0.3100623488 0.711119771
v 14.17489243 21.28453064 26.48644829
vn -0.4660844505 0.6222706437 0.6289232969
v 14.90250301 21.89481163 26.48644829
vn -0.2023144811 0.19328776 0.960056603
v 13.35675716 20.80233574 26.48644829
vn -0.334101975 0.6456589103 0.6866589189
v 7.118962765 21.61030388 26.48644829
vn 0.4467597008 0.5525683165 0.7036149502
v 5.702638149 28.53029633 26.48644829
vn 0.6602258086 -0.3043059707 0.6866583824
v 12.47041321 20.46137619 26.48644829
vn -0.2172404975 0.6731482744 0.7068790197
v 2.016666412 32.80013657 24.5964489
vn -0.002655796241 0.006928473245 0.9999724627
v 2.207256317 28.09553146 24.59644699
vn -0.003706631716 -0.0002471898915 0.9999930859
v 1.768640161 26.68248367 24.59644699
vn 0.0568609722 0.05171145871 0.9970420003
v 1.031933784 21.17398643 24.59644699
vn -0.003401794005 0.006744191051 0.9999714494
v 0.03725324944 20.87087822 24.59644699
vn -0.0007665229496 0.008275333792 0.9999654889
v -2.476233482 31.0682888 24.5964489
vn -0.7172133923 -0.387100637 0.5794463158
v 1.503701806 26.87747765 24.59644699
vn 0.003186866408 0.007827734575 0.9999642968
v 1.814396858 32.74777222 24.5964489
vn -0.001425441937 0.007138391025 0.9999734759
v -2.263559103 30.33714485 24.5964489
vn -0.02561595477 0.03709293902 0.9989834428
v -2.525212765 31.24520874 24.5964489
vn -0.1015670151 -0.01640180312 0.9946934581
v 1.478156924 22.08017159 24.58644867
vn 0.3966843188 -0.5534414649 -0.7323551774
v 4.168889999 27.82766724 48.58321762
vn 0.07740321755 0.6478146315 0.7578554749
v 4.865114212 28.43392754 47.56407547
vn 0.3172421157 0.8592978716 0.4012039304
v 4.245841026 26.52987099 49.20399475
vn 0.1081027165 0.1900982857 0.975795269
v 4.449700832 27.64366722 48.68542099
vn 0.1757951379 0.5824006796 0.7936658859
v 5.238072872 28.18954849 47.69982147
vn 0.4478216171 0.7733664513 0.4487317204
v 5.29053688 28.48664665 46.74398422
vn 0.4810512364 0.8680248857 0.1229735613
v 5.442621231 28.26048088 47.2912178
vn 0.4989717305 0.8124873638 0.3014822602
v 2.022555113 24.15028 24.59644699
vn -0.00266328454 -0.001286096871 0.9999956489
v 1.145721674 24.40282631 24.59644699
vn 0.01689885743 0.04010413215 0.9990525842
v 0.7607140541 24.53129768 24.59644699
vn 0.007279726677 0.03135554865 0.9994817972
v 0.9561282396 24.47591782 24.59644699
vn 0.2564786971 0.8097041249 0.5278236866
v -0.1040459797 21.68877411 24.58644867
vn 0.000187328711 -0.007808725815 -0.9999694824
v 3.84879303 27.05316353 49.05947876
vn -0.03096287511 0.3782656193 0.9251791239
v -1.904647231 21.99304962 24.58644867
vn -0.01787267625 -0.0297780633 -0.9993967414
v 1.875653863 22.55113792 24.58644867
vn 0.1913788468 -0.1044347286 -0.9759443998
v 1.499161005 24.20352936 24.58644867
vn 0.003507398535 0.004513339605 -0.9999836683
v 2.002069235 23.352808 24.59644699
vn 0.005736402702 0.0009280842496 0.9999831319
v 1.304365635 21.96883583 24.58644867
vn 0.04834757373 -0.09456089884 -0.9943443537
v 22.37158775 26.86882973 24.58644867
vn -0.5812737942 0.6478002667 -0.4924181104
v 22.45494652 26.93602753 24.58644867
vn -0.2220788002 0.3432938457 -0.9125953913
v 20.7913723 28.08638763 24.58644867
vn -0.005569500383 0.01840167306 -0.999815166
v 24.26927567 20.45294952 24.59644699
vn -0.005312600173 0.004264004529 0.9999768138
v 22.14712334 30.4141674 24.58644867
vn -0.006185363978 9.910083463e-05 -0.9999808669
v 21.89071465 30.41414452 24.58644867
vn 0.010536124 5.95802012e-05 -0.9999445081
v 1.923242331 28.61747742 24.58644867
vn -4.737637838e-08 1.745607392e-07 -1
v 3.473231792 31.9101181 24.58644867
vn -1.318540512e-07 -1.567396737e-07 -1
v -0.9918420911 20.41679192 24.58644867
vn -5.047362706e-08 -1.514653718e-07 -1
v -3.968077421 19.94214439 24.58644867
vn 2.627338915e-07 -1.110517789e-09 -1
v -3.44405818 25.3596077 24.58644867
vn 0 -6.123234263e-17 -1
v -0.3621975183 20.34890556 24.58644867
vn 7.854963791e-09 -1.642803085e-07 -1
v 0.3592416346 26.21702957 24.58644867
vn -1.194241719e-07 2.894157802e-08 -1
v 3.643668175 20.87918854 24.58644867
vn 0 -6.123234263e-17 -1
v 2.065211535 32.4719429 24.58644867
vn 5.702323236e-08 -1.769474238e-07 -1
v -2.088854313 28.7665596 24.58644867
vn -8.205878999e-08 1.202647297e-07 -1
v 1.30453968 28.74601746 24.58644867
vn 0 -6.123234263e-17 -1
v -3.136659861 30.57938004 24.58644867
vn -3.106066231e-07 9.149855096e-09 -1
v -0.4549262524 31.95162964 24.58644867
vn 0 -6.123234263e-17 -1
v 1.231037617 27.20071793 24.59644699
vn 0.001513694646 -0.01775574125 0.9998412132
v 2.708780289 32.24685669 24.58644867
vn -2.982023517e-08 -1.11283768e-07 -1
v 3.819604874 26.35485077 49.24299622
vn -0.03666211292 0.1304361522 0.990778625
v -3.6302917 20.033144 24.58644867
vn 6.854764312e-09 1.309280151e-07 -1
v 3.74889493 26.48955154 49.21725845
vn -0.06149355695 0.1800115556 0.9817404747
v 4.266241074 28.45436859 47.80765152
vn 0.108764261 0.8669703007 0.486346364
v 3.540525198 28.03245163 48.35451126
vn -0.1432125568 0.7213913202 0.6775579453
v -2.339973927 30.27797508 24.5964489
vn -0.03512202948 0.03591338173 0.998737514
v -2.207182169 30.82662582 24.5964489
vn -0.0171344988 -0.03480942175 0.9992470741
v 6.612065792 26.67978096 47.22498322
vn 0.9309586883 0.2258522809 0.2868913114
v 6.513402939 26.22067642 47.68094635
vn 0.8927292228 0.08389876783 0.4427138567
v 6.684867859 26.21549797 47.2514801
vn 0.9534313083 0.06258518249 0.2950455248
v 6.513402939 25.73961639 47.68094635
vn 0.8925551772 -0.08393262327 0.4430581927
v 5.977046967 25.76069832 48.430336
vn 0.7059809566 -0.07986441255 0.7037134171
v 4.697253227 24.54848099 48.77552414
vn 0.2562116683 -0.5070835948 0.822934866
v 5.065251827 25.12789726 48.90946579
vn 0.38692379 -0.3041425049 0.8705098033
v 5.442621231 23.69981384 47.29121399
vn 0.5197248459 -0.796469152 0.3090679646
v 5.781961918 24.01763725 47.41472626
vn 0.637820363 -0.685167253 0.3517542183
v 4.266241074 23.50592613 47.80765152
vn 0.1035441905 -0.8686721921 0.4844453037
v 2.984173536 25.51966476 49.05748367
vn -0.3497958481 -0.187476635 0.9178754687
v 2.117493868 24.68563271 48.16471863
vn -0.6531876922 -0.4534434378 0.6064115167
v 1.590934753 25.68870926 47.97306824
vn -0.8361053467 -0.09749133885 0.5398363471
v 2.127305984 25.14172173 48.43291092
vn -0.6518295407 -0.2936548591 0.6992031932
v 6.192667007 29.34376335 26.48644829
vn 0.6428813338 -0.437217474 0.6289232969
v 1.377248883 25.63047409 47.56714249
vn -0.9094235897 -0.1183383688 0.3986787796
v 6.809905052 30.06548119 26.48644829
vn 0.2023142725 -0.1932877749 0.9600566626
v 11.54003811 20.27095413 26.48644829
vn -0.1049107835 0.7093932629 0.6969612241
v 19.15481567 23.71378899 26.48644829
vn 0.6310071945 -0.3100624084 0.7111197114
v 7.889186859 21.05477333 26.48644829
vn 0.3643324971 0.6444165707 0.672301352
v 8.740343094 20.63359261 26.48644829
vn 0.2742077708 0.753023386 0.5981353521
v 5.153841019 26.71876144 26.48644829
vn 0.7134401202 -0.07244546711 0.6969611645
v 5.353185177 27.64726639 26.48644829
vn 0.6823565364 -0.1863108277 0.7068789601
v 1.83945775 27.55644989 24.59644699
vn 0.2295997888 -0.1129208952 0.9667123556
v 2.207256317 19.07453918 24.59644699
vn -0.001762015512 -0.003398016561 0.9999926686
v 3.380843163 26.58758736 24.59644699
vn 0.006737189367 -0.0003641877847 0.999977231
v 2.532190323 18.8141613 24.59644699
vn -0.00417883601 -0.003714612219 0.9999843836
v 4.532114029 21.94828796 24.59644699
vn 0.001798458281 0.00121626677 0.9999976158
v 1.051123738 25.13776207 24.59644699
vn -0.001872917986 -0.003238800913 0.9999930263
v 1.612797141 24.71859169 24.59644699
vn -0.005788740702 -0.005417173263 0.9999685884
v 1.784748793 23.91641617 24.58644867
vn 0.5419238806 0.3612097502 -0.7588452101
v -0.4556488693 24.63132095 24.58644867
vn -0.0009043788887 0.04083696008 -0.9991654158
v 0.1583932191 24.62048721 24.58644867
vn 0.0490459688 0.6198904514 -0.7831540704
v 3.867907047 26.20936966 49.26057434
vn -0.02006167173 0.07711016387 0.9968207479
v 4.638237 28.69207001 46.9984436
vn 0.215072304 0.9561737776 0.1986847073
v 4.414803028 28.08685112 48.28965378
vn 0.1621492803 0.7379696369 0.6550636888
v 4.756286144 26.41467667 49.12516403
vn 0.2836908698 0.1481103301 0.9474084973
v 4.735009193 27.87703896 48.40619659
vn 0.2742590308 0.6637371778 0.6958699226
v 5.309718132 27.77063942 48.18745041
vn 0.47403723 0.6259094477 0.6192948222
v -1.870636463 24.3435955 24.58644867
vn -0.3470210135 0.6894767284 -0.6357659101
v -2.361765146 22.39863586 24.58644867
vn -0.1805678457 -0.1227596328 -0.975871563
v -2.048313141 24.23572922 24.58644867
vn -0.001525870292 0.002262571827 -0.9999963045
v -2.536830187 23.5793438 24.58644867
vn -0.2049580514 0.07293896377 -0.9760492444
v 1.653302431 24.07161713 24.58644867
vn 0.06536945701 0.06163355708 -0.9959558845
v 1.531048656 27.36336899 45.86752319
vn -0.8648279905 0.4616814554 -0.1972885132
v -2.536834955 23.57933235 24.59644699
vn -0.007933509536 0.002346103545 0.9999657869
v 3.296303272 28.75273323 46.51002121
vn -0.2552351654 0.9665280581 0.02604859322
v 3.099439144 28.65802956 45.94649124
vn -0.2843716145 0.9459806681 -0.1557348371
v 0.7177790403 21.7719841 24.59644699
vn 0.005985779222 -0.02796664648 0.9995909333
v 1.499153018 24.20353508 24.59644699
vn 0.4160023928 0.5909098387 0.6912073493
v 1.887351155 23.74147987 24.59644699
vn 0.01073450968 0.005521136802 0.9999271631
v 0.3087229133 21.71238899 24.59644699
vn 0.001167065464 -0.01114509162 0.9999372363
v 1.784744024 23.9164238 24.59644699
vn 0.01271411031 0.009574651718 0.9998733401
v 1.115608096 21.88356781 24.58644867
vn 0.2764563859 -0.7522381544 -0.5980883241
v 22.14712334 26.28596306 24.58644867
vn -0.007850195281 0.000125636856 -0.9999691844
v 24.4568882 20.74645805 24.59644699
vn -0.006009942386 0.003419728018 0.9999760985
v -1.1006037 31.24441528 24.58644867
vn 1.663106275e-08 2.066113183e-07 -1
v -2.199644804 31.70271492 24.58644867
vn 9.392686451e-08 1.397385887e-07 -1
v -2.054787636 19.84197426 24.58644867
vn 4.55275817e-09 2.298936295e-07 -1
v 1.170404196 25.82953262 24.58644867
vn -6.800694052e-08 5.141626147e-08 -1
v -3.450174332 29.53770638 24.58644867
vn -1.287370708e-07 -2.210852834e-08 -1
v -1.182008862 25.80924416 24.58644867
vn 4.727170477e-08 2.065374503e-07 -1
v 2.637164116 28.7668705 24.58644867
vn 3.396921144e-08 6.760788551e-08 -1
v 2.582609892 29.52510452 24.58644867
vn 0 -6.123234263e-17 -1
v -1.654283762 29.81380844 24.58644867
vn 9.518964816e-08 -1.794438731e-07 -1
v 2.272640705 31.56619453 24.58644867
vn 2.40348168e-08 6.137756259e-08 -1
v -3.467427015 30.34148598 24.58644867
vn -1.298425047e-07 3.907894808e-08 -1
v 0.1208708808 31.7904377 24.58644867
vn 0 -6.123234263e-17 -1
v 3.862895966 27.95851517 48.47184372
vn -0.02996536717 0.6945963502 0.718775332
v 4.03055191 28.70591164 47.26032257
vn 0.02487234958 0.9552385211 0.2947893441
v 1.13854599 27.19809532 24.59644699
vn 4.44926809e-06 -0.005387149286 0.9999855161
v -1.946215391 30.7396431 24.5964489
vn -0.00414421875 -0.02569120005 0.9996613264
v 5.907347202 25.32811737 48.40496826
vn 0.6810780764 -0.2315068096 0.6946490407
v 5.562188148 25.38564873 48.70726776
vn 0.5608536005 -0.2124925852 0.8001813293
v 6.612065792 25.28051376 47.2249794
vn 0.9217628241 -0.2645686865 0.2834725976
v 5.230844975 25.80467796 48.96973419
vn 0.4466355145 -0.06645479798 0.892244637
v 5.625738144 25.78006172 48.73039627
vn 0.5837762952 -0.07411451638 0.8085247278
v 6.055615902 24.84823227 47.99738312
vn 0.7322767973 -0.3984678984 0.5522626042
v 5.769950867 24.91429138 48.35495758
vn 0.6324483156 -0.3764922321 0.6769510508
v -3.592320681 24.11657906 24.58644867
vn -5.699832784e-08 1.497494928e-08 -1
v 1.702554822 29.3398037 24.58644867
vn 1.131203007e-07 -1.536580072e-07 -1
v 5.660829067 23.73109627 46.87876129
vn 0.5781102777 -0.800452888 0.1583152413
v 3.004379034 25.0712738 48.94627762
vn -0.3420487642 -0.3305469751 0.8796256781
v -2.953354836 21.11245346 24.58644867
vn -5.932859892e-08 -7.921116207e-08 -1
v -0.9374708533 20.91520309 24.58644867
vn 0.003565460676 0.01838474721 -0.9998246431
v 5.266034126 20.98014641 24.59644699
vn 0.01329267025 -0.01057657599 0.9998556972
v 3.964131355 28.93807411 24.5964489
vn 0.003947500605 -0.001569120679 0.9999909997
v -4.393796444 19.23014641 24.59644699
vn -0.00599386869 -0.001332076383 0.9999811649
v 12.06319332 31.60203934 26.4864502
vn -0.05102470517 -0.2743696868 0.96026963
v 5.489583015 23.91571426 26.48644829
vn 0.7397330403 0.3082683682 0.5981351137
v 8.669622421 34.30013657 26.4864502
vn -0.04698163643 0.7014994025 0.7111197114
v 4.744174004 19.92651749 26.48644829
vn -0.5728287101 -0.3839325011 0.7241982818
v -4.393796444 32.73014832 24.5964489
vn -0.003536874661 0.003143668873 0.9999887943
v 5.902571201 23.0605545 26.48644829
vn 0.6271288991 0.3933454752 0.672301054
v 6.450682163 22.28503227 26.48644829
vn 0.5316162109 0.4714975357 0.7036151886
v 5.110041142 25.77010918 26.48644829
vn 0.7555304766 0.04853355139 0.6533132792
v -2.228813887 22.2421627 24.59644699
vn -0.01774836518 -0.01817645878 0.9996772408
v 1.73393631 27.40513229 24.59644699
vn 0.09374399483 -0.08561725914 0.991908133
v 1.833579659 26.59326744 24.59644699
vn 0.1039727405 0.06760786474 0.9922796488
v -2.467530251 22.57374382 24.59644699
vn -0.01063117851 -0.005633329507 0.99992764
v -2.526482105 26.52761841 24.59644699
vn -0.2332650721 0.03496488556 0.9717843533
v -2.488763332 26.65095901 24.59644699
vn -0.5520685315 0.2334123701 0.8004617691
v -2.507222891 31.15503883 24.5964489
vn -0.385759443 -0.1170544922 0.9151436687
v -2.587123632 22.96464539 24.59644699
vn -0.005689039826 -0.0009584638174 0.9999833703
v 0.9191999435 21.81933403 24.58644867
vn 0.002016525716 -0.007603801321 -0.9999690652
v 2.380742788 33.00219345 24.5964489
vn -0.00581548037 0.006852030288 0.9999595881
v 19.64712334 28.49208641 24.5964489
vn 0.008206389844 0.0002604977344 0.9999662638
v 0.5617587566 24.57248306 24.58644867
vn 0.001202997053 0.006461746991 -0.9999784231
v 19.90353394 30.19180679 24.5964489
vn -0.04753399268 -0.001008347142 0.9988691211
v 19.90830231 31.1315136 24.5964489
vn -0.01482284442 0.0008451730246 0.999889791
v 20.92917633 31.24849701 24.5964489
vn 0.001654339721 0.0004663649306 0.9999985099
v -1.527485251 21.83428955 24.58644867
vn -0.001733707846 -0.005335672293 -0.9999842644
v -2.600435495 23.16966248 24.58644867
vn -0.007650052197 0.0002183639881 -0.9999707341
v -1.681102157 24.42976952 24.58644867
vn -0.112889424 0.2978167534 -0.9479246736
v -0.04451038688 24.6308136 24.58644867
vn 0.01436318085 0.3662624955 -0.9304007292
v 1.327677965 24.31255722 24.58644867
vn 0.02180710249 0.0371264182 -0.9990726113
v -2.584935904 23.37706375 24.58644867
vn -0.006804175209 0.001241972554 -0.9999760985
v -2.228821754 22.24217224 24.58644867
vn -0.00349876727 -0.003264262341 -0.9999885559
v 22.8207283 19.54380989 24.59644699
vn -0.002958751749 0.01385524962 0.9998996258
v 20.78440666 23.75055695 24.58644867
vn 0.01406871062 -0.02409786731 -0.9996106029
v 23.76848793 19.97135544 24.59644699
vn -0.004304035101 0.006310958881 0.9999707937
v 20.11569786 27.66600227 24.58644867
vn -0.01393858902 0.0102142347 -0.9998506904
v 24.64710999 26.73567581 24.58644867
vn -0.007154907566 -0.00154711504 -0.9999731779
v 20.4187355 27.93528366 24.58644867
vn -0.008911940269 0.01668535173 -0.9998210669
v 24.39071465 24.85764694 24.58644867
vn 0.07003348321 0.0004473245644 -0.9975445271
v 21.05082512 28.15555191 24.58644867
vn -0.004151350819 0.01841819473 -0.9998217225
v -2.346226692 23.94742966 24.58644867
vn -0.07064729184 0.05564789101 -0.9959478974
v 3.04982686 27.31354713 48.76868057
vn -0.3141921163 0.4748121798 0.8220928907
v -0.4556592405 24.63132095 24.59644699
vn -0.0002021652326 0.006473746616 0.9999790192
v -1.90463686 21.99304199 24.59644699
vn -0.1391060799 -0.2562775016 0.9565413594
v 1.478167295 22.08017731 24.59644699
vn 0.06625648588 -0.08294057846 0.9943494797
v 1.596179008 26.98921776 47.64682388
vn -0.8294779062 0.35912925 0.4277763069
v 1.766736627 22.37492561 24.59644699
vn 0.01584509201 -0.01092791744 0.9998147488
v 19.33166504 33.00219345 24.5964489
vn 0.05278018489 0.06981343776 0.9961628318
v -2.361758947 22.39862442 24.59644699
vn -0.01929742284 -0.01469546277 0.9997057915
v 2.000576973 22.943367 24.59644699
vn 0.006244391669 -0.0007637058152 0.9999802113
v 24.35667038 25.03096199 24.58644867
vn 0.1731925607 0.08466594666 -0.9812420607
v 21.86733246 26.50574112 24.58644867
vn 0.03042026237 0.006322371773 -0.9995172024
v -0.3679783046 25.84935188 24.58644867
vn -2.967263413e-08 2.210140622e-07 -1
v 1.221858621 28.31316948 24.58644867
vn -6.25265173e-08 6.576429001e-08 -1
v 4.458710194 28.6077137 47.41616058
vn 0.1748937219 0.9205091596 0.3493924737
v 6.201528072 25.28770638 48.05048752
vn 0.7837035656 -0.2445217371 0.5709797144
v 6.437005997 25.26547432 47.65314102
vn 0.8658543825 -0.2493557036 0.4337255657
v 3.657809496 25.35069466 49.18410492
vn -0.1023258045 -0.233829096 0.9668781757
v 5.436914921 25.00833702 48.66167068
vn 0.5162853599 -0.344758153 0.7839586735
v 2.406249285 25.24641228 24.58644867
vn 2.824599754e-08 -1.099343763e-07 -1
v -0.6312830448 26.44563484 24.58644867
vn -2.707190028e-09 -2.167407871e-07 -1
v -3.852415562 30.14130974 24.58644867
vn 1.661784097e-07 -1.271848848e-08 -1
v -1.898243666 30.45635414 24.5964489
vn -0.003369060811 0.02437120304 0.9996973276
v 5.22298193 24.82718658 26.48644829
vn 0.2717566788 0.06348589808 0.9602696896
v 11.12139893 31.72402763 26.4864502
vn -0.01402338967 -0.756958127 0.6533129215
v -2.516016006 29.94996834 24.5964489
vn -0.2213368267 0.04206096381 0.9742899537
v -2.426446915 30.99118805 24.5964489
vn -0.1265070289 -0.1086709574 0.9859952331
v -2.792743683 29.76219749 24.5964489
vn 0.004644423723 0.000357236946 0.999989152
v -1.127876401 21.74376488 24.59644699
vn -0.00210252055 -0.01372062229 0.9999036789
v -0.515753746 21.68823051 24.59644699
vn -0.0001934152824 -0.007557616569 0.9999714494
v -2.036019325 30.75990295 24.5964489
vn -0.007334480528 -0.0283655934 0.9995707273
v 1.606204271 19.23014641 24.59644699
vn -1.193689332e-05 -0.008269150741 0.9999657869
v 19.90353394 30.99108505 24.5964489
vn -0.01220632344 3.347055099e-05 0.9999254942
v 19.90353394 24.8346405 24.58644867
vn -0.04698938504 0.0007770442753 -0.9988951087
v 24.17247009 25.84551811 24.58644867
vn 0.008909493685 -0.05693082511 -0.9983383417
v 23.15424538 19.64492226 24.59644699
vn -0.003484112443 0.00992043782 0.9999447465
v 19.50515175 19.07453918 24.59644699
vn 0.003680618713 -0.006213000044 0.9999739528
v 19.98178291 29.21382904 24.5964489
vn -0.1361100376 0.1364900321 0.9812464118
v 24.38385201 24.94639397 24.58644867
vn 0.05703702196 0.008900882676 -0.9983323812
v 1.662349701 27.60575867 46.85991287
vn -0.8054335117 0.5724356771 0.15360412
v 1.481171966 27.13077927 47.22190094
vn -0.8693926334 0.4073970914 0.2796141803
v 1.431401372 27.24212837 46.77585983
vn -0.886821866 0.4451693892 0.1239804924
v 1.8756603 22.55114746 24.59644699
vn 0.01076232642 -0.005134167615 0.9999288917
v 19.90353394 26.06360054 24.59644699
vn -0.04753339663 -0.001008330844 0.9988691211
v 21.72596359 26.80317879 24.58644867
vn 0.1383971125 0.104775466 -0.9848189354
v 9.167424202 20.22271538 24.08644676
vn 0.01302234549 0.04010776803 -0.9991105199
v 27.56972885 33.36182785 24.08644867
vn 0.6359967589 0.4370613396 -0.6359917521
v 1.197155356 26.00163651 24.58644867
vn 8.742277657e-08 6.123234263e-17 1
v 25.08540154 28.49563789 24.58644867
vn 8.742277657e-08 6.123234263e-17 1
v 10.85620403 37.98014832 24.08644867
vn 0.002789112739 0.09925094992 -0.9950585365
v 27.69271278 33.16113281 24.08644867
vn 0.6096900702 0.2907730341 -0.737379849
v 27.78278923 32.94367218 24.08644867
vn 0.5622221828 0.1665090621 -0.8100499511
v -3.096719742 23.50878716 24.58644867
vn 8.742277657e-08 6.123234263e-17 1
v 2.800166845 26.57831573 24.58644867
vn 8.742277657e-08 6.123234263e-17 1
v 26.35620308 33.98014832 24.08644867
vn 0.001585680642 0.3016142547 -0.9534287453
v 27.83773613 32.71479797 24.08644867
vn 0.5056532621 0.06654445827 -0.8601666093
v -2.178290367 30.38324165 24.58644867
vn -1.280816264e-06 2.980362524e-06 1
v -2.287285089 30.87206459 24.58644867
vn -1.813348263e-07 -1.058238126e-06 1
v -2.263383389 30.33712006 24.58644867
vn -8.827283636e-06 1.438995241e-05 1
v -1.946227312 30.73965836 24.58644867
vn -7.002204683e-08 -1.182525466e-06 1
v 1.478156924 22.08017159 24.58644867
vn 6.487931387e-05 -9.051756933e-05 1
v 19.33167648 18.95811272 24.58644867
vn 0.006046277471 -0.007997967303 -0.9999497533
v -2.403621674 30.20786858 24.5964489
vn -0.09335053712 0.06698389351 0.9933775067
v 1.448174357 27.32034302 46.32041168
vn -0.8812209964 0.4714069068 -0.03500082716
v -1.282348394 24.54681015 24.59644699
vn -0.00634230487 0.02866070345 0.9995690584
v 19.90895271 29.05303764 24.5964489
vn -0.1019544527 0.01211204939 0.994715333
v -3.969594479 26.00666046 24.58644867
vn 2.691607506e-07 9.540964685e-10 -1
v 14.82790279 26.30781174 27.83030891
vn 0.9929603338 0.08015031368 0.08721072972
v 14.71749401 26.31773758 28.47461128
vn 0.965267241 0.08372241259 0.2474868
v 14.83221436 26.28913307 27.17682266
vn 0.9943767786 0.07446009666 -0.07530284673
v 14.52492142 26.22773361 25.91189575
vn 0.9191747904 0.05740601197 -0.3896437585
v 14.19293785 26.31050873 29.66751862
vn 0.8346244097 0.08418282866 0.5443485975
v 12.76997852 26.23518944 30.98965073
vn 0.4814992547 0.06854312867 0.8737621307
v 12.17461205 25.76494598 31.25679016
vn 0.3356516063 -0.04832004756 0.940746069
v 14.7303133 26.26220131 26.53160667
vn 0.9695280194 0.0668073073 -0.2356951982
v 14.50393772 26.31864357 29.09251785
vn 0.9120153189 0.08507855237 0.4012352824
v 12.10040188 24.6955471 23.90849113
vn 0.3028951287 -0.3332979977 -0.8928420544
v 10.37930965 22.72999573 29.76875305
vn -0.02690022625 -0.9928652644 0.1161675304
v 12.81609154 26.03540421 23.99993324
vn 0.5138323307 0.009247248992 -0.8578407764
v 13.77744198 26.45527267 24.79560661
vn 0.7370821834 0.1147046462 -0.6659975648
v 14.15593624 26.5937252 25.31037521
vn 0.8292028308 0.1492204964 -0.5386612415
v 14.72383118 26.95371437 27.79243088
vn 0.9672165513 0.2417291403 0.07784068584
v 10.82575321 24.40186501 31.16178513
vn 0.6087886095 -0.7675068378 0.2007725835
v 14.44628334 26.71578598 25.88327599
vn 0.9001845121 0.1800317615 -0.396555692
v 14.08800888 26.96172905 29.62932587
vn 0.8081387877 0.2469819039 0.5347070694
v 13.32091236 26.30412865 24.35272026
vn 0.6275628209 0.07776206732 -0.7746728063
v 13.25264263 26.50975227 24.32787132
vn 0.6108234525 0.1315307617 -0.7807652354
v 14.46413422 27.35008049 26.43472481
vn 0.9040375352 0.3396461904 -0.2595315874
v 14.640728 26.81819534 26.49899864
vn 0.9476935267 0.2061927021 -0.2436422557
v 14.0266428 26.98314476 25.26331711
vn 0.7974634767 0.2476238906 -0.5502130389
v 14.51868057 27.5716114 27.71776199
vn 0.916182518 0.3963547051 0.05926637352
v 12.76394463 26.24853325 23.98095322
vn 0.5007688403 0.07182831317 -0.8625956774
v 12.79854107 26.14433098 23.99354553
vn 0.5098033547 0.0411289148 -0.8593072295
v 14.61026955 26.9832058 28.43558502
vn 0.9385668039 0.2501164973 0.2377690226
v 14.5406189 27.48089027 27.07069016
vn 0.9222927094 0.3729152977 -0.1015398279
v 14.18449211 27.62422371 28.97624779
vn 0.8320124745 0.4114413857 0.3721172214
v 14.39642525 26.98590088 29.05338669
vn 0.8850646019 0.2518841028 0.3914269507
v 14.73407459 26.89821815 27.14110184
vn 0.9702699184 0.2269521952 -0.08407725394
v 11.49328804 26.47111702 31.40474701
vn 0.9130379558 0.278170228 0.2983002067
v 14.3989048 27.61981773 28.35865402
vn 0.8858255148 0.4093152583 0.2185731381
v 12.1062603 26.61956024 31.23191452
vn 0.3064880967 0.1683451682 0.9368697405
v 13.22272587 26.8360672 30.59562302
vn 0.5928984284 0.2178994864 0.775236249
v 11.39250183 26.78353691 31.36806488
vn 0.8541160226 0.4317091107 0.2900226116
v 14.21835327 23.81657028 27.60845184
vn 0.8394351006 -0.5425559878 0.03133302927
v 13.8373661 24.61658287 25.19442558
vn 0.7447527647 -0.3480359912 -0.5693981647
v 13.530756 24.92426491 24.70582008
vn 0.6697731614 -0.2731648088 -0.6904960871
v 14.06433964 24.34532547 25.74425888
vn 0.8007023931 -0.4142352641 -0.4327641726
v 14.20561314 24.11773872 26.34063148
vn 0.8357539773 -0.4697237611 -0.2843850553
v 14.25741196 23.93990326 26.96761131
vn 0.8488080502 -0.5129011273 -0.1282862276
v 12.52929115 24.74141121 30.9020462
vn 0.4232605398 -0.3065705001 0.8525637984
v 13.88117027 24.37558174 29.55404282
vn 0.7574007511 -0.3998012543 0.5162393451
v 14.3989048 24.34047508 28.35865402
vn 0.8852984309 -0.4105561078 0.2183811963
v 14.18449211 24.33606911 28.97624779
vn 0.8323641419 -0.4106139839 0.3722446561
v 14.22152615 25.77363968 25.3342495
vn 0.8439801335 -0.05750826746 -0.533282578
v 14.15593624 25.36656952 25.31037521
vn 0.8265929222 -0.159888342 -0.5396108031
v 14.46413422 24.61021423 26.43472481
vn 0.9010493755 -0.346680522 -0.2606197894
v 14.5406189 24.47940254 27.07069016
vn 0.920073092 -0.3781408966 -0.1023472771
v 14.2912693 24.77761841 25.82685471
vn 0.858317256 -0.3061327934 -0.4117939174
v 14.08948135 23.75103378 28.24603271
vn 0.8078444004 -0.5578667521 0.1901895702
v 13.25264263 25.45054245 24.32787132
vn 0.6057311296 -0.14351888 -0.7826187611
v 14.0266428 24.97714806 25.26331711
vn 0.7931967974 -0.2576685846 -0.5517660379
v 13.77744198 25.50502014 24.79560661
vn 0.7341803312 -0.1265635937 -0.6670538783
v 14.51868057 24.38868332 27.71776199
vn 0.9147907495 -0.399631381 0.05875938013
v 12.29552841 24.29610062 30.8169651
vn 0.3652576506 -0.4186572731 0.8314523101
v 13.57837105 23.79876137 29.4438324
vn 0.6819025278 -0.5441709161 0.4887606204
v 13.87423706 23.7450428 28.86332321
vn 0.7548624873 -0.5584094524 0.3440370858
v 14.44628334 25.24450874 25.88327599
vn 0.8979352117 -0.1892238557 -0.3973746896
v 12.76394463 25.71175957 23.98095322
vn 0.4954638183 -0.08431847394 -0.8645264506
v 14.640728 25.14209747 26.49899864
vn 0.9458656907 -0.2136631757 -0.2443075627
v 13.20978737 23.91074944 29.97205353
vn 0.590928793 -0.5155414939 0.6204999089
v 14.61026955 24.97708702 28.43558502
vn 0.9382442832 -0.2514347434 0.237651512
v 14.72383118 25.00657845 27.79243088
vn 0.9663648605 -0.2452099472 0.07753074914
v 14.73407459 25.06207657 27.14110184
vn 0.9689121246 -0.232501626 -0.0845714882
v 8.54843235 23.81933022 29.93696976
vn -0.5721293092 -0.5477281809 0.6104604006
v 8.463028908 24.4484005 30.30182457
vn -0.5706676245 -0.7885614038 -0.2291492373
v 14.08800888 24.99856377 29.62932587
vn 0.8088857532 -0.2439282537 0.5349792838
v 13.69326115 25.04895782 30.14802551
vn 0.711119771 -0.230401814 0.6642466784
v 12.68897247 25.2223587 30.96016693
vn 0.4626292288 -0.1856637001 0.8668928146
v 11.39250183 25.17675591 31.36806488
vn 0.8795342445 -0.3699377179 0.2992750704
v 21.46724319 31.13524437 24.58644867
vn 0.009714998305 0.01900513656 0.999772191
v 21.88494301 30.52467728 24.58644867
vn 0.02794650383 0.002466728212 0.9996063709
v 20.12188339 25.83823967 24.58644676
vn -0.0001756420097 -0.01415674202 0.999899745
v 21.86733055 30.63395309 24.58644867
vn 0.0317636095 0.006601807196 0.9994736314
v 0.03727400675 20.87088013 24.58644867
vn -1.205418982e-07 1.243746055e-06 1
v 2.243314505 23.48575783 24.58644867
vn -1.891335501e-06 -4.145901755e-07 1
v 2.159322262 23.82672501 24.58644867
vn -2.338222203e-06 -9.850433571e-07 1
v 3.576977491 24.17382622 24.58644867
vn 5.591618901e-07 1.122924829e-07 1
v 3.964108229 23.02229118 24.58644867
vn 5.290846161e-07 2.45461365e-07 1
v 20.53921318 32.12260818 24.58644867
vn -6.025294397e-07 1.409704964e-06 1
v 21.89071465 25.83823967 24.58644676
vn 0.002700340701 -0.02133686841 0.9997686744
v 21.89071465 26.28595734 24.58644676
vn 0.05846488103 0.0003354173969 0.9982894063
v -1.066402912 32.40484619 24.58644867
vn 8.742277657e-08 6.123234263e-17 1
v 21.78819847 26.71177101 24.58644676
vn 0.02117064781 0.01132595912 0.9997116923
v 21.56337166 26.95226669 24.58644676
vn 0.0115025714 0.01631844789 0.9998006821
v 21.84162712 24.41956329 24.58644867
vn 8.742277657e-08 6.123234263e-17 1
v 22.16013908 20.88661385 24.58644867
vn 8.742277657e-08 6.123234263e-17 1
v 23.26872253 19.36642456 24.58644867
vn 8.742277657e-08 6.123234263e-17 1
v 22.0279789 27.72732544 24.58644867
vn 8.742277657e-08 6.123234263e-17 1
v 21.46724319 27.00703812 24.58644676
vn 0.009714878164 0.01900512911 0.999772191
v 21.88494301 26.39646912 24.58644676
vn 0.03638666496 0.003211728996 0.9993326068
v 24.26157951 25.87411118 24.58644676
vn 0.006329664495 -0.0133320801 0.9998911023
v 21.83513641 26.61157036 24.58644676
vn 0.02625748515 0.00937370304 0.9996112585
v -3.337006807 29.91521454 24.58644867
vn 8.742277657e-08 6.123234263e-17 1
v -3.224259377 22.23925209 24.58644867
vn 8.742277657e-08 6.123234263e-17 1
v 18.96789169 29.61519814 24.58644867
vn 8.742277657e-08 6.123234263e-17 1
v 0.6120730639 19.78598785 24.58644867
vn 8.742277657e-08 6.123234263e-17 1
v 18.59708405 31.77617073 24.58644867
vn 8.742277657e-08 6.123234263e-17 1
v 2.152785301 24.83028603 24.58644867
vn 8.742277657e-08 6.123234263e-17 1
v 25.04893303 24.63533401 24.58644867
vn 8.742277657e-08 6.123234263e-17 1
v 21.3836956 28.72889709 24.58644867
vn 8.742277657e-08 6.123234263e-17 1
v 2.576800346 25.50182724 24.58644867
vn 8.742277657e-08 6.123234263e-17 1
v 26.03214073 32.00053787 24.58644867
vn 8.742277657e-08 6.123234263e-17 1
v 24.38677406 26.11229515 24.58644676
vn 0.07912508398 -0.01107960194 0.9968031049
v 24.17247581 25.84551811 24.58644676
vn 0.002213689266 -0.01414008811 0.9998975992
v 24.64712334 24.36388206 24.58644676
vn -0.04391539469 0.002373797586 0.9990324378
v 24.33185768 25.93489838 24.58644676
vn 0.0142285414 -0.01223690342 0.9998238683
v 21.36454964 27.04826546 24.58644676
vn 0.002851558616 0.007849182934 0.9999651313
v 21.86733055 26.50574684 24.58644676
vn 0.03176398575 0.006601804867 0.9994735718
v 25.83646965 22.65870667 24.58644867
vn 8.742277657e-08 6.123234263e-17 1
v -4.131928921 22.08104324 24.58644867
vn 8.742277657e-08 6.123234263e-17 1
v 21.84064674 22.00852966 24.58644867
vn 8.742277657e-08 6.123234263e-17 1
v 23.29494095 21.7382412 24.58644867
vn 8.742277657e-08 6.123234263e-17 1
v 18.01495361 22.26218605 24.58644867
vn 8.742277657e-08 6.123234263e-17 1
v 18.69749832 28.72531319 24.58644867
vn 8.742277657e-08 6.123234263e-17 1
v -3.559042931 21.51545906 24.58644867
vn 8.742277657e-08 6.123234263e-17 1
v -3.246948004 30.86219406 24.58644867
vn 8.742277657e-08 6.123234263e-17 1
v -2.462040186 21.32923698 24.58644867
vn 8.742277657e-08 6.123234263e-17 1
v 23.54666901 32.45773697 24.58644867
vn 8.742277657e-08 6.123234263e-17 1
v -1.993699908 20.69139671 24.58644867
vn 8.742277657e-08 6.123234263e-17 1
v 23.54566956 24.63961029 24.58644867
vn 8.742277657e-08 6.123234263e-17 1
v 24.64434814 32.71532822 24.58644867
vn 8.742277657e-08 6.123234263e-17 1
v 27.56972885 18.59847069 24.08644676
vn 0.6122054458 -0.4698063433 -0.635992527
v 0.6316670179 32.16379547 24.58644867
vn 8.742277657e-08 6.123234263e-17 1
v 25.14282608 31.22577858 24.58644867
vn 8.742277657e-08 6.123234263e-17 1
v -3.750725031 28.67810631 24.58644867
vn 8.742277657e-08 6.123234263e-17 1
v 19.39930153 22.9503479 24.58644867
vn 8.742277657e-08 6.123234263e-17 1
v 26.35620308 17.98014641 24.08644676
vn 0.0007952740416 -0.292414844 -0.9562912583
v 27.78278923 19.01662254 24.08644676
vn 0.5527182221 -0.1957602352 -0.8100497127
v -3.615967512 29.62724304 24.58644867
vn 8.742277657e-08 6.123234263e-17 1
v 25.31017494 21.51440239 24.58644867
vn 8.742277657e-08 6.123234263e-17 1
v -0.2181077003 31.14625168 24.58644867
vn 8.742277657e-08 6.123234263e-17 1
v 18.83118439 23.9666214 24.58644867
vn 8.742277657e-08 6.123234263e-17 1
v 21.28909683 24.47587776 24.58644867
vn 8.742277657e-08 6.123234263e-17 1
v 18.94666862 30.83851051 24.58644867
vn 8.742277657e-08 6.123234263e-17 1
v 25.15330696 23.14085388 24.58644867
vn 8.742277657e-08 6.123234263e-17 1
v 2.769863129 19.6145134 24.58644867
vn 8.742277657e-08 6.123234263e-17 1
v 0.7177790403 21.7719841 24.58644676
vn 0.002255869564 -0.0116793653 0.9999292493
v -3.509845495 27.51866913 24.58644867
vn 8.742277657e-08 6.123234263e-17 1
v -0.8173808455 23.73776627 24.58644867
vn 8.742277657e-08 6.123234263e-17 1
v -3.363451481 24.24769211 24.58644867
vn 8.742277657e-08 6.123234263e-17 1
v 24.2010746 32.18017578 24.58644867
vn 8.742277657e-08 6.123234263e-17 1
v 0.3623252511 22.16781044 24.58644867
vn 8.742277657e-08 6.123234263e-17 1
v -1.646962047 29.03594398 24.58644867
vn 8.742277657e-08 6.123234263e-17 1
v 23.74424553 20.58334351 24.58644676
vn 0.01416329853 -0.02770117857 0.9995158911
v 17.70177841 30.69135857 24.58644867
vn 8.742277657e-08 6.123234263e-17 1
v 24.96462059 29.75802612 24.58644867
vn 8.742277657e-08 6.123234263e-17 1
v 21.98420906 23.24582481 24.58644676
vn -0.0002170960797 0.00980276335 0.9999518991
v 19.98185158 25.08563232 24.58644676
vn -0.009036851116 0.01297803316 0.9998749495
v 21.72595978 26.8031826 24.58644676
vn 0.01696406305 0.01284303237 0.9997736216
v 18.35219574 23.60405731 24.58644867
vn 8.742277657e-08 6.123234263e-17 1
v -3.973747969 26.48753166 24.58644867
vn 8.742277657e-08 6.123234263e-17 1
v 21.65065193 26.88425064 24.58644676
vn 0.01384232007 0.01430809218 0.9998018146
v 20.6639843 32.17212296 24.58644867
vn -5.141540669e-07 1.451347657e-06 1
v 20.4187355 32.06348801 24.58644867
vn -7.132799738e-07 1.332546958e-06 1
v 4.532080173 21.94835281 24.58644867
vn 4.776072728e-07 3.074551955e-07 1
v 21.36455345 31.1764698 24.58644867
vn 4.544029366e-07 1.250792366e-06 1
v 21.46724701 31.13524246 24.58644867
vn 1.522882258e-06 2.979141755e-06 1
v -0.3107853532 21.68532372 24.58644867
vn -1.809137906e-08 -5.449097443e-06 1
v 22.2998867 30.91749763 24.58644867
vn -1.32311061e-06 3.448373036e-07 1
v 22.14712334 30.4141674 24.58644867
vn -9.932001603e-07 -7.449374806e-08 1
v -0.1040459797 21.68877411 24.58644867
vn 1.314521683e-07 -5.400203463e-06 1
v 21.31379128 28.46644592 24.58644867
vn -0.001757228281 -0.04568950087 0.9989541173
v 19.64712334 28.40234375 24.58644867
vn 0.02780020051 -0.005691521801 0.999597311
v 21.83513641 30.7397747 24.58644867
vn 0.02625746652 0.009373709559 0.9996112585
v 20.92917633 31.44080353 24.58644867
vn 0.003703799564 -0.02160561457 0.9997597337
v 21.36454964 31.1764698 24.58644867
vn 0.002851536265 0.007849232294 0.9999651313
v 16.1644249 28.77707291 24.08644676
vn -0.0208998844 -0.01025889535 -0.9997289181
v 13.19420242 31.50588226 24.08644867
vn -0.02638034895 -0.05768858269 -0.9979860187
v 16.79569054 26.83014679 24.08644676
vn -0.002833449515 0.002003501402 -0.9999939799
v 16.56368637 27.83072472 24.08644676
vn -0.05902566761 -0.01728747226 -0.9981067777
v 5.053408146 27.50578308 24.08644676
vn 0.05941005796 -0.0174523741 -0.9980810881
v 8.210186958 31.36518097 24.08644867
vn 0.0267070923 -0.05852857605 -0.9979284406
v 6.554117203 30.16249657 24.08644867
vn 0.08660555631 -0.089157179 -0.9922451973
v 7.330491066 30.83497429 24.08644867
vn 0.07326877862 -0.1072152928 -0.991532445
v 10.17415142 31.94125366 24.08644867
vn 0.003591353307 -0.04200360924 -0.9991109967
v 15.60960484 29.6414547 24.08644867
vn -0.1009663939 -0.07326216251 -0.9921886921
v 23.17276573 31.44080353 24.58644867
vn -0.00266664126 -0.06222196668 0.9980587959
v 21.78819847 30.83997536 24.58644867
vn 0.02117060497 0.0113259349 0.9997117519
v 21.56337166 31.08047104 24.58644867
vn 0.01150244009 0.01631805673 0.9998006821
v 24.64712334 28.49208641 24.58644867
vn -0.04391540959 0.002373796422 0.9990324378
v 19.64712334 24.36388206 24.58644676
vn 0.02671844698 0.003392754355 0.9996372461
v 2.00206995 23.35279655 24.58644867
vn 1.009575158e-06 2.018070262e-07 1
v 2.271357536 23.1356163 24.58644867
vn -2.669377182e-06 3.543224381e-09 1
v 22.37158775 30.99703598 24.58644867
vn -1.169926804e-06 4.095800534e-07 1
v 21.25824547 31.20725441 24.58644867
vn 5.650810522e-07 9.335129221e-07 1
v 21.14949417 31.22787285 24.58644867
vn 6.814777294e-07 4.378941867e-06 1
v 20.30516434 31.99195862 24.58644867
vn -8.472350714e-07 1.201538453e-06 1
v 20.20402718 31.90353966 24.58644867
vn -9.888254908e-07 1.004148658e-06 1
v 19.90353394 28.96284294 24.58644867
vn -3.756892283e-06 6.171347167e-08 1
v 17.74829102 28.93802834 24.58644867
vn -4.115755132e-07 -2.150937632e-07 1
v -3.833723783 20.65318489 24.58644867
vn 8.742277657e-08 6.123234263e-17 1
v 20.06322289 25.12376213 24.58644676
vn -0.003020055825 0.01386307739 0.9998993278
v 19.93002319 25.01247597 24.58644676
vn -0.00621322589 0.003312426852 0.9999752045
v 24.39071465 26.20582771 24.58644676
vn 0.045399189 -0.0004989513545 0.99896878
v 24.3693161 26.02031136 24.58644676
vn 0.00260166917 -0.0009144688374 0.9999961853
v 24.079216 25.83823967 24.58644676
vn 5.093445361e-05 -0.02769415081 0.9996164441
v 22.14712334 25.83823967 24.58644676
vn -0.002008488635 -0.004333741963 0.9999886155
v 20.92917633 27.31259918 24.58644676
vn 0.003703819588 -0.02160551958 0.9997597337
v 23.17276573 27.31259918 24.58644676
vn -0.002666651737 -0.06222159788 0.9980587959
v 2.937671661 28.14095688 24.58644867
vn 8.742277657e-08 6.123234263e-17 1
v 0.8925843835 28.43516159 24.58644867
vn 8.742277657e-08 6.123234263e-17 1
v 3.324666739 28.55386925 24.58644867
vn 8.742277657e-08 6.123234263e-17 1
v -1.207439423 28.96801186 24.58644867
vn 8.742277657e-08 6.123234263e-17 1
v 11.20086575 31.97024155 24.08644867
vn -0.003625568468 -0.04200316593 -0.9991108775
v 9.167424202 31.73757935 24.08644867
vn 0.01070583239 -0.04078713804 -0.9991105199
v 14.91548538 30.39854431 24.08644867
vn -0.08735586703 -0.08978386968 -0.9921228886
v 14.10240936 31.02614975 24.08644867
vn -0.03582205996 -0.05232791603 -0.9979872704
v 15.85620403 26.83014679 24.08644676
vn -0.4547357857 0.2513046861 -0.8544362783
v 15.85620403 25.13014603 24.08644676
vn -0.4169498384 -0.4608454108 -0.7834374905
v 21.89071465 29.96644592 24.58644867
vn 0.002901143394 -0.0229236111 0.9997330308
v 22.14712334 29.96644592 24.58644867
vn -0.00195805775 -0.004224943463 0.999989152
v 21.72595978 30.93138695 24.58644867
vn 0.01696405932 0.01284302957 0.9997736216
v 24.39071465 30.33403587 24.58644867
vn 0.0453992039 -0.0004989512381 0.99896878
v 19.93002319 29.14068222 24.58644867
vn -0.006213179789 0.003312427783 0.9999752045
v 19.90353394 28.96283913 24.58644867
vn -0.04602712393 0.00076105271 0.9989398718
v -0.9247268438 21.71644974 24.58644867
vn -2.422846137e-07 -1.023566483e-06 1
v 2.157262325 22.45084572 24.58644867
vn -1.260865702e-06 5.455879659e-07 1
v 2.243337631 22.78837967 24.58644867
vn -2.407247621e-06 4.357992793e-07 1
v 21.89071465 30.41414452 24.58644867
vn 1.100824079e-06 1.370042924e-07 1
v 2.207250834 32.88575363 24.58644867
vn -2.657273512e-07 4.788107049e-07 1
v 21.0396347 31.24127579 24.58644867
vn 8.6880803e-08 5.531207989e-07 1
v 5.265990257 20.98020554 24.58644867
vn 3.737028749e-07 -3.925911685e-08 1
v 19.90888214 29.05306625 24.58644867
vn -4.541667295e-06 8.149194173e-07 1
v 19.9300251 29.14068604 24.58644867
vn -9.655737813e-06 4.382582574e-06 1
v 20.56923485 22.95809937 24.58644867
vn -6.537955778e-05 0.0001298990101 1
v -3.065246344 21.66342163 24.58644867
vn 8.742277657e-08 6.123234263e-17 1
v 0.4834109247 20.26395988 24.58644867
vn 8.742277657e-08 6.123234263e-17 1
v -3.270227671 29.53720474 24.58644867
vn 8.742277657e-08 6.123234263e-17 1
v 19.16512108 21.45174026 24.58644867
vn 8.742277657e-08 6.123234263e-17 1
v 21.9942894 31.81513596 24.58644867
vn 8.742277657e-08 6.123234263e-17 1
v 2.733950615 24.25221443 24.58644867
vn 8.742277657e-08 6.123234263e-17 1
v 21.45575523 21.27308083 24.58644867
vn 8.742277657e-08 6.123234263e-17 1
v 24.73455048 27.5423336 24.58644867
vn 8.742277657e-08 6.123234263e-17 1
v 20.36403465 20.72061157 24.58644676
vn -0.01228955574 -0.01522449311 0.9998085499
v 24.09316444 22.68612862 24.58644676
vn 0.0160527844 0.01513550058 0.9997565746
v 2.314987183 20.74853516 24.58644867
vn 8.742277657e-08 6.123234263e-17 1
v 25.56265259 32.11514282 24.58644867
vn 8.742277657e-08 6.123234263e-17 1
v 12.21748066 31.82368469 24.08644867
vn -0.01615954936 -0.0613617897 -0.997984767
v -5.704456329 33.54080582 24.08644867
vn -0.593973279 0.6259787679 -0.5053180456
v -5.857322693 33.36182785 24.08644867
vn -0.6122041345 0.4698101878 -0.6359909177
v 20.66397858 32.17212296 24.58644867
vn -0.007308319677 0.02064912394 0.9997600913
v 18.33485794 35.3646965 24.08644867
vn 0.06361549348 0.07538165152 -0.995123446
v 20.92041779 32.25174332 24.58644867
vn -0.01640674472 0.06305403262 0.9978752732
v 21.89071465 30.41416168 24.58644867
vn 0.03897122294 0.0002235811844 0.9992402792
v 24.38677406 30.2405014 24.58644867
vn 0.07912497967 -0.01107941847 0.9968031049
v 20.79136658 32.21459198 24.58644867
vn -0.001624402357 0.005366992205 0.9999842644
v 24.3693161 30.1485157 24.58644867
vn 0.002601685701 -0.0009144679643 0.9999961853
v 24.17247581 29.97372246 24.58644867
vn 0.002213598229 -0.01414007507 0.9998975992
v 20.12188339 29.96644592 24.58644867
vn -0.0001756127458 -0.01415670849 0.999899745
v -2.792730808 26.17245483 24.58644867
vn 8.145178754e-07 1.873904552e-07 1
v 19.90888214 29.05306244 24.58644867
vn -0.08342587948 0.01494813152 0.9964018464
v -0.7205193639 21.69814682 24.58644867
vn -3.977822871e-07 -5.290847639e-06 1
v -0.5157665014 21.68823242 24.58644867
vn -1.978986717e-07 -5.431860245e-06 1
v -1.808173776 21.27297211 24.58644867
vn 4.417507e-07 8.005809491e-07 1
v 21.78820038 30.83997154 24.58644867
vn 0.0001197411257 6.40587532e-05 1
v 21.88494301 30.52467155 24.58644867
vn 2.660219252e-06 2.347910311e-07 1
v 2.016658545 32.80013275 24.58644867
vn -1.728183321e-07 4.920433412e-07 1
v 1.814388871 32.7477684 24.58644867
vn -8.595846168e-08 5.04414345e-07 1
v -0.3107526004 20.85194397 24.58644867
vn -5.35457545e-09 1.27001897e-06 1
v 21.89064407 29.96644592 24.58644867
vn 3.151081387e-07 -2.241108177e-06 1
v 20.12187958 29.96644783 24.58644867
vn -5.090513966e-08 -1.071733209e-06 1
v 1.60596478 32.73014832 24.58644867
vn -1.003886418e-09 4.670121996e-07 1
v -4.393796444 32.72960663 24.58644867
vn -3.240283775e-07 1.22996795e-07 1
v 20.22551346 23.32536507 24.58644867
vn 1.066611503e-06 -1.270408006e-06 1
v 20.00243378 23.05292702 24.58644867
vn 1.043245334e-06 -8.056018714e-07 1
v 19.9139061 30.10249138 24.58644867
vn -6.642721019e-06 -1.615248266e-06 1
v 19.82286644 22.74996567 24.58644867
vn 1.8351883e-06 -1.05446054e-06 1
v 19.68957901 22.42404366 24.58644867
vn 1.533337468e-06 -4.947939942e-07 1
v 17.18031693 30.0119648 24.58644867
vn -3.792899008e-07 -2.552963281e-07 1
v 23.91802406 20.69467545 24.58644867
vn 6.488297367e-05 -9.052282257e-05 1
v 25.83635139 29.40830231 24.58644867
vn 8.742277657e-08 6.123234263e-17 1
v 23.74423409 20.58333969 24.58644867
vn 3.249775204e-07 -6.715829386e-07 1
v 24.0729084 20.83214569 24.58644867
vn 8.869293993e-07 -7.922759551e-07 1
v 24.20659828 20.98941994 24.58644867
vn 4.690988135e-06 -3.596872602e-06 1
v 19.58302307 21.73004723 24.58644867
vn 1.904884925e-06 -2.310105529e-08 1
v 20.07810402 21.01313972 24.58644867
vn -2.216291614e-05 -1.506763692e-05 1
v 20.21104622 20.85667419 24.58644867
vn -5.724003245e-07 -4.94123924e-07 1
v 20.53523064 20.60754585 24.58644676
vn -0.008691240102 -0.01448105182 0.9998573661
v 23.8229866 31.58124542 24.58644867
vn 8.742277657e-08 6.123234263e-17 1
v 27.4168644 18.419487 24.08644676
vn 0.5939743519 -0.625974834 -0.5053216815
v 5.054283142 15.47597218 24.08644676
vn -0.0615683198 -0.104424201 -0.9926252961
v -6.070380688 32.94367218 24.08644867
vn -0.5527169108 0.1957564205 -0.8100515008
v -5.980306149 33.16113281 24.08644867
vn -0.5936052203 0.3223360181 -0.7373821139
v 24.33185768 30.06310272 24.58644867
vn 0.01422826946 -0.01223691087 0.9998238683
v 21.65065193 31.01245499 24.58644867
vn 0.01384243928 0.01430823468 0.9998018146
v -2.617000103 24.13546562 24.58644867
vn 7.47251363e-07 -4.077011795e-07 1
v 24.079216 29.96644592 24.58644867
vn 5.092192441e-05 -0.02769407816 0.9996164441
v -2.437431812 24.43842506 24.58644867
vn 1.453566711e-06 -1.137584945e-06 1
v -0.9374708533 20.91520309 24.58644867
vn 2.460018891e-07 1.319667831e-06 1
v -0.6258024573 20.86706352 24.58644867
vn 8.599842261e-08 8.349215364e-07 1
v 2.38075304 18.95809364 24.58644867
vn -7.20149842e-07 -8.986790476e-07 1
v 2.657470226 18.64697838 24.58644867
vn 2.458373842e-07 -4.945087539e-07 1
v 22.19758606 30.73010635 24.58644867
vn -1.663366447e-06 2.209099819e-07 1
v 20.0632267 29.25197029 24.58644867
vn -1.296833858e-07 9.533328011e-07 1
v 2.017029047 22.13197327 24.58644867
vn -8.850270206e-07 5.072976705e-07 1
v 16.4464035 30.98010826 24.58644867
vn -2.804434018e-07 6.907914241e-09 1
v 24.38677406 30.2404995 24.58644867
vn 3.352652811e-06 -4.694727807e-07 1
v 24.39071465 30.33403015 24.58644867
vn 2.969265324e-06 -3.263394177e-08 1
v 24.2615757 30.00231743 24.58644867
vn 6.8897657e-06 -1.45119111e-05 1
v 24.36931419 30.14851189 24.58644867
vn 7.304770861e-06 -2.567658612e-06 1
v 24.29667473 29.22382736 24.58644867
vn 1.510665584e-07 9.640227745e-07 1
v 23.55547523 20.49807167 24.58644867
vn 5.537291872e-05 -0.0001506673725 1
v 23.35906792 20.43383598 24.58644867
vn 1.153606809e-05 -4.349771916e-05 1
v 22.45494461 31.06422997 24.58644867
vn -9.114841646e-07 4.296300062e-07 1
v 22.54777908 31.11765099 24.58644867
vn -4.902542514e-07 3.124834222e-07 1
v 20.92917633 31.4407959 24.58644867
vn 4.855793279e-08 -5.664862783e-07 1
v 20.92918205 31.24849701 24.58644867
vn 1.215961447e-07 2.778851353e-07 1
v 19.94830513 31.40964317 24.58644867
vn -1.169487291e-06 3.04201734e-07 1
v 20.71926308 20.5177269 24.58644867
vn -1.803686609e-05 -4.071975854e-05 1
v 0.8090386391 31.77595711 24.58644867
vn 8.742277657e-08 6.123234263e-17 1
v 22.01724052 32.23578644 24.58644867
vn 8.742277657e-08 6.123234263e-17 1
v 27.69271278 18.79916191 24.08644676
vn 0.5936072469 -0.3223390579 -0.7373791337
v 3.377548695 16.59560204 24.08644676
vn -0.06293942034 -0.07458044589 -0.9952268004
v -5.704456329 18.419487 24.08644676
vn -0.6259765625 -0.5939741135 -0.5053197742
v 21.18206406 32.31214142 24.58644867
vn -0.01197574567 0.05873688683 0.9982016683
v 21.0508194 32.28375626 24.58644867
vn -0.01352682058 0.06001519039 0.998105824
v -2.536334276 26.39882469 24.58644867
vn -4.356982117e-06 1.719353833e-07 1
v -0.515753746 21.68823051 24.58644676
vn -0.0003786754387 -0.01023383811 0.9999475479
v 24.26157951 30.00231743 24.58644867
vn 0.006329739932 -0.01333205868 0.9998911023
v -2.361758947 22.39862442 24.58644676
vn -0.02182559296 -0.01483839564 0.9996516705
v -2.750288486 23.80954361 24.58644867
vn 2.511162393e-06 -9.790938975e-07 1
v 21.86733246 30.63394737 24.58644867
vn 2.430246468e-06 5.051009566e-07 1
v 22.15242386 30.52114677 24.58644867
vn -8.124449096e-07 8.161227072e-08 1
v 21.56337547 31.08046913 24.58644867
vn 4.39096948e-06 6.229237442e-06 1
v 2.532199144 18.81415176 24.58644867
vn -9.145821309e-07 -8.134605309e-07 1
v 2.207268476 19.07453156 24.58644867
vn -4.83162296e-07 -8.834356322e-07 1
v 22.24141884 30.82780647 24.58644867
vn -1.532930014e-06 2.950912403e-07 1
v 23.06585503 27.11349869 24.58644867
vn -3.911808903e-07 4.650178198e-06 1
v -4.393436909 19.23014641 24.58644867
vn -4.640532438e-07 -1.896404598e-07 1
v 20.15309143 29.2613163 24.58644867
vn -1.308902586e-08 6.22187315e-07 1
v 24.39071465 28.98585701 24.58644867
vn 1.554144546e-06 1.833733521e-08 1
v 24.17247009 25.84551811 24.58644867
vn 8.907753681e-07 -5.691969818e-06 1
v 21.15753365 23.16131783 24.58644867
vn -1.489415382e-07 6.220572004e-07 1
v 22.19220734 23.24854469 24.58644867
vn -2.521619358e-08 1.852192099e-06 1
v 24.32722282 22.35597229 24.58644867
vn 2.408085675e-05 1.074507509e-05 1
v 20.09364128 22.56193352 24.58644867
vn -8.496261216e-06 6.69242354e-06 1
v 24.212883 29.25349998 24.58644867
vn 3.216996092e-08 9.457700116e-07 1
v 24.12429237 29.2613163 24.58644867
vn 2.197599969e-08 6.91345349e-07 1
v 22.14712334 29.966465 24.58644867
vn -3.07951268e-07 -1.328901249e-06 1
v 0.7177662849 21.77198219 24.58644867
vn 1.136193987e-05 -5.882522601e-05 1
v 0.5140578151 21.73686028 24.58644867
vn 4.166818599e-06 -3.045378435e-05 1
v 20.75876808 23.04427338 24.58644867
vn -1.426460312e-05 3.763181303e-05 1
v 20.95548439 23.11167526 24.58644867
vn -5.219209015e-06 1.881249227e-05 1
v 19.98834991 31.54435539 24.58644867
vn -7.027504694e-07 2.699751462e-07 1
v 21.3119812 20.35827065 24.58644867
vn -1.599598249e-06 -9.344080354e-06 1
v 19.97233391 21.18825722 24.58644867
vn -9.500278247e-05 -4.370463648e-05 1
v 19.89701462 21.37938499 24.58644867
vn -1.056231122e-05 -2.930088158e-06 1
v -3.411974907 22.87325478 24.58644867
vn 8.742277657e-08 6.123234263e-17 1
v -0.03596937284 26.43240547 24.58644867
vn 8.742277657e-08 6.123234263e-17 1
v -4.878447056 33.96168137 24.08644867
vn -0.1304372847 0.9911510944 -0.02460835688
v -5.525474072 18.26662064 24.08644676
vn -0.5687497854 -0.7411322594 -0.3567165434
v 20.41872978 32.06348419 24.58644867
vn -0.009031076916 0.01690840349 0.9998162389
v 20.53920746 32.12260437 24.58644867
vn -0.008033164777 0.01879791357 0.9997910261
v -2.526776791 26.52780914 24.58644867
vn -2.325095193e-05 5.294597486e-06 1
v -2.83066988 23.46670532 24.58644867
vn 2.862068186e-06 -4.876527555e-07 1
v 20.03286171 29.97852325 24.58644867
vn -5.89719275e-06 -1.406148476e-05 1
v 22.16850853 30.62705994 24.58644867
vn -1.323540801e-06 1.145759327e-07 1
v -2.467530251 22.57374382 24.58644676
vn -0.04617974535 -0.02124469914 0.9987072349
v 21.83513832 30.73977089 24.58644867
vn 4.089390131e-06 1.459867917e-06 1
v 21.65065575 31.01245308 24.58644867
vn 9.40680693e-05 9.723244875e-05 1
v 20.6639843 28.04392052 24.58644867
vn -1.870171786e-07 5.126694305e-07 1
v 22.95932007 27.10234642 24.58644867
vn -6.716599046e-07 5.125133157e-06 1
v 24.07911873 25.83823967 24.58644867
vn 8.757578485e-08 -1.955291964e-06 1
v 1.829418898 21.83846474 24.58644867
vn -8.071230582e-07 7.46477042e-07 1
v 0.7143959999 21.03042793 24.58644867
vn -3.693541828e-07 1.250920945e-06 1
v 19.90303802 22.19384766 24.58644867
vn -2.51520396e-05 8.950987649e-06 1
v 20.2307663 22.71787643 24.58644867
vn -4.663871096e-06 5.085656085e-06 1
v 1.031951427 21.17399597 24.58644867
vn -5.070946258e-07 1.028950351e-06 1
v 21.56907082 23.22106361 24.58644867
vn -8.533172149e-06 9.295595373e-05 1
v 22.59826279 23.23499107 24.58644867
vn 4.627989938e-07 5.901996701e-06 1
v 22.80056572 23.21611977 24.58644867
vn 7.556080845e-07 5.96105383e-06 1
v 24.27881813 23.06432152 24.58644867
vn -1.748567001e-06 -1.554588039e-06 1
v 21.9842205 23.24582672 24.58644867
vn -1.00030995e-07 4.426248324e-06 1
v 19.33167648 18.95811272 24.58644867
vn 5.316022111e-07 -6.634186889e-07 1
v 16.44652939 20.98000717 24.58644867
vn -3.807017492e-07 6.47670495e-09 1
v 1.32863605 21.35686493 24.58644867
vn -8.221445569e-07 1.3110689e-06 1
v 1.814408898 19.21252251 24.58644867
vn -1.749520493e-07 -1.025986194e-06 1
v 20.48876953 23.55918312 24.58644867
vn 3.642293223e-07 -5.486499504e-07 1
v 19.64713669 24.36388206 24.58644867
vn 8.848273296e-07 7.374164568e-08 1
v 20.04388809 31.67368317 24.58644867
vn -1.178906018e-06 6.339053584e-07 1
v 19.92238808 31.27152252 24.58644867
vn -1.183136646e-06 1.877041456e-07 1
v 19.90819931 31.13161278 24.58644867
vn -5.79301684e-07 3.459514915e-07 1
v 19.68215942 21.10947037 24.58644867
vn 1.51867016e-06 5.424370784e-07 1
v 17.82476616 31.29311752 24.58644867
vn 8.742277657e-08 6.123234263e-17 1
v 22.94788361 26.40418434 24.58644867
vn 8.742277657e-08 6.123234263e-17 1
v 18.92912674 25.53055382 24.58644867
vn 8.742277657e-08 6.123234263e-17 1
v 27.03718948 18.14363861 24.08644676
vn 0.4205955863 -0.8819111586 -0.2129133344
v 14.52492142 25.7325592 25.91189575
vn 0.9184176922 -0.06687039137 -0.3899196386
v 14.7303133 25.69809341 26.53160667
vn 0.9689128995 -0.0744991526 -0.235918805
v -4.64379549 17.98014641 24.08644676
vn -0.001418921282 -0.521728456 -0.8531104326
v -4.64379549 33.98014832 24.08644867
vn -0.0007127445424 0.5151218176 -0.8571166992
v -5.324782372 18.14363861 24.08644676
vn -0.4662580192 -0.8586447239 -0.2129147351
v -6.143796444 19.48014641 24.08644676
vn -0.02903786674 -4.047125185e-05 -0.9995782971
v -2.346354485 26.80657387 24.58644867
vn -5.439975212e-06 6.282491086e-06 1
v -2.856844664 23.11554718 24.58644867
vn 3.271381729e-06 -9.032285142e-09 1
v 19.95582199 30.0234623 24.58644867
vn -3.854430543e-05 -3.054602712e-05 1
v 0.9191999435 21.81933403 24.58644867
vn 5.231058458e-05 -0.0001972389873 1
v -2.061259985 21.4609642 24.58644867
vn 9.53344113e-07 1.407011155e-06 1
v 1.304365635 21.96883583 24.58644867
vn 1.319401599e-05 -2.580559703e-05 1
v 21.72596169 30.93138504 24.58644867
vn 1.122167123e-05 8.495529073e-06 1
v 24.12429237 25.13311195 24.58644867
vn 2.423329093e-08 9.887637589e-07 1
v 23.17276573 27.12030029 24.58644867
vn -1.1182685e-07 1.481234051e-07 1
v 24.26157379 25.87411118 24.58644867
vn 8.61177341e-06 -1.81393807e-05 1
v 20.7913723 28.08638763 24.58644867
vn -1.236791007e-07 1.654941684e-06 1
v 24.39072609 28.49208641 24.58644867
vn 2.375805224e-07 2.120819715e-07 1
v 20.39155579 22.85023499 24.58644867
vn -6.498580092e-07 8.774645721e-07 1
v 19.9831295 22.38535309 24.58644867
vn -9.290694288e-05 5.13626801e-05 1
v 24.64712334 28.49218178 24.58644867
vn -1.56695171e-06 1.445469735e-07 1
v 19.83943176 21.78416634 24.58644867
vn -1.169137704e-06 -6.022099086e-08 1
v 24.224617 22.53091812 24.58644867
vn 8.554166561e-05 5.701605551e-05 1
v 24.05265045 23.33311081 24.58644867
vn -7.510021192e-07 -6.929485039e-07 1
v 19.5051651 19.07454681 24.58644867
vn 2.29217747e-07 -4.130309037e-07 1
v 19.05513 18.64682579 24.58644867
vn -2.141934914e-07 -4.778744938e-07 1
v 23.78690338 23.56285858 24.58644867
vn -3.287320567e-07 -4.940962413e-07 1
v 2.016677618 19.16015434 24.58644867
vn -3.54867808e-07 -1.010310598e-06 1
v 1.597111583 21.57890892 24.58644867
vn -1.149558898e-06 1.434984824e-06 1
v 1.606217146 19.23014641 24.58644867
vn -2.443749203e-09 -9.381526525e-07 1
v -2.454184294 30.12821579 24.58644867
vn -0.005754805636 0.003242551349 0.9999781847
v 19.64712334 28.40218353 24.58644867
vn 2.565445129e-06 -3.84533223e-07 1
v 19.90353394 26.86288643 24.58644867
vn -1.242492431e-06 6.169219802e-09 1
v 19.90888214 24.92486382 24.58644867
vn -1.052473363e-05 3.940122497e-06 1
v 19.90353394 30.99109077 24.58644867
vn -2.072345751e-06 1.653953241e-08 1
v 19.6082592 21.41584778 24.58644867
vn 2.238628213e-06 3.875635457e-07 1
v 23.75870705 26.49355316 24.58644867
vn 8.742277657e-08 6.123234263e-17 1
v 22.99403191 21.17519379 24.58644867
vn 8.742277657e-08 6.123234263e-17 1
v 2.304229021 29.73253632 24.58644867
vn 8.742277657e-08 6.123234263e-17 1
v 27.23788261 18.26662064 24.08644676
vn 0.5291069746 -0.7699342966 -0.3567170203
v 24.93913269 32.1521759 24.58644867
vn 8.742277657e-08 6.123234263e-17 1
v -4.878447056 17.99861526 24.08644676
vn -0.1822285056 -0.9829482436 -0.02460776456
v -5.857322693 18.59847069 24.08644676
vn -0.6359965801 -0.4370624125 -0.6359911561
v -5.107322693 18.05356216 24.08644676
vn -0.3322653174 -0.9381445646 -0.09738848358
v 12.86526299 37.81077194 24.08644867
vn 0.02405729704 0.1209701523 -0.9923645854
v -2.423978806 26.73427582 24.58644867
vn -6.683731044e-06 6.455250059e-06 1
v -2.831610441 22.80134392 24.58644867
vn 1.136933292e-06 1.388660422e-07 1
v 19.98185539 29.21383858 24.58644867
vn -4.47551156e-06 1.113042572e-06 1
v 24.35667038 29.15917015 24.58644867
vn 3.925433703e-07 7.666687907e-07 1
v -2.287410498 21.68065453 24.58644867
vn 1.285960138e-06 1.283918095e-06 1
v 24.39071465 24.85764694 24.58644867
vn 1.942688641e-06 2.292712509e-08 1
v 24.29667664 25.09562302 24.58644867
vn 1.888358412e-07 1.205027502e-06 1
v 1.115608096 21.88356781 24.58644867
vn 3.185278104e-07 -8.015852018e-07 1
v 21.05082512 28.15555191 24.58644867
vn -1.730565486e-07 7.49668402e-07 1
v 24.6471138 30.86388206 24.58644867
vn -1.348312367e-06 -1.971987302e-07 1
v 20.92042351 28.12353706 24.58644867
vn -2.024551975e-07 7.594678664e-07 1
v 24.39071465 30.86386108 24.58644867
vn 2.202028355e-07 -1.77974556e-07 1
v 22.95932007 31.23055077 24.58644867
vn -5.37332653e-07 4.100142178e-06 1
v 19.85493088 21.99156761 24.58644867
vn -8.454550198e-07 1.997608479e-07 1
v 21.36248016 23.19680595 24.58644867
vn -4.261944923e-05 0.0003136082378 0.9999999404
v 0.3087109327 21.71238899 24.58644867
vn 1.75475634e-06 -1.94330205e-05 1
v 23.39600754 23.09041786 24.58644867
vn 6.380043487e-05 0.0001818755554 1
v 24.390728 24.36388206 24.58644867
vn 2.952552336e-07 1.429582994e-07 1
v -1.8017838 30.46470451 24.58644867
vn -0.001818480087 0.03876791149 0.9992465973
v -2.178294182 30.38323975 24.58644867
vn -0.01041039079 0.0242200885 0.9996524453
v 21.4401989 24.00305367 24.58644867
vn 1.870065773e-07 -1.094787876e-06 1
v 19.6957531 19.16016197 24.58644867
vn 2.357649009e-07 -6.712689924e-07 1
v 21.10362244 23.8993721 24.58644867
vn 3.168010778e-07 -9.378872505e-07 1
v -2.33997798 30.2779789 24.58644867
vn -0.01421436947 0.01635873877 0.9997651577
v -2.263386726 30.33711815 24.58644867
vn -0.01228754036 0.02003042772 0.9997238517
v 20.78440666 23.75055695 24.58644867
vn 5.462732702e-07 -1.12474379e-06 1
v 19.90353394 24.36390686 24.58644867
vn -3.202550829e-07 1.833516166e-07 1
v 20.03286171 25.85032082 24.58644867
vn 3.478193094e-06 -1.530552254e-06 1
v 19.90353394 30.19183922 24.58644867
vn -2.247224529e-06 -7.509020605e-08 1
v 17.18025017 21.94823074 24.58644867
vn -5.37219023e-07 3.451023645e-07 1
v -1.83135438 23.5907402 24.58644867
vn 8.742277657e-08 6.123234263e-17 1
v 2.462455988 21.4850769 24.58644867
vn 8.742277657e-08 6.123234263e-17 1
v 20.36402512 20.72062111 24.58644867
vn -5.695128493e-06 -7.055134574e-06 1
v 18.71697617 23.31899834 24.58644867
vn 8.742277657e-08 6.123234263e-17 1
v -0.1040332094 21.68877411 24.58644676
vn 0.0002361155202 -0.009846662171 0.9999514818
v 0.895901978 22.5712986 24.58644867
vn 8.742277657e-08 6.123234263e-17 1
v 20.44156647 30.75178337 24.58644867
vn 8.742277657e-08 6.123234263e-17 1
v 2.660031557 30.98144531 24.58644867
vn 8.742277657e-08 6.123234263e-17 1
v 24.68822861 23.80029106 24.58644867
vn 8.742277657e-08 6.123234263e-17 1
v 14.81760693 37.30742645 24.08644867
vn 0.03514816612 0.09211344272 -0.9951279759
v 20.30516052 31.9919548 24.58644867
vn -0.01050003991 0.01487404387 0.9998342395
v 16.65812492 36.48432159 24.08644867
vn 0.05008549616 0.08494866639 -0.995125711
v -2.757707596 22.49496651 24.58644867
vn 1.994672175e-06 7.641291404e-07 1
v 24.38385201 29.07459831 24.58644867
vn 3.97589929e-06 6.776325563e-07 1
v -2.488817692 26.65099525 24.58644867
vn -5.991972284e-05 3.466675844e-05 1
v 1.76672864 22.37491608 24.58644867
vn 4.690969035e-06 -3.596873057e-06 1
v -1.904647231 21.99304962 24.58644867
vn -3.771625643e-06 -6.283993571e-06 1
v 24.38385201 24.94639397 24.58644867
vn 4.969850124e-06 8.470356079e-07 1
v 24.212883 25.12529564 24.58644867
vn 4.022315991e-08 1.182214532e-06 1
v 23.49097633 23.75227356 24.58644867
vn -5.889265253e-07 -1.336113314e-06 1
v 20.4187355 27.93528366 24.58644867
vn -2.46873185e-07 4.422511495e-07 1
v 24.172472 29.97372246 24.58644867
vn 7.126580499e-07 -4.553686267e-06 1
v 22.74894524 31.19052505 24.58644867
vn -2.13276607e-07 3.753756914e-07 1
v 20.53921318 27.99440384 24.58644867
vn -2.133632222e-07 4.816743058e-07 1
v 23.17276573 31.24850464 24.58644867
vn -1.019437761e-07 1.491265351e-07 1
v 23.17267609 31.44080353 24.58644867
vn -1.575435391e-07 -1.84817236e-06 1
v 23.58560181 23.01732635 24.58644867
vn 4.910354505e-07 9.70196993e-07 1
v 23.06585312 31.24170113 24.58644867
vn -3.129430297e-07 3.720163932e-06 1
v 23.20059395 23.14579964 24.58644867
vn 9.482608903e-07 3.615301921e-06 1
v 24.71122551 21.75012207 24.58644867
vn -3.191972155e-06 3.824529582e-09 1
v -1.898231745 30.45633698 24.58644867
vn -0.00410977006 0.03653883189 0.9993237853
v -2.403611898 30.20804596 24.58644867
vn -0.0164828673 0.01333309896 0.9997752309
v -2.792743683 29.76219749 24.58644867
vn 0.01777221262 0.005468348041 0.9998270869
v 1.586473823 27.29430008 24.58644676
vn 0.01098768692 -0.02157978155 0.9997067451
v -1.993758202 30.44062233 24.58644867
vn -0.006304133218 0.03289499134 0.9994389415
v -2.179763556 26.94168472 24.58644676
vn -0.0005490995245 0.05568151176 0.9984484315
v 2.207256317 26.17245483 24.58644676
vn -0.03277936205 0.002185289748 0.9994602203
v 1.947080851 28.00307655 24.58644676
vn 0.0589042455 -0.004399737809 0.9982539415
v 19.90353394 24.8346405 24.58644867
vn -2.001435405e-06 1.908400371e-08 1
v 19.98185539 25.08563423 24.58644867
vn -3.749702228e-05 5.385002805e-05 1
v 19.64713478 28.49208641 24.58644867
vn 8.413274486e-07 5.362992717e-09 1
v 19.18022919 18.81417084 24.58644867
vn 6.669068284e-07 -5.924829338e-07 1
v 19.80233192 20.81797218 24.58644867
vn 9.794204061e-07 4.302244747e-07 1
v 21.18206978 28.18393707 24.58644867
vn -1.540476973e-07 7.433322367e-07 1
v 19.95994186 20.54485893 24.58644867
vn 1.109773393e-06 8.474160609e-07 1
v -0.7205073833 21.69814491 24.58644676
vn -0.0007917418261 -0.01043573674 0.9999452233
v 0.1025863886 21.6967392 24.58644676
vn 0.0005154748214 -0.01010987256 0.99994874
v 20.58706474 24.25318718 24.58644867
vn 8.742277657e-08 6.123234263e-17 1
v 20.44156647 26.62357903 24.58644867
vn 8.742277657e-08 6.123234263e-17 1
v 19.85357857 23.6159687 24.58644867
vn 8.742277657e-08 6.123234263e-17 1
v 27.85620308 19.48014641 24.08644676
vn 0.02747388557 -7.528780407e-05 -0.9996225238
v -5.525474072 33.69367218 24.08644867
vn -0.5291065574 0.7699352503 -0.3567155302
v -5.324782372 33.81665802 24.08644867
vn -0.4205988646 0.8819088936 -0.2129160762
v 19.9139061 30.10248947 24.58644867
vn -0.007115391083 -0.001730420161 0.9999731779
v 20.03286552 29.97852135 24.58644867
vn -0.005486827344 -0.01308343839 0.9998993278
v 20.20402336 31.90353584 24.58644867
vn -0.01251542196 0.0126537839 0.9998416305
v 19.98834801 31.54434967 24.58644867
vn -0.02131161466 0.008189564571 0.9997393489
v 1.413726926 27.22908211 24.58644867
vn 5.90618356e-07 -2.524463071e-06 1
v -1.857044458 27.19825745 24.58644867
vn -5.1187601e-07 1.692284144e-07 1
v -2.479925394 21.93035507 24.58644867
vn 1.668646064e-06 1.255867232e-06 1
v 24.33185387 30.06310081 24.58644867
vn 4.435529991e-05 -3.814820957e-05 1
v 1.322951078 27.21118546 24.58644867
vn 3.018234338e-07 -2.134497436e-06 1
v 1.875653863 22.55113792 24.58644867
vn 2.348829548e-05 -1.281747427e-05 1
v -2.075842857 22.10611916 24.58644867
vn -8.413732075e-07 -1.203924626e-06 1
v -1.241542816 20.99878502 24.58644867
vn 3.877644588e-07 1.320244451e-06 1
v -1.533503175 21.11799431 24.58644867
vn 5.680085451e-07 1.36694382e-06 1
v 0.3808796108 20.92931366 24.58644867
vn -1.566742043e-07 8.182701663e-07 1
v -2.792743683 27.33525848 24.58644867
vn 8.976234085e-07 -8.278034329e-07 1
v 24.0791378 29.96644592 24.58644867
vn 8.698047083e-08 -1.617181965e-06 1
v 22.8534832 31.213871 24.58644867
vn -8.954648933e-07 4.706598702e-06 1
v 20.11569786 27.66600227 24.58644867
vn -3.911514739e-07 2.725134607e-07 1
v 24.39071465 26.2058239 24.58644867
vn 3.711354339e-06 -4.079019078e-08 1
v 21.18206978 32.31214142 24.58644867
vn -2.020365599e-07 9.749797982e-07 1
v 20.10656357 19.23014641 24.58644867
vn 1.377197356e-09 -9.538034647e-07 1
v 24.64712334 24.36400032 24.58644867
vn -2.150973614e-06 2.386236702e-07 1
v 24.39071465 26.73565102 24.58644867
vn 3.048767496e-07 -1.590250349e-07 1
v 24.68320465 21.40288353 24.58644867
vn -1.089950501e-06 1.536547956e-07 1
v -2.087731838 30.41738319 24.58644867
vn -0.008288086392 0.02864843607 0.9995551705
v -1.857247233 27.19809532 24.58644676
vn -0.007226097398 0.005722102243 0.9999575019
v 1.664423227 27.34418106 24.58644676
vn 0.01241087541 -0.0174071379 0.9997714758
v 1.502114415 27.25644302 24.58644676
vn 0.01410744898 -0.03979098424 0.9991084337
v 1.231037617 27.20071793 24.58644676
vn 0.002016311511 -0.03553304821 0.9993664622
v -2.792743683 31.42886543 24.58644867
vn 0.05444477499 -0.004188040271 0.9985079765
v 1.877094269 27.6409359 24.58644676
vn 0.003501085099 -0.001409717021 0.999992907
v 1.925367832 27.81936455 24.58644676
vn 0.06454522163 -0.01264207624 0.9978346825
v 20.06322861 25.12376404 24.58644867
vn -1.59367994e-06 5.749213869e-06 1
v 19.9300251 25.01247978 24.58644867
vn -1.756129859e-05 9.368970495e-06 1
v 19.90353394 28.49210548 24.58644867
vn -4.303157652e-07 2.343743262e-07 1
v 20.20402718 27.77533722 24.58644867
vn -3.432463416e-07 3.288719768e-07 1
v 20.30516624 27.86375237 24.58644867
vn -2.908842305e-07 3.904739003e-07 1
v 21.83513832 26.61156654 24.58644867
vn 5.111684004e-06 1.824799369e-06 1
v 22.19758606 26.6019001 24.58644867
vn -2.079204023e-06 2.761327096e-07 1
v 21.31379128 28.21004868 24.58644867
vn -2.98597115e-07 -1.635938141e-08 1
v 21.31372452 28.46644402 24.58644867
vn -3.614334787e-07 -4.649200491e-06 1
v 20.53521919 20.60755348 24.58644867
vn -9.039988981e-06 -1.506192348e-05 1
v 2.884978056 26.10210037 24.58644867
vn 8.742277657e-08 6.123234263e-17 1
v 2.489497185 23.75596237 24.58644867
vn 8.742277657e-08 6.123234263e-17 1
v 18.81328583 24.63164711 24.58644867
vn 8.742277657e-08 6.123234263e-17 1
v 3.270530224 20.12605858 24.58644867
vn 8.742277657e-08 6.123234263e-17 1
v 19.04583549 28.23073387 24.58644867
vn 8.742277657e-08 6.123234263e-17 1
v -0.5555276871 31.97315216 24.58644867
vn 8.742277657e-08 6.123234263e-17 1
v -6.143796444 32.48014832 24.08644867
vn -0.05526481569 7.716553955e-05 -0.9984717369
v -6.125328541 32.71479797 24.08644867
vn -0.501470685 0.09296720475 -0.8601652384
v -5.107322693 33.90673065 24.08644867
vn -0.2826210856 0.9542748332 -0.09739008546
v 19.9558239 30.02345848 24.58644867
vn -0.0140838353 -0.01116164867 0.999838531
v 19.90819931 31.13160706 24.58644867
vn -0.04210499674 0.003347695572 0.9991075993
v 19.90353394 30.19180679 24.58644867
vn -0.01317555364 -8.096894453e-05 0.9999132156
v 20.11569214 31.7942009 24.58644867
vn -0.01503769588 0.01101947576 0.9998261929
v 19.94830322 31.40963745 24.58644867
vn -0.02608064935 0.006764429621 0.9996369481
v 20.04388428 31.67367744 24.58644867
vn -0.01777886972 0.009554201737 0.9997962713
v 1.180619478 26.94168472 24.58644867
vn -1.195008004e-08 1.417711587e-06 1
v 1.653296113 24.07162476 24.58644676
vn 0.01605279185 0.01513555087 0.9997565746
v 22.86967087 22.00041008 24.58644867
vn 8.742277657e-08 6.123234263e-17 1
v -2.637536049 22.20346832 24.58644867
vn 8.589603908e-07 5.188877594e-07 1
v 18.13542938 27.78647041 24.58644867
vn -4.306544383e-07 -9.598708317e-08 1
v -2.075833321 22.10610962 24.58644676
vn -0.01228947472 -0.01522446517 0.9998085499
v 22.64649773 31.15916824 24.58644867
vn -2.522517946e-07 1.270942221e-06 1
v 1.954226971 22.74189377 24.58644867
vn 9.989973478e-05 -3.487074719e-05 1
v 0.1025736108 21.6967392 24.58644867
vn 1.186211307e-07 -1.34213326e-06 1
v 2.000574589 22.94335556 24.58644867
vn 1.076752324e-05 -1.892452929e-06 1
v 19.60919762 22.08121109 24.58644867
vn 2.428590278e-06 -4.137959024e-07 1
v 19.85274506 21.5791626 24.58644867
vn -7.060868029e-06 -8.209131579e-07 1
v 1.135384202 30.46720314 24.58644867
vn 8.554268902e-07 -3.972006084e-07 1
v 17.74824142 23.02215767 24.58644867
vn -5.483043992e-07 1.889923738e-07 1
v 20.04388809 27.54548073 24.58644867
vn -4.345326374e-07 2.214772081e-07 1
v 23.1721859 23.90003967 24.58644867
vn -3.711696195e-07 -1.093378046e-06 1
v 22.48999405 24.0625515 24.58644867
vn -1.165474686e-07 -1.353454422e-06 1
v 24.64710999 26.73567581 24.58644867
vn -1.24108783e-06 -1.851110341e-07 1
v 22.8363781 24.00343132 24.58644867
vn -2.099951502e-07 -1.145929104e-06 1
v 21.31379128 32.33824921 24.58644867
vn -2.28877127e-07 6.220500381e-08 1
v 26.10596275 32.73014832 24.58644867
vn 4.811689678e-07 6.065180003e-08 1
v 20.92918205 27.12029076 24.58644867
vn 1.568352985e-07 2.973962694e-07 1
v 26.10620308 19.23095512 24.58644867
vn 5.063089361e-07 -2.628781601e-07 1
v 21.78726196 24.06344223 24.58644867
vn 8.852283173e-08 -1.162735998e-06 1
v 1.13854599 27.19809532 24.58644676
vn 3.301791003e-05 -0.07659687847 0.9970621467
v 1.73393631 27.40513229 24.58644676
vn 0.01371847838 -0.0140012335 0.9998078942
v 1.792441845 27.47677231 24.58644676
vn 0.01555770636 -0.01144560985 0.9998134375
v 1.322955966 27.21118546 24.58644676
vn 0.004614649806 -0.03263424337 0.9994567037
v 1.413731694 27.22908211 24.58644676
vn 0.006626411807 -0.02832263708 0.9995768666
v 1.83945775 27.55644989 24.58644676
vn 0.004972588737 -0.002685078187 0.999984026
v 1.905341864 27.72906113 24.58644676
vn 0.07346139103 -0.02108891867 0.9970750809
v 1.938629985 27.91095734 24.58644676
vn 0.06060478836 -0.007699361537 0.9981321692
v 20.15313148 25.13311195 24.58644867
vn -1.188776437e-07 8.917622836e-07 1
v 19.95582199 25.89525795 24.58644867
vn -3.419309564e-07 -1.149258196e-06 1
v 21.86733246 26.50574112 24.58644867
vn 3.037845545e-06 6.313682661e-07 1
v 22.15242386 26.39294243 24.58644867
vn -1.358714599e-06 6.560431842e-08 1
v 1.135540605 30.46732903 24.58644867
vn 0.00687744515 -0.005507279653 0.9999611974
v 22.2998867 26.78929138 24.58644867
vn -1.653884055e-06 4.310513475e-07 1
v 21.65065575 26.88424683 24.58644867
vn 0.0001175772268 0.000121532481 1
v 19.64712334 32.53038788 24.58644867
vn 7.816013294e-07 -2.488183952e-07 1
v -1.127876401 21.74376488 24.58644676
vn -0.001978485147 -0.0114939874 0.9999319911
v 0.5140697956 21.73686028 24.58644676
vn 0.002793180058 -0.02041408792 0.9997876883
v 2.000576973 22.943367 24.58644676
vn 0.03078056499 -0.005409646779 0.9995115399
v 2.01494813 23.14961815 24.58644676
vn 0.05853442103 -0.001508167014 0.9982842803
v 3.112558603 23.54752922 24.58644867
vn 8.742277657e-08 6.123234263e-17 1
v -3.380995035 20.2592659 24.58644867
vn 8.742277657e-08 6.123234263e-17 1
v 22.3358345 20.30327797 24.58644676
vn 0.0002361162042 -0.009846652858 0.9999514818
v 22.74859238 20.32689285 24.58644676
vn 0.0009598937468 -0.01063021645 0.999943018
v 3.917840481 20.60853386 24.58644867
vn 8.742277657e-08 6.123234263e-17 1
v 23.58559036 23.01733017 24.59644699
vn 0.01689847186 0.04010334611 0.9990526438
v 1.612783551 24.71860313 24.58644867
vn -8.771074249e-07 -9.837791595e-07 1
v 1.051107764 25.1377697 24.58644867
vn -3.461435938e-07 -5.581396181e-07 1
v 1.6900208 26.76002693 24.58644867
vn 4.514193961e-07 1.293621267e-06 1
v 1.833582044 26.59326363 24.58644867
vn 3.07435289e-06 1.091864192e-06 1
v 19.90353394 30.99108505 24.58644867
vn -0.04348715395 0.0003797750687 0.9990538955
v 19.92238617 31.27151871 24.58644867
vn -0.03269108757 0.00517450925 0.9994521141
v 25.48924446 20.62124252 24.58644867
vn 8.742277657e-08 6.123234263e-17 1
v -0.0973078683 20.51086807 24.58644867
vn 8.742277657e-08 6.123234263e-17 1
v -1.510089397 22.05013466 24.58644867
vn 8.742277657e-08 6.123234263e-17 1
v 2.084718466 29.30218697 24.58644867
vn 8.742277657e-08 6.123234263e-17 1
v -0.3107733727 21.68532181 24.58644676
vn -6.892839156e-05 -0.01797077805 0.999838531
v 18.33156395 26.58752823 24.58644867
vn -6.048757655e-07 -4.048855473e-08 1
v -2.941977024 25.38851166 24.58644867
vn 8.742277657e-08 6.123234263e-17 1
v 2.014947414 23.1496067 24.58644867
vn 1.303952445e-06 -1.253469577e-07 1
v 18.13540077 24.17370796 24.58644867
vn -5.618753676e-07 1.429142884e-07 1
v 22.01944923 32.71532822 24.58644867
vn 8.742277657e-08 6.123234263e-17 1
v 22.33582306 20.30327797 24.58644867
vn 1.907150727e-05 -0.000795372529 0.999999702
v -1.586754918 20.09289932 24.58644867
vn 8.742277657e-08 6.123234263e-17 1
v -1.801779747 30.46470451 24.58644867
vn -2.257438609e-07 5.919924888e-07 1
v 22.1390934 24.08182907 24.58644867
vn 2.169845637e-09 -1.326872621e-06 1
v -1.898227692 30.45633888 24.58644867
vn -2.197688929e-07 1.953436367e-06 1
v 19.98834991 27.41615295 24.58644867
vn -3.33953011e-07 1.208903342e-07 1
v 19.94830513 27.28143883 24.58644867
vn -5.015315878e-07 1.212560221e-07 1
v 19.90819931 27.00341034 24.58644867
vn -3.586229695e-07 2.863129112e-07 1
v 19.92238808 27.14332008 24.58644867
vn -5.442761335e-07 7.851134143e-08 1
v 20.92917633 27.31258965 24.58644867
vn 5.874148101e-08 -6.852777119e-07 1
v 23.1726532 27.31259918 24.58644867
vn -1.538998902e-07 -1.822327363e-06 1
v 22.54778099 26.98944473 24.58644867
vn -6.128090604e-07 3.906129109e-07 1
v 22.45494652 26.93602753 24.58644867
vn -1.139353799e-06 5.370379768e-07 1
v -2.264893293 26.87456894 24.58644676
vn -0.01365405973 0.01699546352 0.9997623563
v -2.346358299 26.80657005 24.58644676
vn -0.01418875065 0.01639299095 0.9997649193
v -2.423982859 26.734272 24.58644676
vn -0.01592039689 0.01546122879 0.9997537136
v -2.48882103 26.65098953 24.58644676
vn -0.02182096988 0.01253686193 0.9996832609
v -2.536334276 26.39881706 24.58644676
vn -0.05432446301 0.002177600749 0.9985209703
v 21.0396347 27.11307144 24.58644867
vn 9.287402492e-08 6.171606515e-07 1
v 21.25824547 27.07904816 24.58644867
vn 6.504407679e-07 1.109355708e-06 1
v -2.526779175 26.52780151 24.58644676
vn -0.009301605634 0.002111232374 0.9999545217
v -1.705002904 30.46732903 24.58644867
vn -3.471720993e-05 0.07647677511 0.9970713854
v 22.16851044 26.49885559 24.58644867
vn -1.654427933e-06 1.432202197e-07 1
v 22.24141884 26.69960213 24.58644867
vn -1.916160272e-06 3.688637946e-07 1
v 21.88494301 26.39646339 24.58644867
vn 3.325242005e-06 2.934849874e-07 1
v 21.56337547 26.95226479 24.58644867
vn 5.488560873e-06 7.786426067e-06 1
v -2.584939003 23.3770504 24.58644676
vn -0.03136735409 0.005725623574 0.9994915128
v 0.3087229133 21.71238899 24.58644676
vn 0.0009598952602 -0.01063017827 0.999943018
v 1.478167295 22.08017731 24.58644676
vn 0.0108003458 -0.01506813709 0.9998281598
v 23.48703766 30.55476379 24.58644867
vn 8.742277657e-08 6.123234263e-17 1
v 0.01069202367 32.01264191 24.58644867
vn 8.742277657e-08 6.123234263e-17 1
v 19.23150444 20.80295753 24.58644867
vn 8.742277657e-08 6.123234263e-17 1
v 21.31199265 20.35826683 24.58644676
vn -0.001978497487 -0.01149400044 0.9999319911
v 25.31038857 28.58669281 24.58644867
vn 8.742277657e-08 6.123234263e-17 1
v 21.84050751 28.07630539 24.58644867
vn 8.742277657e-08 6.123234263e-17 1
v 22.95393753 20.35136414 24.58644676
vn 0.002793195192 -0.02041406557 0.9997876883
v 23.00161552 23.18698883 24.59644699
vn 0.00279870932 0.0169152189 0.9998530149
v 24.22461128 22.53092766 24.59644699
vn 0.01271380857 0.009574370459 0.9998733401
v 21.56905937 23.22106171 24.59644699
vn -0.0011657594 0.01114572398 0.9999371767
v 2.207243681 28.09553146 24.58644867
vn -1.21251685e-06 -1.986778102e-07 1
v 1.347037196 24.94835281 24.58644867
vn -4.919468211e-07 -6.44055433e-07 1
v 1.76864326 26.68247986 24.58644867
vn 6.142075222e-07 1.3047229e-06 1
v 1.502110481 27.25644302 24.58644867
vn 3.098221441e-06 -8.738858014e-06 1
v 17.90595055 21.72621155 24.58644867
vn 8.742277657e-08 6.123234263e-17 1
v 24.1278553 19.89370728 24.58644867
vn 8.742277657e-08 6.123234263e-17 1
v 18.00550652 20.42490959 24.58644867
vn 8.742277657e-08 6.123234263e-17 1
v 24.59852409 31.49563599 24.58644867
vn 8.742277657e-08 6.123234263e-17 1
v 3.495679379 31.00383377 24.58644867
vn 8.742277657e-08 6.123234263e-17 1
v 3.692632198 20.93054008 24.58644867
vn 8.742277657e-08 6.123234263e-17 1
v 17.10697365 30.71298599 24.58644867
vn 8.742277657e-08 6.123234263e-17 1
v 18.33155251 25.37264824 24.58644867
vn -5.869745792e-07 2.510298991e-08 1
v 18.41856003 21.1439743 24.58644867
vn 8.742277657e-08 6.123234263e-17 1
v -2.346233845 23.94742012 24.58644676
vn -0.0357215032 0.02813703194 0.998965621
v 24.92412758 25.56563759 24.58644867
vn 8.742277657e-08 6.123234263e-17 1
v -2.209111214 24.10336304 24.58644676
vn -0.01494314428 0.01629433595 0.9997555614
v 2.554922104 29.34255219 24.58644867
vn 8.742277657e-08 6.123234263e-17 1
v 22.12908363 20.29982758 24.58644867
vn 4.83050755e-08 -1.212101211e-06 1
v 21.13415718 30.57662964 24.58644867
vn 8.742277657e-08 6.123234263e-17 1
v 22.74857903 20.32689285 24.58644867
vn 8.23501523e-06 -9.119889e-05 1
v -1.993754268 30.44062424 24.58644867
vn -2.993360795e-07 1.560679038e-06 1
v -2.0877285 30.4173851 24.58644867
vn -6.215994972e-07 2.147337e-06 1
v -2.536334276 29.76220131 24.58644867
vn -1.922013695e-07 3.335235874e-07 1
v -2.792733908 29.76219749 24.58644867
vn 9.324768371e-07 1.521344615e-07 1
v -1.855052352 30.72772598 24.58644867
vn -2.052597097e-07 -5.279940751e-07 1
v 2.207098246 30.72373581 24.58644867
vn -5.778265688e-08 -8.275851542e-07 1
v -1.76309967 30.72373581 24.58644867
vn -9.71927161e-09 -1.49310074e-06 1
v 2.380737066 33.00218964 24.58644867
vn -2.427995582e-07 4.019530593e-07 1
v 2.532185555 33.14612961 24.58644867
vn -3.790083269e-07 3.367100589e-07 1
v 2.657284975 33.31347656 24.58644867
vn 1.706273309e-07 2.56637378e-07 1
v 22.74894714 27.0623188 24.58644867
vn -2.243481561e-07 4.172781303e-07 1
v 22.64649963 27.03096199 24.58644867
vn -3.153149635e-07 1.588671694e-06 1
v 22.85348511 27.08566666 24.58644867
vn -1.119389481e-06 5.883304766e-06 1
v 22.14712334 25.83826256 24.58644867
vn -3.693184851e-07 -1.593682441e-06 1
v 21.89062691 25.83823967 24.58644867
vn 3.78127055e-07 -2.739156571e-06 1
v -1.329258919 21.78225517 24.58644676
vn -0.002959704027 -0.01241216529 0.9999185801
v -2.54285121 22.76486778 24.58644676
vn -0.02905036323 -0.008059136569 0.999545455
v 21.78820038 26.7117672 24.58644867
vn 0.0001496822806 8.007662109e-05 1
v 21.72596359 26.80317879 24.58644867
vn 1.402696489e-05 1.061930925e-05 1
v 21.14949608 27.0996685 24.58644867
vn 8.519227208e-07 5.473725196e-06 1
v 21.89071465 26.28593636 24.58644867
vn 1.311154392e-06 1.381717709e-07 1
v -2.228813887 22.2421627 24.58644676
vn -0.01670619473 -0.01558591239 0.9997389317
v -2.536834955 23.57933235 24.58644676
vn -0.02853545547 0.01015425846 0.999541223
v 2.002069235 23.352808 24.58644676
vn 0.03122751415 0.003503871849 0.9995061755
v 20.15245819 20.29515839 24.58644867
vn 9.086376167e-07 9.201935995e-07 1
v 0.5617483854 24.57248497 24.58644676
vn 0.002090085298 0.01122751366 0.9999347925
v 25.51540375 30.98233032 24.58644867
vn 8.742277657e-08 6.123234263e-17 1
v -3.659051895 23.55495071 24.58644867
vn 8.742277657e-08 6.123234263e-17 1
v 1.780602455 25.53233528 24.58644867
vn 8.742277657e-08 6.123234263e-17 1
v 22.94740295 30.53203583 24.58644867
vn 8.742277657e-08 6.123234263e-17 1
v -3.290506601 25.82314682 24.58644867
vn 8.742277657e-08 6.123234263e-17 1
v 24.45481682 21.76412201 24.58644676
vn 0.05853442848 -0.00150816713 0.9982842803
v 24.44193649 21.96731186 24.58644676
vn 0.03122743964 0.003504028311 0.9995061755
v 24.45481682 21.76412201 24.59644699
vn 0.0007737509441 1.438034724e-05 0.999999702
v 22.12909508 20.29982567 24.59644699
vn 2.734052259e-06 -0.0004232499632 0.9999998808
v 20.71926308 20.5177269 24.58644867
vn -0.3225437105 -0.7281698585 -0.6047596335
v 1.950846314 28.09552765 24.58644867
vn 2.509328567e-07 -3.843431671e-07 1
v 1.941930056 26.28248024 24.58644867
vn 2.252341744e-07 3.212660715e-08 1
v 1.664419293 27.34417915 24.58644867
vn 1.215558314e-05 -1.70491985e-05 1
v 2.207256317 30.43929291 24.58644867
vn -7.280033856e-07 7.386964853e-07 1
v -2.264888525 26.87457275 24.58644867
vn -1.635331159e-06 2.036923433e-06 1
v 1.231032848 27.20071793 24.58644867
vn 1.49228967e-07 -2.631287771e-06 1
v -1.681102157 24.42976952 24.58644867
vn -1.83047689e-06 4.80153949e-06 1
v 3.307431459 21.44307327 24.58644867
vn 8.742277657e-08 6.123234263e-17 1
v 18.87558174 26.29191589 24.58644867
vn 8.742277657e-08 6.123234263e-17 1
v -2.536344767 31.42886543 24.58644867
vn -2.06721964e-07 -4.421123663e-07 1
v 22.27013206 21.60866165 24.58644867
vn 8.742277657e-08 6.123234263e-17 1
v -1.415025949 24.18026543 24.58644867
vn 8.742277657e-08 6.123234263e-17 1
v -2.53302002 31.33693695 24.58644867
vn -8.023370128e-07 -4.8808527e-08 1
v 1.435994864 31.88839912 24.58644867
vn 8.742277657e-08 6.123234263e-17 1
v 18.68166542 26.09201813 24.58644867
vn 8.742277657e-08 6.123234263e-17 1
v -3.303832769 31.47065544 24.58644867
vn 8.742277657e-08 6.123234263e-17 1
v 21.91027069 28.35865593 24.58644867
vn 8.742277657e-08 6.123234263e-17 1
v -2.456743956 23.77083778 24.58644676
vn -0.02380322851 0.01315892115 0.999630034
v 25.3391552 26.04495049 24.58644867
vn 8.742277657e-08 6.123234263e-17 1
v -1.484395266 24.49716759 24.58644676
vn -0.003481951775 0.01255042665 0.9999151826
v -1.894676208 22.80828285 24.58644867
vn 8.742277657e-08 6.123234263e-17 1
v 22.49479675 28.06762123 24.58644867
vn 8.742277657e-08 6.123234263e-17 1
v 2.580677748 20.04300308 24.58644867
vn 8.742277657e-08 6.123234263e-17 1
v 22.95392418 20.35136414 24.58644867
vn 4.519304275e-05 -0.0003302980331 0.9999999404
v 24.31552315 21.16564178 24.58644867
vn 2.34888339e-05 -1.281766527e-05 1
v 24.45481491 21.76411057 24.58644867
vn 1.299757287e-06 -1.249430568e-07 1
v 24.44044304 21.55785942 24.58644867
vn 1.076762692e-05 -1.892470323e-06 1
v 22.54244041 20.31124306 24.58644867
vn 1.224176003e-06 -2.401004895e-05 1
v 0.3606852293 24.60161781 24.58644676
vn 0.001338226371 0.01048629265 0.9999441504
v -1.870646119 24.34358978 24.58644676
vn -0.01389588229 0.02760871872 0.9995222092
v 22.39535904 23.24531746 24.58644867
vn 2.210497883e-07 5.721910838e-06 1
v 24.39983368 22.16573906 24.58644867
vn 5.657467227e-06 1.511137384e-06 1
v 24.59918976 22.44123268 24.58644867
vn -2.115658617e-06 -8.247299661e-07 1
v 5.265930176 30.98023987 24.58644867
vn 2.756966921e-07 4.186652447e-08 1
v 4.532143593 30.01204681 24.58644867
vn 3.778430653e-07 -2.523305795e-07 1
v 19.05504227 33.31341171 24.58644867
vn -1.5514388e-07 2.472629888e-07 1
v 19.18021393 33.14613724 24.58644867
vn 3.154057708e-07 2.612546268e-07 1
v 19.33166122 33.00219727 24.58644867
vn 3.051344777e-07 3.807832343e-07 1
v 19.69573402 32.80014038 24.58644867
vn 1.398857279e-07 3.982628982e-07 1
v 19.50514603 32.88575745 24.58644867
vn 2.165306228e-07 3.901555772e-07 1
v 21.36455536 27.04826355 24.58644867
vn 5.680064987e-07 1.563474711e-06 1
v -0.9247148633 21.71644783 24.58644676
vn -0.001295363531 -0.01084354986 0.9999403954
v 22.14712334 26.28596306 24.58644867
vn -1.015055432e-06 -1.064077253e-07 1
v 19.9139061 25.97428894 24.58644867
vn 1.219211867e-06 -8.510095881e-07 1
v 19.90353394 26.06364059 24.58644867
vn -2.344779659e-06 -5.331365571e-08 1
v 20.12187767 25.83824158 24.58644867
vn -4.719857927e-08 -1.225491701e-06 1
v -2.600435495 23.16964912 24.58644676
vn -0.05857898667 0.001671049511 0.9982813597
v -2.587123632 22.96464539 24.58644676
vn -0.03202762455 -0.003723652102 0.9994800687
v -1.720594287 21.90321732 24.58644676
vn -0.011249898 -0.0253980197 0.9996141195
v 20.3786087 20.07546806 24.58644867
vn 3.726644309e-07 5.63428614e-07 1
v -1.527473211 21.83428383 24.58644676
vn -0.004420060199 -0.01360398345 0.9998977184
v 21.92411423 20.30273438 24.58644676
vn -0.0003786750312 -0.01023383997 0.9999475479
v 20.60862923 28.47927475 24.58644867
vn 8.742277657e-08 6.123234263e-17 1
v -0.5386875868 26.06656837 24.58644867
vn 8.742277657e-08 6.123234263e-17 1
v -1.105279446 22.48951149 24.58644867
vn 8.742277657e-08 6.123234263e-17 1
v 23.95737267 27.52120399 24.58644867
vn 8.742277657e-08 6.123234263e-17 1
v 2.102188349 31.53763771 24.58644867
vn 8.742277657e-08 6.123234263e-17 1
v 22.12908363 20.29982758 24.58644867
vn -2.055784717e-05 -0.005348577164 -0.9999856949
v 24.32722282 22.35597229 24.58644867
vn 0.1963413805 0.08760912716 -0.9766138792
v 22.19220734 23.24854469 24.58644867
vn 0.000295408332 0.04858031869 -0.998819232
v 19.89701462 21.37938499 24.58644867
vn -0.0878142938 -0.02436054125 -0.9958389401
v -1.704889536 30.46732903 24.58644867
vn 4.140560605e-08 2.09964719e-06 1
v 1.95085907 26.17245483 24.58644867
vn 1.035439823e-07 6.388515317e-07 1
v 1.586469889 27.29429817 24.58644867
vn 6.158869382e-06 -1.209611492e-05 1
v 3.964153767 28.93811798 24.58644867
vn 4.254823125e-07 -1.928418953e-07 1
v -1.282338023 24.54681206 24.58644867
vn -9.963279126e-07 5.018575393e-06 1
v -1.870636463 24.3435955 24.58644867
vn -2.145827466e-06 4.238785095e-06 1
v -0.6634565592 24.62294769 24.58644867
vn -1.981503556e-05 0.0003725056304 0.9999999404
v -1.484384894 24.4971714 24.58644867
vn -1.410713594e-06 5.050562777e-06 1
v -0.5505278111 22.99164772 24.58644867
vn 8.742277657e-08 6.123234263e-17 1
v -2.048313141 24.23572922 24.58644867
vn -6.126600738e-07 6.897569165e-07 1
v -2.476193428 31.06838989 24.58644867
vn -1.275554155e-06 -3.648611653e-07 1
v -2.792743683 31.42879868 24.58644867
vn 2.357895028e-06 -2.264024204e-07 1
v 24.71648407 20.62294388 24.58644867
vn 8.742277657e-08 6.123234263e-17 1
v -2.525173426 31.24522972 24.58644867
vn -1.401008035e-06 -1.988626792e-07 1
v 18.64349747 30.14224625 24.58644867
vn 8.742277657e-08 6.123234263e-17 1
v 21.92158508 22.79312134 24.58644867
vn 8.742277657e-08 6.123234263e-17 1
v 0.4657452106 31.77401924 24.58644867
vn 8.742277657e-08 6.123234263e-17 1
v 22.78386307 22.88355637 24.58644867
vn 8.742277657e-08 6.123234263e-17 1
v -2.048321962 24.2357235 24.58644676
vn -0.01030756347 0.01528372429 0.9998300672
v -1.90463686 21.99304199 24.58644676
vn -0.00869133044 -0.0144810183 0.9998573661
v 19.89701653 21.37937164 24.58644676
vn -0.02905043587 -0.008059048094 0.999545455
v 24.58086395 19.66059494 24.58644867
vn 8.742277657e-08 6.123234263e-17 1
v 18.01089096 31.75341034 24.58644867
vn 8.742277657e-08 6.123234263e-17 1
v 1.087485909 19.96743965 24.58644867
vn 8.742277657e-08 6.123234263e-17 1
v 24.39409447 21.35639763 24.58644867
vn 9.990388935e-05 -3.487207869e-05 1
v 2.858483791 27.26861572 24.58644867
vn 8.742277657e-08 6.123234263e-17 1
v -2.509851217 28.46181488 24.58644867
vn 8.742277657e-08 6.123234263e-17 1
v 24.4419384 21.96730042 24.58644867
vn 7.347419455e-07 1.607380256e-07 1
v 20.21105385 20.85666466 24.58644676
vn -0.01670626178 -0.0155858323 0.9997389317
v -1.681111693 24.4297657 24.58644676
vn -0.005293638911 0.01396516431 0.9998884797
v 3.017615795 30.14105225 24.58644867
vn 8.742277657e-08 6.123234263e-17 1
v -1.026244879 31.60766983 24.58644867
vn 8.742277657e-08 6.123234263e-17 1
v 23.01879501 24.36083603 24.58644867
vn 8.742277657e-08 6.123234263e-17 1
v 24.46241188 22.76480293 24.58644867
vn -2.238526804e-06 -1.282037374e-06 1
v 24.09317207 22.68612099 24.58644867
vn 7.861627637e-06 7.41230042e-06 1
v 23.93902969 22.81803131 24.58644867
vn 6.623459399e-07 7.525781598e-07 1
v 23.76754761 22.92706108 24.58644867
vn 8.470573812e-05 0.0001442098146 1
v 24.68318367 22.10026169 24.58644867
vn -2.683507546e-06 -4.615652642e-07 1
v 24.45689774 20.74647713 24.58644867
vn -1.793497404e-06 1.075490104e-06 1
v 24.59712982 21.06534958 24.58644867
vn -1.884475523e-06 6.670389325e-07 1
v 19.89800262 32.74777222 24.58644867
vn 6.918811835e-08 4.057411616e-07 1
v 21.46724701 27.00703621 24.58644867
vn 1.90359151e-06 3.723926966e-06 1
v 22.37158775 26.86882973 24.58644867
vn -1.46240734e-06 5.11974406e-07 1
v 20.9204216 32.25174332 24.58644867
vn -3.828563138e-07 1.475201543e-06 1
v 20.7913723 32.21459579 24.58644867
vn -4.452398628e-07 1.469860422e-06 1
v 20.11569595 31.79420662 24.58644867
vn -1.111866368e-06 8.144816093e-07 1
v 1.499153018 24.20353508 24.58644676
vn 0.02299054526 0.02958354168 0.9992978573
v 1.145721674 24.40282631 24.58644676
vn 0.006200681441 0.01353217196 0.999889195
v 0.7607140541 24.53129768 24.58644676
vn 0.005684811622 0.02206603996 0.9997403622
v 19.97233772 21.18824577 24.58644676
vn -0.04617990181 -0.0212447755 0.9987071753
v 20.63169289 19.88747597 24.58644867
vn 4.45538717e-07 8.188582683e-07 1
v 22.12909508 20.29982567 24.58644676
vn -6.892839156e-05 -0.0179708004 0.999838531
v 20.07810974 21.01312828 24.58644676
vn -0.02182544954 -0.01483843755 0.9996516705
v 23.76753807 22.9270668 24.58644676
vn 0.008874845691 0.0151093863 0.9998464584
v 21.13415337 26.44842339 24.58644867
vn 8.742277657e-08 6.123234263e-17 1
v 1.671380162 31.35774231 24.58644867
vn 8.742277657e-08 6.123234263e-17 1
v 25.50080109 23.89013672 24.58644867
vn 8.742277657e-08 6.123234263e-17 1
v 22.32865143 22.23512459 24.58644867
vn 8.742277657e-08 6.123234263e-17 1
v 23.91803551 20.69468117 24.59644699
vn 0.06625765562 -0.08294259012 0.9943492413
v 19.9831295 22.38535309 24.58644867
vn -0.5804758668 0.3209103048 -0.7483744621
v 20.09364128 22.56193352 24.58644867
vn -0.07064503431 0.05564641953 -0.9959481955
v 10.67101479 22.72999573 25.16219139
vn -0.003920046147 -0.9597453475 -0.2808443308
v 9.755192757 22.72999573 29.54175186
vn -0.03743311763 -0.9970232844 0.06740412116
v 3.380852699 26.58764839 24.58644867
vn 5.352410994e-07 -6.005122799e-08 1
v 2.022546291 24.15029526 24.58644867
vn -8.195594887e-07 -4.276321022e-07 1
v 1.947080016 28.00307274 24.58644867
vn 0.0001566072751 -1.169792722e-05 1
v -1.077390432 24.58230209 24.58644867
vn -6.591887427e-07 4.811905001e-06 1
v 1.399330854 26.91414452 24.58644867
vn 4.125336375e-07 3.214247045e-06 1
v 1.887354374 23.74147034 24.58644867
vn 2.144141945e-05 9.478641005e-06 1
v 1.839455366 27.55644608 24.58644867
vn 3.729685204e-06 -2.013957328e-06 1
v -0.870798707 24.60655975 24.58644867
vn 1.213259893e-08 5.227042834e-07 1
v -1.951097846 24.94468117 24.58644867
vn 3.005040412e-07 -2.029574517e-07 1
v -2.214352369 24.71086311 24.58644867
vn 1.069375571e-06 -1.268511824e-06 1
v -2.355210066 31.89033699 24.58644867
vn 8.742277657e-08 6.123234263e-17 1
v -2.209103346 24.10337067 24.58644867
vn -3.886585546e-06 4.2380575e-06 1
v -2.426818848 30.99110031 24.58644867
vn -3.532322239e-07 -9.223126085e-07 1
v -2.362121344 30.92550468 24.58644867
vn -2.547015754e-07 -1.053831397e-06 1
v -2.507209301 31.15509796 24.58644867
vn -2.062132353e-06 -5.711577842e-07 1
v -3.14289093 24.72445869 24.58644867
vn 8.742277657e-08 6.123234263e-17 1
v 2.488315582 19.29520798 24.58644867
vn 8.742277657e-08 6.123234263e-17 1
v 23.06059647 19.51933479 24.58644867
vn 8.742277657e-08 6.123234263e-17 1
v 1.242564082 28.37005234 24.58644867
vn 8.742277657e-08 6.123234263e-17 1
v 2.891084671 24.87606239 24.58644867
vn 8.742277657e-08 6.123234263e-17 1
v -2.876754761 29.06812668 24.58644867
vn 8.742277657e-08 6.123234263e-17 1
v 19.83943176 21.78415298 24.58644676
vn -0.05857896805 0.001671048929 0.9982813597
v 21.11060905 20.39675903 24.58644676
vn -0.002959632548 -0.01241216063 0.9999185801
v 1.285534143 23.64058304 24.58644867
vn 8.742277657e-08 6.123234263e-17 1
v 18.42874718 30.69305992 24.58644867
vn 8.742277657e-08 6.123234263e-17 1
v -1.649517059 25.69114113 24.58644867
vn 8.742277657e-08 6.123234263e-17 1
v 21.65916252 20.51513481 24.58644867
vn 8.742277657e-08 6.123234263e-17 1
v 1.41927135 23.0371666 24.58644867
vn 8.742277657e-08 6.123234263e-17 1
v 19.9030323 22.19383621 24.58644676
vn -0.02853558771 0.0101548871 0.999541223
v 19.85492897 21.99155426 24.58644676
vn -0.03136726841 0.005725570489 0.9994915128
v -3.228058338 20.9808979 24.58644867
vn 8.742277657e-08 6.123234263e-17 1
v 18.96168137 32.3598671 24.58644867
vn 8.742277657e-08 6.123234263e-17 1
v -0.9955628514 25.71614075 24.58644867
vn 8.742277657e-08 6.123234263e-17 1
v -3.619656324 25.01968384 24.58644867
vn 8.742277657e-08 6.123234263e-17 1
v 21.39387894 19.44070816 24.58644867
vn 8.742277657e-08 6.123234263e-17 1
v 2.058720112 28.78720284 24.58644867
vn 8.742277657e-08 6.123234263e-17 1
v 25.26482773 27.11188507 24.58644867
vn 8.742277657e-08 6.123234263e-17 1
v 25.12932205 29.12265778 24.58644867
vn 8.742277657e-08 6.123234263e-17 1
v 24.2692852 20.4529686 24.58644867
vn -8.078672522e-07 8.194800216e-07 1
v 20.10619545 32.73014832 24.58644867
vn 6.35507591e-10 4.60223049e-07 1
v 21.31372452 32.59465027 24.58644867
vn -5.192743302e-08 -1.12944042e-06 1
v 21.05082512 32.28376007 24.58644867
vn -3.324728652e-07 1.471328801e-06 1
v 21.19832611 19.61328888 24.58644867
vn 2.130799146e-07 7.400593631e-07 1
v 21.51514053 20.3309536 24.58644867
vn -1.182083906e-06 -9.957523616e-06 1
v 21.719347 20.31265068 24.58644867
vn -7.563810982e-07 -1.006058574e-05 1
v 21.50239754 19.52970695 24.58644867
vn 2.454266905e-07 1.341363713e-06 1
v 21.92410278 20.30273628 24.58644867
vn -3.562466873e-07 -9.77817308e-06 1
v 20.90636444 19.73249817 24.58644867
vn 3.433342499e-07 8.433121934e-07 1
v 20.91238403 20.4487896 24.58644867
vn -6.288079021e-05 -0.0001935288019 1
v 22.54245377 20.31124306 24.58644676
vn 0.0005154729588 -0.01010984834 0.99994874
v 21.71936035 20.31264877 24.58644676
vn -0.000791739265 -0.01043575816 0.9999452233
v 20.63504028 22.38532639 24.58644867
vn 8.742277657e-08 6.123234263e-17 1
v 24.32721901 22.35598373 24.58644676
vn 0.04854395613 0.02166105248 0.9985861182
v 22.3953476 23.24531746 24.58644676
vn 0.0007167286822 0.01827727258 0.9998326898
v 21.36246681 23.19680405 24.58644676
vn -0.001445360132 0.01063546352 0.9999424219
v 2.75516367 28.66298103 24.58644867
vn 8.742277657e-08 6.123234263e-17 1
v 19.60816765 19.99416351 24.58644867
vn 8.742277657e-08 6.123234263e-17 1
v 1.156507969 27.90330696 24.58644867
vn 8.742277657e-08 6.123234263e-17 1
v 5.398644924 28.47314644 24.08644676
vn 0.02024682052 -0.009958731011 -0.9997454286
v 3.380843163 25.3727684 24.58644867
vn 5.275148851e-07 7.67234809e-08 1
v 1.503706574 26.87747574 24.58644867
vn 9.757404484e-08 1.597662049e-06 1
v 3.577007055 27.78658867 24.58644867
vn 4.990571369e-07 -1.800882643e-07 1
v 1.838951588 24.44981384 24.58644867
vn -1.166220272e-06 -1.032823889e-06 1
v -0.3007743955 25.46732712 24.58644867
vn 5.044674722e-08 -8.035282804e-07 1
v -0.999668479 25.3885498 24.58644867
vn 2.152184493e-07 -1.118360274e-06 1
v -1.336246967 25.28486633 24.58644867
vn 1.861239269e-07 -8.106434279e-07 1
v -0.6526064277 25.44893837 24.58644867
vn 1.066972573e-07 -1.085009558e-06 1
v -0.4556488693 24.63132095 24.58644867
vn -2.4229887e-06 0.0001094090403 1
v 1.784748793 23.91641617 24.58644867
vn 7.128172729e-05 4.75115703e-05 1
v 0.1583932191 24.62048721 24.58644867
vn 7.868004559e-08 5.736257549e-07 1
v -2.346226692 23.94742966 24.58644867
vn -7.080303476e-06 5.577057436e-06 1
v -1.527485251 21.83428955 24.58644867
vn -2.627096592e-06 -8.085536138e-06 1
v -2.45418191 30.1282196 24.58644867
vn -6.652193861e-06 3.746069979e-06 1
v -2.536830187 23.5793438 24.58644867
vn -2.378036152e-05 8.377239283e-06 1
v 25.03533363 25.03584862 24.58644867
vn 8.742277657e-08 6.123234263e-17 1
v 19.8980217 19.21252632 24.58644867
vn 6.652373941e-08 -3.90491806e-07 1
v 0.3965100646 25.38892746 24.58644867
vn -2.124770191e-07 -1.014222903e-06 1
v 0.7323195934 25.28553581 24.58644867
vn -9.611580509e-08 -6.189201827e-07 1
v -1.714577079 31.35523605 24.58644867
vn 8.742277657e-08 6.123234263e-17 1
v 19.02292061 19.46327782 24.58644867
vn 8.742277657e-08 6.123234263e-17 1
v 22.69395065 32.72379684 24.58644867
vn 8.742277657e-08 6.123234263e-17 1
v 19.85274506 21.57914925 24.58644676
vn -0.0320276767 -0.00372378272 0.9994800687
v 20.71927452 20.51772118 24.58644676
vn -0.01124991849 -0.0253980048 0.9996141195
v 21.51515198 20.33095169 24.58644676
vn -0.001295351074 -0.01084350795 0.9999403954
v 18.48236084 29.43390846 24.58644867
vn 8.742277657e-08 6.123234263e-17 1
v 0.7429366112 23.30742645 24.58644867
vn 8.742277657e-08 6.123234263e-17 1
v -2.08572197 29.22103119 24.58644867
vn 8.742277657e-08 6.123234263e-17 1
v -3.605986834 31.70505333 24.58644867
vn 8.742277657e-08 6.123234263e-17 1
v 1.91193223 33.98014832 24.08644867
vn -0.01443655975 0.04945990071 -0.9986717701
v 3.377548695 35.3646965 24.08644867
vn -0.05865166336 0.07799747586 -0.9952268004
v 17.43411446 31.1324234 24.58644867
vn 8.742277657e-08 6.123234263e-17 1
v 0.1583836377 24.62048721 24.58644676
vn 0.0007918230258 0.01000801288 0.9999496341
v -1.282348394 24.54681015 24.58644676
vn -0.00225715572 0.01145098731 0.9999318719
v -0.6634669304 24.62294579 24.58644676
vn -0.0005329012638 0.01001790445 0.9999496937
v 24.03697968 20.19341087 24.58644867
vn -1.246430656e-06 1.555908739e-06 1
v 23.76850319 19.97136879 24.58644867
vn -9.086614341e-07 1.449035267e-06 1
v 23.15763283 20.38648605 24.58644867
vn 2.324890715e-07 -8.85731481e-07 1
v 23.15426445 19.64493179 24.58644867
vn -4.787486887e-07 1.621414867e-06 1
v 21.81406593 19.48156738 24.58644867
vn 1.19032066e-07 1.352570735e-06 1
v 1.527767062 29.11051369 24.58644867
vn 8.742277657e-08 6.123234263e-17 1
v 21.11059761 20.39676285 24.58644867
vn -2.465001785e-07 -7.215008395e-07 1
v -1.456802487 32.01004028 24.58644867
vn 8.742277657e-08 6.123234263e-17 1
v 20.39154625 22.85022736 24.58644676
vn -0.01030754391 0.01528378204 0.9998300672
v 20.95547295 23.11167145 24.58644676
vn -0.003482122207 0.01255018171 0.9999151826
v 23.51344109 22.30926895 24.58644867
vn 8.742277657e-08 6.123234263e-17 1
v 24.22461128 22.53092766 24.58644676
vn 0.02167911083 0.01444996987 0.9996605515
v 24.39983177 22.1657505 24.58644676
vn 0.02897872403 0.007740528323 0.9995500445
v 21.56905937 23.22106171 24.58644676
vn -0.001733583631 0.01888438128 0.9998201728
v -2.670478582 19.8190937 24.58644867
vn 8.742277657e-08 6.123234263e-17 1
v 20.95548439 23.11167526 24.58644867
vn -0.2274058759 0.8196780086 -0.5257514119
v 5.903816223 29.36745453 24.08644676
vn 0.1020636559 -0.07418462634 -0.9920079112
v 4.878222942 25.46658516 24.08644676
vn 0.009190613404 0.0005251255934 -0.9999576211
v 1.601444006 26.82603455 24.58644867
vn 5.025325436e-07 1.965469664e-06 1
v 2.207256317 26.17255211 24.58644867
vn -7.172472465e-07 1.57301173e-07 1
v 1.925366998 27.81936073 24.58644867
vn 4.968871963e-07 -2.37400954e-07 1
v 0.3606947958 24.60161781 24.58644867
vn 5.495888331e-07 4.306501523e-06 1
v -1.127888322 21.74376678 24.58644867
vn -1.264516982e-06 -7.346084658e-06 1
v -0.2476615161 24.63404083 24.58644867
vn 3.209486863e-07 5.278250319e-05 1
v -2.456738472 23.77084732 24.58644867
vn -7.742166781e-05 4.280182839e-05 1
v -2.467535019 22.57375717 24.58644867
vn -9.501317254e-05 -4.370953684e-05 1
v 24.35667038 25.03096199 24.58644867
vn 4.906854656e-07 9.583333167e-07 1
v -2.491777658 30.04150772 24.58644867
vn -6.123505955e-06 4.507553058e-06 1
v 0.05012505502 25.44804764 24.58644867
vn -9.18025691e-08 -8.462109236e-07 1
v 21.77641487 23.23745155 24.58644867
vn -1.468125106e-07 2.365097316e-06 1
v 25.17815781 30.68429565 24.58644867
vn 8.742277657e-08 6.123234263e-17 1
v 1.290917397 26.9343338 24.58644867
vn 5.402238656e-08 9.829374221e-07 1
v -1.310150385 20.71190834 24.58644867
vn 8.742277657e-08 6.123234263e-17 1
v 23.00161552 23.18698883 24.58644676
vn 0.002090000315 0.01122725662 0.9999347925
v 2.935416222 31.65542603 24.58644867
vn 8.742277657e-08 6.123234263e-17 1
v 23.93902016 22.81803894 24.58644676
vn 0.02299054153 0.0295835305 0.9992978573
v 20.91239548 20.44878578 24.58644676
vn -0.004420122132 -0.01360401232 0.9998977184
v 21.25577545 22.19389153 24.58644867
vn 8.742277657e-08 6.123234263e-17 1
v 3.232263803 22.8089962 24.58644867
vn 8.742277657e-08 6.123234263e-17 1
v 24.99476624 20.86052895 24.58644867
vn 8.742277657e-08 6.123234263e-17 1
v -2.689879417 20.46847534 24.58644867
vn 8.742277657e-08 6.123234263e-17 1
v 18.5187664 21.95021057 24.58644867
vn 8.742277657e-08 6.123234263e-17 1
v 17.65749168 21.2515316 24.58644867
vn 8.742277657e-08 6.123234263e-17 1
v 2.045556784 19.51381493 24.58644867
vn 8.742277657e-08 6.123234263e-17 1
v 3.959965944 21.44074631 24.58644867
vn 8.742277657e-08 6.123234263e-17 1
v 5.054283142 36.48432159 24.08644867
vn -0.05560672283 0.1077171192 -0.9926252365
v 8.847145081 37.81077194 24.08644867
vn -0.01730442792 0.1226888821 -0.9922943115
v 20.79694939 21.05760193 24.58644867
vn 8.742277657e-08 6.123234263e-17 1
v 1.633046627 22.21764946 24.58644676
vn 0.0150909666 -0.01548298448 0.9997662306
v 1.959963799 23.55124664 24.58644676
vn 0.02897883393 0.007740003057 0.9995500445
v -0.4556592405 24.63132095 24.58644676
vn -0.0002171077213 0.009802983142 0.9999518991
v -1.077400804 24.58230019 24.58644676
vn -0.001445414731 0.01063568145 0.9999424219
v -0.8708091378 24.60655785 24.58644676
vn -0.001733621117 0.01888465695 0.9998201728
v -0.04451996833 24.6308136 24.58644676
vn 0.0007167397998 0.01827749237 0.9998326898
v 23.47182083 19.78849983 24.58644867
vn -5.154910241e-07 1.151548531e-06 1
v 22.12911606 19.46644783 24.58644867
vn -2.864848359e-09 7.061034353e-07 1
v 23.31985474 27.99508667 24.58644867
vn 8.742277657e-08 6.123234263e-17 1
v 17.23321915 21.15993118 24.58644867
vn 8.742277657e-08 6.123234263e-17 1
v 19.28769493 23.63720512 24.58644867
vn 8.742277657e-08 6.123234263e-17 1
v 20.75875664 23.04426956 24.58644676
vn -0.005293642636 0.01396513544 0.9998884797
v 20.5692234 22.95809364 24.58644676
vn -0.01389586646 0.02760858834 0.9995222092
v 0.1466216743 22.76763535 24.58644867
vn 8.742277657e-08 6.123234263e-17 1
v 24.07291603 20.83215332 24.58644676
vn 0.01509098615 -0.01548311673 0.9997662306
v 23.35907936 20.43383789 24.58644676
vn 0.003421076108 -0.0128992917 0.9999109507
v 22.19219589 23.24854469 24.58644676
vn 5.91615244e-05 0.009732168168 0.9999526143
v 2.57930994 23.02896118 24.58644867
vn 8.742277657e-08 6.123234263e-17 1
v 23.48813629 26.42741013 24.58644867
vn 8.742277657e-08 6.123234263e-17 1
v -3.472037315 26.55026245 24.58644867
vn 8.742277657e-08 6.123234263e-17 1
v 22.80056572 23.21611977 24.58644867
vn 0.0009029277717 0.007076248992 -0.9999745488
v 12.38530254 25.35712624 23.84313774
vn 0.3818117082 -0.1832453609 -0.9058923721
v 12.28378296 25.33384323 23.80618858
vn 0.3520485163 -0.1888828725 -0.9167252183
v 5.053408146 24.45451164 24.08644676
vn 0.06031144038 0.01402408723 -0.9980810881
v 4.878222942 26.49370956 24.08644676
vn 0.06471444666 -0.007430970203 -0.9978761673
v 1.13839674 27.19809532 24.58644867
vn 4.503701412e-09 -1.528418238e-06 1
v 1.905340314 27.72905731 24.58644867
vn 2.463112878e-06 -7.071056984e-07 1
v 1.919741154 26.39061928 24.58644867
vn 1.410876621e-06 3.869116085e-07 1
v 1.877092719 27.64093208 24.58644867
vn 4.855468433e-06 -1.95507937e-06 1
v -1.655460715 25.13605309 24.58644867
vn 4.129910565e-07 -8.654365615e-07 1
v 1.145730495 24.40282249 24.58644867
vn 1.157393513e-06 2.525836635e-06 1
v 0.5617587566 24.57248306 24.58644867
vn 8.390100561e-07 4.506935511e-06 1
v -2.587123632 22.96465874 24.58644867
vn -7.060818916e-06 -8.208798477e-07 1
v 1.959966183 23.5512352 24.58644867
vn 5.657455858e-06 1.511136475e-06 1
v -2.361765146 22.39863586 24.58644867
vn -2.216310168e-05 -1.506765693e-05 1
v -2.542854309 22.76488113 24.58644867
vn -1.056219207e-05 -2.930068376e-06 1
v 24.36931419 26.02030754 24.58644867
vn 9.13088752e-06 -3.209574288e-06 1
v -2.530305862 29.85659409 24.58644867
vn -8.804780691e-07 9.454777938e-08 1
v -2.179595709 26.94168472 24.58644867
vn -6.089821625e-08 1.124952519e-06 1
v 23.00162697 23.18698692 24.58644867
vn 1.079693106e-06 5.832369879e-06 1
v 2.978049278 20.80631256 24.58644867
vn 8.742277657e-08 6.123234263e-17 1
v 23.4176693 32.01811218 24.58644867
vn 8.742277657e-08 6.123234263e-17 1
v -1.608574152 29.89484596 24.58644867
vn 8.742277657e-08 6.123234263e-17 1
v 23.2005825 23.14580154 24.58644676
vn 0.005684730131 0.02206570841 0.9997403622
v -1.431186557 29.47005463 24.58644867
vn 8.742277657e-08 6.123234263e-17 1
v 23.54535675 24.14993858 24.58644867
vn 8.742277657e-08 6.123234263e-17 1
v 23.58559036 23.01733017 24.58644676
vn 0.006200669799 0.01353217196 0.999889195
v 23.91337776 19.52903938 24.58644867
vn 8.742277657e-08 6.123234263e-17 1
v 18.71702003 20.36939621 24.58644867
vn 8.742277657e-08 6.123234263e-17 1
v 1.651034117 21.12102699 24.58644867
vn 8.742277657e-08 6.123234263e-17 1
v 22.60746574 20.67999077 24.58644867
vn 8.742277657e-08 6.123234263e-17 1
v 20.5604744 21.63409996 24.58644867
vn 8.742277657e-08 6.123234263e-17 1
v 23.79831505 21.47103882 24.58644867
vn 8.742277657e-08 6.123234263e-17 1
v 1.757474542 20.25377846 24.58644867
vn 8.742277657e-08 6.123234263e-17 1
v 2.794261456 22.23669052 24.58644867
vn 8.742277657e-08 6.123234263e-17 1
v 6.894800186 37.30742645 24.08644867
vn -0.03002720699 0.09427960962 -0.9950928092
v -2.997520447 31.81079674 24.58644867
vn 8.742277657e-08 6.123234263e-17 1
v 1.954231739 22.74190521 24.58644676
vn 0.02758220397 -0.009627559222 0.9995731711
v 1.115619302 21.88356972 24.58644676
vn 0.005284700543 -0.01437949575 0.9998826385
v 0.9192119241 21.81933594 24.58644676
vn 0.003421116853 -0.01289928332 0.9999109507
v 1.887351155 23.74147987 24.58644676
vn 0.04854425415 0.02166062966 0.9985861182
v 0.9561282396 24.47591782 24.58644676
vn 0.004319636151 0.01231410168 0.999914825
v -0.2476719022 24.63404083 24.58644676
vn 5.916774899e-05 0.009732428938 0.9999526143
v 22.82074928 19.54381561 24.58644867
vn -3.155801664e-07 1.557846076e-06 1
v 22.47714233 19.48538399 24.58644867
vn -1.508080629e-07 1.080981633e-06 1
v 25.29882812 19.29405785 24.58644867
vn 8.742277657e-08 6.123234263e-17 1
v 25.21202278 31.6986599 24.58644867
vn 8.742277657e-08 6.123234263e-17 1
v 18.56737709 22.62377548 24.58644867
vn 8.742277657e-08 6.123234263e-17 1
v 23.91803551 20.69468117 24.58644676
vn 0.01080033276 -0.01506811846 0.9998281598
v 22.80055428 23.21612167 24.58644676
vn 0.001338180038 0.01048602909 0.9999441504
v 23.55548668 20.49807358 24.58644676
vn 0.005284777842 -0.0143794762 0.9998826385
v 23.39599609 23.09042168 24.58644676
vn 0.00431981124 0.01231387164 0.999914825
v 21.77640152 23.23744965 24.58644676
vn -0.0005328792031 0.01001764368 0.9999496937
v 24.31552887 21.16565132 24.58644676
vn 0.04441398755 -0.0242360197 0.9987192154
v 3.891870975 30.43311691 24.58644867
vn 8.742277657e-08 6.123234263e-17 1
v -0.05571982265 23.72457886 24.58644867
vn 8.742277657e-08 6.123234263e-17 1
v -1.058297873 19.6298008 24.58644867
vn 8.742277657e-08 6.123234263e-17 1
v 11.21343708 23.12621689 24.70661545
vn 0.07981412113 -0.7226143479 -0.6866281629
v 22.74857903 20.32689285 24.58644867
vn 0.037043266 -0.4102366269 -0.911226511
v 12.13987255 23.08433723 25.04380989
vn 0.3348961771 -0.705268383 -0.6248527765
v 11.95669842 22.72999573 25.43092537
vn 0.06053821743 -0.9922900796 -0.1081457287
v 11.33343887 22.72999573 25.20421219
vn 0.0304151047 -0.9876001477 -0.1540156603
v 5.903816223 22.59284019 24.08644676
vn 0.1061416715 0.06822252274 -0.9920078516
v 5.398644924 23.48714638 24.08644676
vn 0.02078354545 0.008783848956 -0.9997454286
v -2.536334276 26.17246628 24.58644867
vn -7.760393572e-08 1.071048317e-07 1
v 1.93862927 27.91095352 24.58644867
vn 0.0006136849988 -7.796390855e-05 0.9999998212
v 1.88366878 26.49493217 24.58644867
vn 1.149292871e-06 4.886483111e-07 1
v 1.733932257 27.40513039 24.58644867
vn 0.0001366069919 -0.0001394245483 1
v 0.7607236505 24.53129578 24.58644867
vn 1.178197408e-06 4.573211299e-06 1
v 0.9561377764 24.47591591 24.58644867
vn 1.548273076e-06 4.413660008e-06 1
v 1.653302431 24.07161713 24.58644867
vn 6.551303613e-06 6.176893294e-06 1
v -2.600435495 23.16966248 24.58644867
vn -1.31620493e-06 -6.779615802e-08 1
v -0.04451038688 24.6308136 24.58644867
vn 1.13235285e-06 2.887510891e-05 1
v -2.584935904 23.37706375 24.58644867
vn -7.931060964e-07 1.847174929e-07 1
v -2.228821754 22.24217224 24.58644867
vn -9.663502851e-07 -7.812735134e-07 1
v 24.33185387 25.93489647 24.58644867
vn 5.544377927e-05 -4.768455256e-05 1
v -2.516155958 29.9501133 24.58644867
vn -1.177685135e-06 2.4537988e-07 1
v -3.167455912 28.23131561 24.58644867
vn 8.742277657e-08 6.123234263e-17 1
v 24.38677406 26.11229134 24.58644867
vn 4.19039543e-06 -5.867909749e-07 1
v -3.915681601 30.23845673 24.58644867
vn 8.742277657e-08 6.123234263e-17 1
v 24.96510696 22.28589821 24.58644867
vn 8.742277657e-08 6.123234263e-17 1
v -0.2206691355 31.62812233 24.58644867
vn 8.742277657e-08 6.123234263e-17 1
v -0.37012133 22.05109596 24.58644867
vn 8.742277657e-08 6.123234263e-17 1
v 18.31320953 31.31940079 24.58644867
vn 8.742277657e-08 6.123234263e-17 1
v -1.470277071 26.22233772 24.58644867
vn 8.742277657e-08 6.123234263e-17 1
v -0.08721945435 29.96525574 24.58644867
vn 8.742277657e-08 6.123234263e-17 1
v 24.8775177 20.12976074 24.58644867
vn 8.742277657e-08 6.123234263e-17 1
v 22.2752552 24.74836731 24.58644867
vn 8.742277657e-08 6.123234263e-17 1
v 3.744070768 29.77007484 24.58644867
vn 8.742277657e-08 6.123234263e-17 1
v 0.7463108301 24.2084465 24.58644867
vn 8.742277657e-08 6.123234263e-17 1
v 3.62479043 31.77352905 24.58644867
vn 8.742277657e-08 6.123234263e-17 1
v -2.573984385 24.74080658 24.58644867
vn 8.742277657e-08 6.123234263e-17 1
v 25.40493584 29.89611244 24.58644867
vn 8.742277657e-08 6.123234263e-17 1
v 3.267056227 29.26223755 24.58644867
vn 8.742277657e-08 6.123234263e-17 1
v 1.766736627 22.37492561 24.58644676
vn 0.0199216567 -0.01527503412 0.9996848702
v 1.8756603 22.55114746 24.58644676
vn 0.04441381991 -0.0242361147 0.9987192154
v 1.304376841 21.96883965 24.58644676
vn 0.01416337211 -0.02770120278 0.9995158911
v 1.784744024 23.9164238 24.58644676
vn 0.02167913504 0.01445002574 0.9996605515
v 1.327669144 24.31256294 24.58644676
vn 0.008874827065 0.01510945614 0.9998464584
v -2.531061411 32.2195816 24.58644867
vn 8.742277657e-08 6.123234263e-17 1
v 19.24057579 22.16457176 24.58644867
vn 8.742277657e-08 6.123234263e-17 1
v 19.07382584 27.20253754 24.58644867
vn 8.742277657e-08 6.123234263e-17 1
v 20.23075676 22.7178669 24.58644676
vn -0.01494312845 0.01629436202 0.9997555614
v 20.09363365 22.56192398 24.58644676
vn -0.03572157025 0.02813714556 0.998965621
v 19.80047607 33.98014832 24.08644867
vn 0.007874055766 0.08290124685 -0.9965266585
v 0.9995694757 20.65451813 24.58644867
vn 8.742277657e-08 6.123234263e-17 1
v 24.44044495 21.55787086 24.58644676
vn 0.03078056686 -0.005409683567 0.9995115399
v 23.15764618 20.38648796 24.58644676
vn 0.002255837433 -0.01167936623 0.9999292493
v 22.59825134 23.23499107 24.58644676
vn 0.0007917963667 0.01000779402 0.9999496341
v 21.15752029 23.16131401 24.58644676
vn -0.002257070504 0.01145067252 0.9999318719
v 23.75798416 30.62122917 24.58644867
vn 8.742277657e-08 6.123234263e-17 1
v -3.583296537 31.10961342 24.58644867
vn 8.742277657e-08 6.123234263e-17 1
v 24.39410019 21.35640907 24.58644676
vn 0.0275822226 -0.00962749403 0.9995731711
v 24.20660591 20.98942947 24.58644676
vn 0.01992173493 -0.01527506299 0.9996848702
v 3.651080132 22.17581367 24.58644867
vn 8.742277657e-08 6.123234263e-17 1
v 12.1800251 25.32915115 23.76842308
vn 0.3218225837 -0.1890862733 -0.9277265668
v 11.67498016 23.06332016 24.87460327
vn 0.2205616236 -0.7253985405 -0.6520348787
v 6.554117203 21.79779625 24.08644676
vn 0.09156570584 0.08405511081 -0.9922451377
v 1.633036971 22.21764183 24.58644867
vn 5.534129741e-07 -5.22474636e-07 1
v 1.792439461 27.47676849 24.58644867
vn 4.135868221e-05 -3.04274854e-05 1
v -2.123438358 30.78857994 24.58644867
vn -1.549087898e-07 -1.2384088e-06 1
v -2.036072016 30.75981522 24.58644867
vn -9.315867544e-08 -9.836572872e-07 1
v 1.499161005 24.20352936 24.58644867
vn 4.737114523e-07 6.3650225e-07 1
v 1.327677965 24.31255722 24.58644867
vn 7.059199561e-05 0.0001201823761 1
v -2.207174301 30.82668877 24.58644867
vn -1.552462692e-07 -1.034393449e-06 1
v -1.32927084 21.78225899 24.58644867
vn -1.882885044e-06 -7.896179341e-06 1
v -1.720605373 21.90322304 24.58644867
vn -3.351552095e-06 -7.566443855e-06 1
v -2.403609514 30.20804977 24.58644867
vn -0.000113653914 9.200163186e-05 1
v -2.339974642 30.27798271 24.58644867
vn -2.400641642e-05 2.765524368e-05 1
v 24.99752998 28.08084679 24.58644867
vn 8.742277657e-08 6.123234263e-17 1
v -3.5026021 30.34711456 24.58644867
vn 8.742277657e-08 6.123234263e-17 1
v 23.77377701 28.4425354 24.58644867
vn 8.742277657e-08 6.123234263e-17 1
v -3.395512342 28.93575096 24.58644867
vn 8.742277657e-08 6.123234263e-17 1
v 25.2991848 32.45344543 24.58644867
vn 8.742277657e-08 6.123234263e-17 1
v -1.245580554 23.27879143 24.58644867
vn 8.742277657e-08 6.123234263e-17 1
v 22.56247902 31.98328018 24.58644867
vn 8.742277657e-08 6.123234263e-17 1
v -1.916665554 26.30235291 24.58644867
vn 8.742277657e-08 6.123234263e-17 1
v 22.45258522 28.62156296 24.58644867
vn 8.742277657e-08 6.123234263e-17 1
v 2.748943806 32.55097961 24.58644867
vn 8.742277657e-08 6.123234263e-17 1
v 0.07924371213 19.93608856 24.58644867
vn 8.742277657e-08 6.123234263e-17 1
v 2.132038593 32.43473053 24.58644867
vn 8.742277657e-08 6.123234263e-17 1
v 4.260724068 30.79449844 24.58644867
vn 8.742277657e-08 6.123234263e-17 1
v -0.6726387143 20.24578094 24.58644867
vn 8.742277657e-08 6.123234263e-17 1
v 24.61938667 22.99121284 24.58644867
vn 8.742277657e-08 6.123234263e-17 1
v -3.746767998 19.97783089 24.58644867
vn 8.742277657e-08 6.123234263e-17 1
v 19.98312378 22.38534164 24.58644676
vn -0.02380322292 0.01315915305 0.999630034
v 22.78820419 32.38309097 24.58644867
vn 8.742277657e-08 6.123234263e-17 1
v 0.7102903724 31.3966713 24.58644867
vn 8.742277657e-08 6.123234263e-17 1
v 18.08352661 29.96192932 24.58644867
vn 8.742277657e-08 6.123234263e-17 1
v 22.3737278 24.32578278 24.58644867
vn 8.742277657e-08 6.123234263e-17 1
v 0.3519932926 25.83397293 24.58644867
vn 8.742277657e-08 6.123234263e-17 1
v 10.4969101 23.5538044 30.64615822
vn -0.07954952866 -0.6091379523 0.7890645266
v 10.87219143 23.71428299 30.78274918
vn 0.01421991829 -0.5674887896 0.8232583404
v 13.35554504 26.08918571 24.36532593
vn 0.6355223656 0.02175945975 -0.7717757821
v 8.731348991 24.24836731 30.39948273
vn -0.4332758784 -0.8832807541 -0.1791289449
v 12.30514526 24.70480347 23.98301125
vn 0.3561063111 -0.3320099115 -0.8734744787
v 13.02396011 25.0904808 24.24463844
vn 0.5446172357 -0.2357730716 -0.8048622012
v 7.289599895 24.9782753 28.99495506
vn -0.8914836049 -0.2556436956 0.3740364909
v 14.39642525 24.97439194 29.05338669
vn 0.8852802515 -0.2510039806 0.3915046453
v 9.358787537 23.04028702 29.74807739
vn -0.3882470727 -0.7257917523 0.5678824782
v 13.67732334 25.20347023 24.75916672
vn 0.7078399658 -0.2027804106 -0.676640749
v 13.15270042 25.26015472 24.29149628
vn 0.5788624287 -0.1924145967 -0.7923982143
v 12.71329689 25.61527824 23.96251869
vn 0.4797781408 -0.1118175089 -0.8702355027
v 9.834226608 22.9754982 29.92112541
vn -0.2651259601 -0.7348715663 0.6242371202
v 9.296290398 23.49952888 30.20916748
vn -0.3823266625 -0.6262850165 0.6794066429
v 7.905284882 25.29636574 30.09881973
vn -0.8637033105 -0.375788331 -0.3358566761
v 7.168821812 25.47190094 28.9509964
vn -0.9224879146 -0.1320115477 0.3627520502
v 7.448423862 25.55129433 29.53660011
vn -0.8536418676 -0.1131634861 0.5084187388
v 12.79854107 25.81596184 23.99354553
vn 0.5065582991 -0.05439095572 -0.8604884148
v 12.2878027 24.10983276 24.25342369
vn 0.3517021835 -0.4756500721 -0.8062645793
v 13.31422138 25.69207764 30.62892532
vn 0.616974473 -0.06848584116 0.7839975357
v 12.7783308 24.0780201 30.43387604
vn 0.4844079912 -0.4733093679 0.7357493639
v 13.04236603 24.58099747 30.52997589
vn 0.5500198007 -0.347045958 0.7596297264
v 13.49704075 27.50233459 30.07660675
vn 0.6603682041 0.3832607269 0.6457747817
v 5.75488615 28.7395668 22.59302139
vn -0.5545094013 0.3035897911 0.7748242021
v 8.164731979 21.12180328 30.48644638
vn -0.01704849675 -0.03359065577 0.9992902279
v 16.13264847 26.98014641 30.48644638
vn 0.03982873634 -0.01414564624 0.9991064072
v 5.307021141 24.54491234 30.48644638
vn -0.1064228266 -0.0340963304 0.9937362075
v 5.114634991 25.44200706 30.48644638
vn -0.1678614169 -0.02487161383 0.985496819
v 6.105857849 22.90305901 30.48644638
vn -0.07053161412 -0.05211543292 0.9961472154
v 6.69132185 22.19980049 30.4864254
vn -0.05291077867 -0.05455731601 0.9971078038
v 7.384322166 21.59952545 30.48611069
vn -0.03735454753 -0.0537080355 0.9978577495
v 5.639756203 23.69272995 30.48644638
vn -0.08887304366 -0.0455618836 0.9950003624
v 9.01516819 20.77947998 30.48644638
vn -0.0163811706 -0.047731217 0.9987258911
v 9.908894539 20.5827446 30.48643875
vn -0.006228350103 -0.03788185492 0.9992628098
v 10.82424068 20.53655243 30.48627472
vn -9.34462696e-06 -0.026682375 0.9996439815
v 11.7331171 20.64372635 30.48644638
vn 0.002423610073 -0.01527285576 0.9998804331
v 13.49704075 24.45795822 30.07660675
vn 0.6624268293 -0.3784143329 0.6465239525
v 8.210186958 20.59511185 24.08644676
vn 0.03001264669 0.05690448731 -0.9979284406
v 7.330491066 21.12531853 24.08644676
vn 0.07928421348 0.1028467938 -0.991532445
v 12.50547409 24.75074768 24.05592537
vn 0.4083454013 -0.321170181 -0.8544610739
v 12.59474087 23.18865967 25.20936775
vn 0.4382017851 -0.7128971219 -0.5475005507
v 12.48166561 25.3983326 23.87821198
vn 0.410251826 -0.1723359376 -0.8955410123
v 9.980748177 24.0074234 30.85422897
vn 0.1928417236 -0.9799849391 0.0494129695
v 16.56368637 24.1295681 24.08644676
vn -0.05793966353 0.0206370391 -0.9981067777
v 9.444749832 29.230299 25.63063431
vn -0.05183704197 0.9966717958 -0.06291459501
v 27.85620308 32.48014832 24.08644867
vn 0.05788405612 4.079439532e-05 -0.9983233213
v 26.59085464 33.96168137 24.08644867
vn 0.1822282076 0.9829482436 -0.02460847422
v 27.03718948 33.81665802 24.08644867
vn 0.4662579298 0.8586447239 -0.2129149437
v 14.10240936 20.93414497 24.08644676
vn -0.03276896104 0.05429216474 -0.9979872704
v 27.23788261 33.69367218 24.08644867
vn 0.5687487721 0.7411336303 -0.3567152917
v 10.17415142 20.01904106 24.08644676
vn 0.005989152007 0.04172934592 -0.9991109967
v 12.21748066 20.13661003 24.08644676
vn -0.01262148283 0.06218612194 -0.997984767
v 26.59085464 17.99861526 24.08644676
vn 0.1304398179 -0.9911507964 -0.02460797317
v 27.4168644 33.54080582 24.08644867
vn 0.6259768009 0.5939732194 -0.505320549
v 26.81972885 18.05356216 24.08644676
vn 0.282620728 -0.9542751908 -0.09738765657
v 20.23075676 22.7178669 24.59644699
vn -0.02487523109 0.02435966022 0.9993937016
v 20.5692234 22.95809364 24.59644699
vn -0.1291087717 0.2330182046 0.96386379
v 2.568626642 24.06028557 48.00076675
vn -0.4936824441 -0.673632443 0.5499972105
v 22.54244041 20.31124306 24.58644867
vn 0.03948665038 -0.7744609118 -0.631388247
v 23.35906792 20.43383598 24.58644867
vn 0.09015776962 -0.3399474621 -0.9361128807
v 23.76754761 22.92706108 24.58644867
vn 0.03138579428 0.05343367904 -0.9980780482
v 4.142100811 26.72749138 49.16624069
vn 0.07202884555 0.2609318793 0.9626662731
v 23.2005825 23.14580154 24.59644699
vn 0.007279527374 0.03135485947 0.9994817972
v 23.55547523 20.49807167 24.58644867
vn 0.276470989 -0.7522658706 -0.59804672
v 1.662349701 24.35453606 46.85991287
vn -0.8088633418 -0.5679151416 0.1523563117
v 2.59004283 23.79095268 47.62549591
vn -0.4851969779 -0.7672330141 0.4194488823
v 23.39599609 23.09042168 24.59644699
vn 0.2564813197 0.8097088933 0.5278151631
v 12.48166561 26.56196022 23.87821198
vn 0.4217531681 0.1661645919 -0.8913549185
v 10.82575321 27.55842781 31.16178513
vn 0.5588020682 0.8089532852 0.1825782508
v 13.36921978 29.08655357 27.29939461
vn 0.664725244 0.746699512 -0.02408701368
v 11.52019596 27.73599243 31.01860428
vn 0.1600588113 0.4542196989 0.8763935566
v 2.254269838 23.97110939 47.50328445
vn -0.6028161645 -0.7033891678 0.3766382039
v 4.664721966 26.6904583 49.09183502
vn 0.2521863878 0.2457968891 0.9359412193
v 4.530677795 26.94580841 49.04305267
vn 0.2056213468 0.3364084661 0.9189935923
v 27.83773613 19.24549484 24.08644676
vn 0.5014693737 -0.09296595305 -0.8601661325
v 19.80047607 17.98014641 24.08644676
vn 0.01573520526 -0.0911616236 -0.9957118034
v 26.81972885 33.90673065 24.08644867
vn 0.3322665691 0.9381440282 -0.09738957882
v 18.33485794 16.59560204 24.08644676
vn 0.05928169191 -0.07883521169 -0.995123446
v 13.19420242 20.45441055 24.08644676
vn -0.02303578518 0.0591038242 -0.9979860187
v 14.91548538 21.56175232 24.08644676
vn -0.08207474649 0.09463573247 -0.9921228886
v 27.03718948 18.14363861 24.58644676
vn 0.2265662998 -0.4172377884 0.8801024556
v 19.80047607 17.98014641 24.58644676
vn 0.0563798584 -0.3266360462 0.9434671402
v 8.847145081 14.14952087 24.08644676
vn -0.02416728064 -0.1215233654 -0.9922943115
v 16.65812492 15.47597218 24.08644676
vn 0.04523585737 -0.08762731403 -0.995125711
v 16.1644249 23.18322182 24.08644676
vn -0.02027854882 0.01143819932 -0.9997289181
v 11.97771645 25.37555122 23.69478989
vn 0.2634229064 -0.1733232886 -0.9489822984
v 12.07701492 25.34318924 23.73093033
vn 0.2919882536 -0.1838479787 -0.9385855198
v 7.34714222 24.32353973 28.45708466
vn -0.8759720922 -0.4180663824 0.2406103909
v 5.903816223 22.59284019 24.58644676
vn 0.2434140295 0.1769247651 0.9536494613
v 9.184670448 23.89076424 24.51315689
vn -0.4222206175 -0.5203793049 -0.7422500849
v 9.686294556 25.56862259 23.68355942
vn -0.2988390326 -0.09822655469 -0.9492348433
v 10.31635761 25.66148186 23.53587532
vn -0.1441096514 -0.07487086207 -0.9867252707
v 9.656956673 24.14608574 24.14010239
vn -0.3057483435 -0.4566088319 -0.8354796767
v 7.069954872 25.30559158 26.38676834
vn -0.9464076161 -0.1690895855 -0.2751752138
v 10.42982292 24.15222549 23.95418167
vn -0.1145638973 -0.4567936659 -0.8821647763
v 3.211048126 23.91294861 48.23458862
vn -0.2679985464 -0.7270330191 0.6321390867
v 20.36402512 20.72062111 24.58644867
vn -0.4491046071 -0.5563515425 -0.6991266012
v 20.39154625 22.85022736 24.59644699
vn -0.4248027503 0.5692266822 0.7039343715
v 8.819074631 22.72999573 28.62065887
vn -0.04258996993 -0.9988113046 0.02370869927
v 2.883945704 23.95752335 48.11553574
vn -0.3829753697 -0.7105540633 0.5902904272
v 2.2741642 24.21827888 47.89359283
vn -0.596934557 -0.6173318028 0.5124164224
v 8.757037163 23.69125557 24.96563911
vn -0.5277239084 -0.5705138445 -0.6293023229
v 1.531048656 24.59692383 45.86751938
vn -0.8526914716 -0.4855132997 -0.192857638
v 7.300989151 24.17786217 27.8214283
vn -0.8875770569 -0.4532355964 0.082368128
v 7.124141216 24.84853554 28.37591934
vn -0.9323509336 -0.2868484557 0.2200901359
v 10.89211178 24.56468964 23.74543381
vn -0.001275264891 -0.3553358912 -0.9347378016
v 11.13373756 24.37451363 23.83337784
vn 0.05949223787 -0.40445593 -0.9126204252
v 11.51820374 24.88528633 23.69658852
vn 0.1526242495 -0.2808583677 -0.9475359917
v 11.88498497 25.42530632 23.66103745
vn 0.2369432747 -0.1578143984 -0.958620131
v 10.76852226 23.27121544 24.54467964
vn -0.02810952626 -0.6781053543 -0.7344269753
v 2.647579908 23.57909775 47.21850967
vn -0.4641165137 -0.8410732746 0.2778338492
v 3.119324684 24.25722885 48.52935791
vn -0.3007385731 -0.6080971956 0.7346932292
v 2.279314041 23.77669144 47.08446884
vn -0.5930754542 -0.7713291645 0.2308956534
v 1.693435788 24.25378418 46.40967941
vn -0.7971963286 -0.6037039757 -0.004417996854
v 2.949596643 23.67377281 47.7563591
vn -0.3591291308 -0.8090056181 0.4653345048
v 1.947724342 24.03767204 46.96378326
vn -0.7091031075 -0.6793955564 0.1886650324
v 6.894800186 14.65286732 24.08644676
vn -0.03527447581 -0.09244445711 -0.9950928092
v 16.65812492 15.47597218 24.58644676
vn 0.05008557066 -0.08494867384 0.995125711
v 16.65812492 36.48432159 24.58644867
vn 0.04523579404 0.08762729913 0.995125711
v 12.86526299 14.14952087 24.08644676
vn 0.01722556166 -0.1221301854 -0.9923645854
v 1.91193223 17.98014641 24.08644676
vn -0.007221348118 -0.04183674231 -0.9990983605
v 14.81760693 14.65286732 24.08644676
vn 0.02991965413 -0.09394189715 -0.9951279759
v 14.81760693 37.30742645 24.58644867
vn 0.02991968952 0.09394188225 0.9951279759
v -6.070380688 19.01662254 24.08644676
vn -0.5622215867 -0.1665081233 -0.8100506067
v 10.85620403 13.98014927 24.08644676
vn -0.002789085731 -0.09925086051 -0.9950585365
v 12.21748066 31.82368469 24.58644867
vn -0.01262155175 -0.06218606606 0.997984767
v -5.980306149 18.79916191 24.08644676
vn -0.6096891165 -0.2907702625 -0.7373817563
v -6.125328541 19.24549484 24.08644676
vn -0.5056550503 -0.06654701382 -0.8601653576
v 8.210186958 20.59511185 24.58644676
vn 0.02313060127 0.05069088936 0.9984465241
v 7.330491066 21.12531853 24.58644676
vn 0.2771345675 0.4055352807 0.8710554242
v -6.070380688 19.01662254 24.58644676
vn -0.3881224394 -0.1374626905 0.9112985134
v 24.32721901 22.35598373 24.59644699
vn 0.01073467545 0.005521650426 0.9999271631
v -6.125328541 19.24549484 24.58644676
vn -0.3954702616 -0.07331639528 0.9155479074
v -5.980306149 18.79916191 24.58644676
vn -0.3713344634 -0.2016401142 0.9063398838
v 22.28300285 22.20655441 24.58644867
vn 0 -6.123234263e-17 -1
v -4.878447056 33.96168137 24.58644867
vn -0.09152664989 0.4937016666 0.8648014665
v 23.55548668 20.49807358 24.59644699
vn 0.104806304 -0.2562080324 0.9609230161
v 19.9030323 22.19383621 24.59644699
vn -0.007933665998 0.002346564084 0.9999657869
v 23.4881916 22.14800835 24.58644867
vn -1.111617109e-07 -1.236637956e-07 -1
v 20.41008568 21.59814835 24.58644867
vn 1.579475111e-07 -6.032605882e-08 -1
v -5.704456329 18.419487 24.58644676
vn -0.3079112768 -0.3245010376 0.8943655491
v 21.6177597 22.34579086 24.58644867
vn 7.483652809e-08 -5.906609957e-08 -1
v 10.96084213 25.76285172 23.49372482
vn 0.01211066265 -0.04994052276 -0.9986787438
v 11.60253143 25.87002945 23.55823326
vn 0.1591685265 -0.02527740784 -0.9869277477
v 21.72596169 30.93138504 24.58644867
vn 0.1384010166 0.1047785059 -0.9848180413
v 23.1721859 23.90003967 24.58644867
vn -0.01572728343 -0.04393275082 -0.9989106655
v -5.857322693 18.59847069 24.58644676
vn -0.3446803987 -0.2645096481 0.900683105
v -5.107322693 18.05356216 24.58644676
vn -0.1387691349 -0.4685581923 0.8724656701
v -6.143796444 32.48014832 24.58644867
vn -0.1400588751 0.0001954139443 0.9901431799
v -5.525474072 18.26662064 24.58644676
vn -0.2610257566 -0.3798337281 0.8874637485
v 22.26477432 22.94129753 24.58644867
vn 1.500589875e-08 -2.150423626e-07 -1
v 1.91193223 17.98014641 24.58644676
vn -0.09778945893 -0.5665418506 0.8182100058
v -4.64379549 17.98014641 24.58644676
vn -0.0005647846265 -0.2076694965 0.9781988859
v -5.324782372 18.14363861 24.58644676
vn -0.2043790817 -0.4285429418 0.8801023364
v 23.3269825 21.42067719 24.58644867
vn -3.748182564e-08 9.293567871e-08 -1
v 21.1536026 21.53344917 24.58644867
vn 1.302098784e-08 -3.062849974e-09 -1
v 20.86048698 20.97260094 24.58644867
vn 5.695886429e-08 1.975364938e-07 -1
v 11.68841171 22.72999573 29.66450691
vn 0.2213992327 -0.8296564221 0.5124964118
v 12.57009697 25.45627594 23.91039848
vn 0.4365487099 -0.1564703882 -0.8859696388
v 10.28164673 24.08851242 30.96374512
vn 0.3419129848 -0.9339967966 0.1036604419
v 13.19420242 20.45441055 24.58644676
vn -0.01535760332 0.03358413279 0.9993178844
v 18.33485794 16.59560204 24.58644676
vn 0.0701347217 -0.0831066668 0.9940696359
v 12.26872253 22.72999573 29.34148788
vn 0.2202748209 -0.9315460324 0.2893111706
v -5.107322693 33.90673065 24.58644867
vn -0.1631457806 0.4606357515 0.8724666834
v 12.89360523 22.72999573 26.35268402
vn 0.0784412697 -0.9960868955 -0.0407162793
v 13.02649784 23.37328911 25.36651421
vn 0.5502340794 -0.6385290623 -0.5380734801
v -4.878447056 17.99861526 24.58644676
vn -0.06551522762 -0.4978204966 0.8648020029
v 20.72043228 22.39696121 24.58644867
vn 1.317213929e-07 -1.019510449e-07 -1
v 22.81996346 22.52248001 24.58644867
vn -9.120252997e-08 -1.436498991e-07 -1
v 22.10267639 20.78536606 24.58644867
vn 6.846732958e-08 1.802886374e-07 -1
v 12.69562435 24.83205986 24.12513351
vn 0.4581142664 -0.3010897636 -0.8363469839
v 22.76633644 21.81325722 24.58644867
vn 0 -6.123234263e-17 -1
v 22.70760918 20.98527718 24.58644867
vn -5.076417864e-08 1.568774621e-07 -1
v 23.91202164 21.47102928 24.58644867
vn -1.868604755e-07 7.601814644e-08 -1
v 8.210186958 31.36518097 24.58644867
vn 0.02599360608 -0.04928419366 0.9984464645
v 23.33187103 22.89534569 24.58644867
vn -1.014785269e-07 -2.37315632e-07 -1
v 21.20898819 22.74539185 24.58644867
vn 1.149472411e-07 -1.444182658e-07 -1
v 22.00551987 21.45393372 24.58644867
vn 3.549898153e-08 4.503672102e-08 -1
v 19.85274506 21.57914925 24.59644699
vn -0.005689041223 -0.0009584784857 0.9999833703
v 13.13033295 22.72999573 26.97207832
vn 0.04744647071 -0.9987995625 -0.01217607409
v 24.68320465 21.40288353 24.58644867
vn -0.02896366641 0.00398856448 -0.9995725155
v 24.71122551 21.75012207 24.58644867
vn -0.05089048296 -0.001363339252 -0.998703301
v 21.65065575 31.01245308 24.58644867
vn 0.59879601 0.6189390421 -0.5082890987
v 19.90353394 28.49210548 24.58644867
vn -0.2642140687 0.07195324451 0.9617763162
v 13.59355068 27.6650486 25.10568428
vn 0.6898214817 0.4204322696 -0.589392066
v 2.446756124 29.9533577 24.58644867
vn 1.056815364e-07 -1.749575631e-07 -1
v 2.37883997 20.89044189 24.58644867
vn 0 -6.123234263e-17 -1
v 24.36931419 30.14851189 24.58644867
vn 0.09105420858 -0.03200594708 -0.9953314662
v 20.20402718 27.77533722 24.58644867
vn -0.01239716541 0.01253433339 -0.9998446107
v -0.7205073833 21.69814491 24.59644699
vn -0.0009906700579 -0.01594414935 0.9998723865
v 3.307630062 28.56688309 24.58644867
vn -1.950035085e-07 6.135914532e-08 -1
v -2.209111214 24.10336304 24.59644699
vn -0.02487570234 0.02435999922 0.9993937016
v -2.048321962 24.2357235 24.59644699
vn -0.4248138666 0.5692391396 0.7039176226
v 21.1036377 23.89937782 24.59644699
vn 0.003394516418 -0.00945783034 0.9999495149
v 24.38385201 29.07459831 24.58644867
vn 0.05703869835 0.008901222609 -0.998332262
v 22.24141884 30.82780647 24.58644867
vn -0.0991550684 0.05753081292 -0.9934074879
v 19.98185539 29.21383858 24.58644867
vn -0.3134847879 0.4502117336 -0.8360841274
v 20.10620308 19.23014641 24.59644699
vn 0.0001124782066 -0.02047917061 0.9997902513
v 21.86733246 30.63394737 24.58644867
vn 0.03042049333 0.006322576664 -0.9995172024
v 21.83513832 30.73977089 24.58644867
vn 0.05113792792 0.01825568452 -0.9985247254
v 1.154649973 26.39169884 24.58644867
vn -1.26170292e-07 1.158902529e-09 -1
v 24.33185387 30.06310081 24.58644867
vn 0.4480863214 -0.3853810132 -0.8066598773
v 21.18206978 28.18393707 24.58644867
vn -0.003736627987 0.018323116 -0.99982512
v 20.78442192 23.75056648 24.59644699
vn 0.002849654993 -0.005443592556 0.9999811053
v 12.87012672 27.01389313 24.18864822
vn 0.5139184594 0.2645256519 -0.8160355687
v 13.42272472 28.32738113 25.51073074
vn 0.6457598209 0.5862745047 -0.4891588986
v -2.456743956 23.77083778 24.59644699
vn -0.01065979339 0.005156053696 0.9999299049
v 24.35667038 29.15917015 24.58644867
vn 0.1731972247 0.08466952294 -0.9812409282
v -2.346233845 23.94742012 24.59644699
vn -0.01577254198 0.0110956179 0.9998140335
v 18.13542938 27.78647041 24.58644867
vn -0.01384901255 -0.003041075077 -0.999899447
v 22.64649773 31.15916824 24.58644867
vn -0.008360362612 0.02435306646 -0.999668479
v 16.44637299 20.98014641 24.59644699
vn -0.01007350069 -0.002692258917 0.9999456406
v 24.39410019 21.35640907 24.59644699
vn 0.007977715693 -0.002301400527 0.9999655485
v -5.980306149 33.16113281 24.58644867
vn -0.3813953996 0.1818929613 0.9063401818
v -5.857322693 33.36182785 24.58644867
vn -0.3580752909 0.2460727841 0.9006832242
v 21.98420906 23.24582481 24.59644699
vn -0.000202123003 0.006473688409 0.9999790192
v -6.070380688 32.94367218 24.58644867
vn -0.3947965503 0.1169225425 0.9112983942
v -4.64379549 33.98014832 24.58644867
vn -0.001127810916 0.2145204395 0.976718843
v -5.704456329 33.54080582 24.58644867
vn -0.3245003223 0.3079120219 0.8943655491
v 9.167424202 31.73757935 24.58644867
vn 0.01302238926 -0.04010773823 0.9991105199
v 20.75875664 23.04426956 24.59644699
vn -0.0527876094 0.1267732382 0.9905261397
v 24.09316444 22.68612862 24.59644699
vn 0.164841488 0.172988683 0.971031487
v 20.36403465 20.72061157 24.59644699
vn -0.07409875095 -0.1013466939 0.9920877814
v 12.86044693 24.29645729 24.46184731
vn 0.497666806 -0.4302459061 -0.7531375885
v 22.3953476 23.24531746 24.59644699
vn 0.0002087737084 0.007579179946 0.9999712706
v 13.42272472 23.63291168 25.51072884
vn 0.6385839581 -0.5919229388 -0.4917700291
v 13.45668221 23.0508194 26.67617035
vn 0.6585130692 -0.7198313475 -0.2195525914
v 22.95393753 20.35136414 24.59644699
vn 0.002551619196 -0.01650725678 0.9998604655
v 24.20660591 20.98942947 24.59644699
vn 0.01584506221 -0.01092784759 0.9998147488
v 24.44193649 21.96731186 24.59644699
vn 0.005736342631 0.000928130059 0.9999831319
v 23.74424553 20.58334351 24.59644699
vn 0.3517262042 -0.6125945449 0.7078252435
v -6.125328541 32.71479797 24.58644867
vn -0.3987698257 0.05247993022 0.9155482054
v 19.89701653 21.37937164 24.59644699
vn -0.005984578747 -0.002004134003 0.999980092
v 21.71936035 20.31264877 24.59644699
vn -0.000990665867 -0.01594416425 0.9998723865
v 19.97233772 21.18824577 24.59644699
vn -0.01063117757 -0.005633372348 0.99992764
v 20.21105385 20.85666466 24.59644699
vn -0.01774827205 -0.01817621104 0.9996772408
v 22.3358345 20.30327797 24.59644699
vn 0.000203314019 -0.006503326818 0.9999788404
v 24.07291603 20.83215332 24.59644699
vn 0.02700657398 -0.02522845007 0.9993168712
v 11.05412006 27.33470917 31.24490356
vn 0.676420331 0.7011858821 0.2253750712
v 12.57009697 26.50401688 23.91039848
vn 0.4469012618 0.1483225524 -0.882201612
v 13.34195709 27.2848568 24.63710403
vn 0.6290444732 0.3268435001 -0.7053200603
v -5.525474072 33.69367218 24.58644867
vn -0.280582428 0.3656255603 0.88746351
v 3.377548695 35.3646965 24.58644867
vn -0.05868471041 0.06953882426 0.9958516359
v -5.324782372 33.81665802 24.58644867
vn -0.2265672535 0.4172374606 0.880102396
v 12.68897247 26.73793602 30.96016693
vn 0.4604597986 0.1945291311 0.8661034703
v 8.07992363 28.48092651 26.05873489
vn -0.6938490868 0.6257520914 -0.3563814759
v 13.30221176 24.02237701 24.99964523
vn 0.6086876988 -0.4964211881 -0.6189227104
v 13.59355068 24.29524422 25.10568428
vn 0.6826546788 -0.4283903837 -0.592000246
v 16.1644249 23.18322182 24.58644676
vn -0.2675236166 0.1313170493 0.9545611143
v 13.34195709 24.67543602 24.63710403
vn 0.6210771203 -0.3356893957 -0.7082201838
v 13.04722214 22.72999573 28.28391266
vn 0.1568919271 -0.9860544205 0.05551240593
v 13.11635685 24.46413994 24.55499268
vn 0.5631533861 -0.3885563314 -0.7293025851
v 11.63459492 23.56223869 30.57640648
vn 0.2005087733 -0.6038218141 0.7714890838
v 12.39761543 23.00896072 29.67644882
vn 0.4011186063 -0.7437109947 0.5347876549
v 13.89260197 28.50119591 26.83483124
vn 0.760895133 0.6287669539 -0.1602831632
v 13.57837105 28.16153336 29.4438324
vn 0.6802422404 0.5467851758 0.4881561995
v 11.77427673 27.40112305 31.11108017
vn 0.2258400917 0.3718312681 0.9004097581
v 12.52929115 27.21888161 30.9020462
vn 0.4197141528 0.3149189055 0.8512732387
v 13.83149147 28.65359306 27.46764565
vn 0.7448036075 0.6672765017 -0.003111046273
v 13.1831131 29.230299 27.63466072
vn 0.2156054527 0.9761274457 0.02625855431
v 13.88117027 27.58471107 29.55404282
vn 0.7561802268 0.4026755095 0.515794456
v 10.56589985 27.73909378 31.06720543
vn 0.4261175096 0.8946441412 0.1342969686
v 13.87260056 28.28145218 26.21942329
vn 0.7568768263 0.5736806989 -0.3130940795
v 11.21658897 28.0203476 30.90810013
vn 0.08215441555 0.5236372948 0.8479709029
v 13.77202129 28.0002327 25.63786316
vn 0.7329249382 0.5035628676 -0.4574335515
v 12.83976364 28.53722 29.83737755
vn 0.4961915314 0.6248273849 0.6028140187
v 11.21164417 26.78788567 23.58500862
vn 0.08216544986 0.214868471 -0.9731805325
v 10.89211178 27.39560509 23.74543381
vn 0.007368660998 0.3634322882 -0.9315914512
v 13.47467804 28.65414429 26.0745945
vn 0.6576036811 0.6675320268 -0.3492254019
v 10.68416309 27.164711 23.6697464
vn -0.04613433033 0.3055278957 -0.9510648251
v 11.01247978 26.40848351 23.51251984
vn 0.0286223758 0.1174295917 -0.9926686287
v 13.02329159 28.94990921 25.91030312
vn 0.5414791703 0.741071105 -0.3970061839
v 11.60253143 26.09026527 23.55823326
vn 0.1613450944 0.03878676146 -0.9861355424
v 10.31635761 26.29881287 23.53587532
vn -0.1421637386 0.08694667369 -0.986017108
v 10.29087067 25.98014641 23.52659988
vn -0.1496075988 0.006127697881 -0.9887264371
v 13.89260197 23.45909882 26.83483124
vn 0.7571659088 -0.6329073906 -0.1616414934
v 13.18832302 23.28469276 29.30186844
vn 0.5738511682 -0.687702179 0.4447028041
v 12.83976364 23.42307472 29.83737755
vn 0.4986822307 -0.6378355026 0.5869258046
v 13.77202129 23.96006203 25.63786316
vn 0.7267490029 -0.5104207397 -0.4596809149
v 13.47458458 23.21831703 28.71786308
vn 0.6514127851 -0.697111845 0.2994935811
v 13.6908989 23.22571945 28.10096169
vn 0.7053975463 -0.6950201988 0.139144823
v 13.83149147 23.30669975 27.46764565
vn 0.7448678017 -0.6671840549 -0.006112216972
v 13.87260056 23.67884254 26.21942329
vn 0.7518568039 -0.5792547464 -0.3149211109
v 9.784088135 26.79135704 23.71915245
vn -0.2716047466 0.2095337361 -0.9393223524
v 10.39208508 26.6083107 23.56343842
vn -0.1219905317 0.1652688682 -0.9786748886
v 7.463304996 27.30628967 25.8343029
vn -0.8481996059 0.3321915865 -0.4125605226
v 9.028286934 24.10093117 30.50756264
vn -0.2825091481 -0.9511848092 -0.1242419109
v 8.909572601 23.62556076 30.06841278
vn -0.4803882539 -0.5956280828 0.6437812448
v 8.669490814 27.08812904 24.32564735
vn -0.5477842689 0.2811843157 -0.7879516482
v 8.192664146 27.19392586 24.76022339
vn -0.6663555503 0.3064249754 -0.6797602177
v 7.230255127 27.3098526 26.44511223
vn -0.9065462947 0.3320041895 -0.2606664598
v 7.786990166 27.26729965 25.26762772
vn -0.7674093843 0.3235861361 -0.5535113811
v 13.47458458 28.74197578 28.71786308
vn 0.6412094831 0.69621557 0.3226983249
v 13.04693604 29.230299 28.28456688
vn 0.1569367647 0.986043334 0.05558184907
v 14.25741196 28.02038956 26.96761131
vn 0.8518255949 0.5081499815 -0.1271876246
v 13.67732334 26.75682259 24.75916672
vn 0.712582469 0.1916152537 -0.6749146581
v 14.20561314 27.84255409 26.34063148
vn 0.8398162127 0.4633279741 -0.2829061747
v 14.21835327 28.14372253 27.60845184
vn 0.8413277268 0.5395761132 0.0320209302
v 12.71329689 26.34501648 23.96251869
vn 0.4869881868 0.100464195 -0.8676113486
v 7.289599895 26.98201752 28.99495506
vn -0.894351542 0.2470054477 0.3729928136
v 13.8373661 27.34371185 25.19442558
vn 0.7505531907 0.3389029205 -0.5672872066
v 13.530756 27.03602791 24.70582008
vn 0.6762214899 0.2630117238 -0.6881492138
v 13.87423706 28.21525002 28.86332321
vn 0.7543841004 0.5591627359 0.3438628614
v 13.15270042 26.70013809 24.29149628
vn 0.5857860446 0.1815143526 -0.7898780107
v 10.28164673 27.8717804 30.96374512
vn 0.2819877267 0.9559203386 0.081848979
v 13.6908989 28.73457527 28.10096169
vn 0.697066009 0.7001006603 0.1547840089
v 7.094067097 27.27789497 27.08374023
vn -0.9408891201 0.3230276406 -0.1018865258
v 8.732036591 27.71237564 30.3997345
vn -0.4911933243 0.8477289677 -0.2002116293
v 8.232040405 27.26608086 30.21775055
vn -0.733522296 0.6154258251 -0.2884374559
v 14.08948135 28.20926094 28.24603271
vn 0.8085615039 0.5567374825 0.190451175
v 12.64805508 26.43100166 23.9387722
vn 0.4688585401 0.1262090951 -0.8742098808
v 13.02396011 26.86981201 24.24463844
vn 0.5531710982 0.2262751758 -0.8017488718
v 12.29552841 27.6641922 30.8169651
vn 0.3604351878 0.4262475371 0.8296984434
v 7.05837822 27.21127129 27.73312378
vn -0.9503265023 0.3055090606 0.05952917784
v 14.06433964 27.61496925 25.74425888
vn 0.8057004809 0.406365931 -0.4309448898
v 12.7783308 27.88227463 30.43387604
vn 0.4805476964 0.479388684 0.7343435287
v 7.124141216 27.11175919 28.37591934
vn -0.9346478581 0.2799303532 0.2192542404
v 14.2912693 27.18267441 25.82685471
vn 0.8619935513 0.2974774241 -0.4104561806
v 11.24477005 27.07404327 31.31429291
vn 0.7757614255 0.5742840767 0.2615185678
v 11.97152328 27.02537537 31.18287277
vn 0.2776216269 0.2788328826 0.9193359017
v 9.625734329 29.08265495 25.28181839
vn -0.317101866 0.739005208 -0.5944053531
v 7.848530769 28.4876461 26.67014885
vn -0.7520999908 0.6265338659 -0.2044527382
v 11.97152328 24.93491745 31.18287277
vn 0.2868135571 -0.2573103607 0.922783494
v 9.686294556 26.39167213 23.68355942
vn -0.2970886827 0.1090911701 -0.94859761
v 8.472476959 23.41929245 29.42548943
vn -0.6031482816 -0.6266725659 0.4934507608
v 8.757037163 28.26903915 24.96564102
vn -0.5243384838 0.574976325 -0.6280695796
v 7.697483063 28.42738342 27.30336571
vn -0.790435791 0.6107293963 -0.04712663218
v 10.16127777 27.50989151 23.85643959
vn -0.1750660539 0.3896164596 -0.9041852355
v 9.977649689 28.81222916 24.80177879
vn -0.2215941697 0.6980304122 -0.6809182167
v 12.87012672 24.9464016 24.18864822
vn 0.5039794445 -0.2723482847 -0.8196530342
v 12.49143219 22.72999573 25.82438087
vn 0.06007758528 -0.9961593151 -0.06369718164
v 13.02329159 23.01038361 25.91030312
vn 0.5375522375 -0.7278323174 -0.4257906675
v 8.038369179 28.75427055 28.08981323
vn -0.6963342428 0.702016592 0.1493026763
v 11.70118904 27.17318726 23.76318932
vn 0.2111404985 0.3122546077 -0.9262379408
v 10.35303307 28.46614838 24.3934536
vn -0.124444969 0.6264166832 -0.7694904804
v 9.671412468 23.98014641 30.74164009
vn 0.03557084873 -0.9993368387 -0.007787704468
v 13.69326115 26.9113369 30.14802551
vn 0.7098616362 0.2355471104 0.663787663
v 27.78278923 19.01662254 24.58644676
vn 0.3947960734 -0.1169245616 0.9112983346
v 27.69271278 18.79916191 24.58644676
vn 0.3813948631 -0.1818950772 0.9063399434
v 27.56972885 18.59847069 24.58644676
vn 0.3580759764 -0.2460719347 0.9006831646
v 27.4168644 18.419487 24.58644676
vn 0.3245015442 -0.3079096973 0.8943659067
v 27.23788261 18.26662064 24.58644676
vn 0.2805829644 -0.3656249046 0.8874635696
v 26.81972885 18.05356216 24.58644676
vn 0.163144812 -0.4606372714 0.8724660873
v 27.56972885 33.36182785 24.58644867
vn 0.3446803391 0.2645083964 0.9006835222
v 27.69271278 33.16113281 24.58644867
vn 0.3713338077 0.2016404718 0.9063400626
v 26.81972885 33.90673065 24.58644867
vn 0.1387695819 0.4685567021 0.8724663854
v 27.83773613 19.24549484 24.58644676
vn 0.3987699449 -0.05247890949 0.9155482054
v 26.35620308 17.98014641 24.58644676
vn 0.001062900526 -0.3908250332 0.9204643965
v 19.80047607 33.98014832 24.58644867
vn 0.1099332795 0.3766329885 0.9198164344
v 27.83773613 32.71479797 24.58644867
vn 0.3954702318 0.07331456244 0.9155480862
v 27.78278923 32.94367218 24.58644867
vn 0.3881220222 0.1374631077 0.9112986326
v 27.4168644 33.54080582 24.58644867
vn 0.3079108596 0.3245012164 0.8943656087
v 27.23788261 33.69367218 24.58644867
vn 0.2610253692 0.3798339367 0.8874637485
v 27.03718948 33.81665802 24.58644867
vn 0.2043792158 0.4285431504 0.8801022172
v 26.35620308 33.98014832 24.58644867
vn 0.0005328232073 0.385081023 0.9228826165
v 10.85620403 37.98014832 24.58644867
vn -0.002789112506 0.09925085306 0.9950585365
v 5.054283142 36.48432159 24.58644867
vn -0.06156827137 0.1044242159 0.9926252961
v 8.847145081 37.81077194 24.58644867
vn -0.02416735329 0.1215233207 0.9922943115
v 10.17415142 31.94125366 24.58644867
vn 0.005989104509 -0.04172936454 0.9991109967
v 27.85620308 32.48014832 24.58644867
vn 0.279266417 0.0007657249225 0.9602133632
v 6.894800186 37.30742645 24.58644867
vn -0.03527450562 0.09244441241 0.9950928092
v 12.86526299 37.81077194 24.58644867
vn 0.01722567901 0.1221302077 0.9923645854
v 14.81760693 14.65286732 24.58644676
vn 0.03514814004 -0.09211348742 0.9951279759
v 12.21748066 20.13661003 24.58644676
vn -0.01615944691 0.06136183813 0.997984767
v 7.330491066 30.83497429 24.58644867
vn 0.2998874784 -0.3890113533 0.8710554838
v 11.20086575 31.97024155 24.58644867
vn -0.001215932891 -0.04214190319 0.9991108775
v 6.554117203 30.16249657 24.58644867
vn 0.2220460176 -0.2038327903 0.953492403
v 18.33485794 35.3646965 24.58644867
vn 0.06535680592 0.08691419661 0.9940696359
v 16.56368637 24.1295681 24.58644676
vn -0.2860255539 0.08377152681 0.9545531273
v 6.554117203 21.79779625 24.58644676
vn 0.2100176215 0.2162054181 0.953492403
v 5.903816223 29.36745453 24.58644867
vn 0.2531397641 -0.1627053469 0.9536494017
v 11.20086575 19.99005508 24.58644676
vn -0.003625614569 0.04200314358 0.9991108775
v 10.17415142 20.01904106 24.58644676
vn 0.00359135028 0.04200359061 0.9991109967
v 14.10240936 20.93414497 24.58644676
vn -0.2942630947 0.4298506081 0.853602767
v 14.91548538 21.56175232 24.58644676
vn -0.3180550039 0.3268955648 0.8899327517
v 16.79569054 25.13014603 24.58644676
vn -0.05430836231 -0.08939255029 0.9945147634
v 13.19420242 31.50588226 24.58644867
vn -0.01341063529 -0.03440799564 0.9993178844
v 16.79569054 26.83014679 24.58644676
vn -0.1052183583 0.07439716905 0.9916623235
v 14.10240936 31.02614975 24.58644867
vn -0.2691822648 -0.4459865689 0.8536022902
v 14.91548538 30.39854431 24.58644867
vn -0.2988272011 -0.344560951 0.8899326324
v 4.878222942 26.49370956 24.58644676
vn 0.4466510713 -0.02551811375 0.8943442702
v 10.85620403 13.98014927 24.58644676
vn 0.002789085498 -0.09925095737 0.9950585365
v 16.56368637 27.83072472 24.58644676
vn -0.2807629704 -0.1000023335 0.9545531273
v 15.60960484 29.6414547 24.58644867
vn -0.2308053374 -0.1885460615 0.9545571208
v 5.054283142 15.47597218 24.58644676
vn -0.05560676381 -0.1077171117 0.9926252365
v 6.894800186 14.65286732 24.58644676
vn -0.03002716973 -0.09427962452 0.9950928092
v 9.167424202 20.22271538 24.58644676
vn 0.01070583425 0.0407871753 0.9991105199
v 5.053408146 27.50578308 24.58644676
vn 0.2922486961 -0.06795580685 0.9539248943
v 8.847145081 14.14952087 24.58644676
vn -0.0173043143 -0.122688897 0.9922943115
v 12.86526299 14.14952087 24.58644676
vn 0.02405721694 -0.1209701598 0.9923645854
v 15.60960484 22.31883812 24.58644676
vn -0.2412165552 0.1750290096 0.9545571804
v 16.1644249 28.77707291 24.58644867
vn -0.2595704198 -0.1464112997 0.9545611143
v 15.85620403 26.83014679 24.58644676
vn -0.2545958161 0.1406995505 0.9567573667
v 3.377548695 16.59560204 24.58644676
vn -0.05468685925 -0.07272484154 0.9958516359
v 5.398644924 23.48714638 24.58644676
vn 0.2696134746 0.1326141655 0.9537935257
v 16.79569054 25.13014603 24.08644676
vn -0.02909482829 -0.006912954617 -0.9995527267
v 15.60960484 22.31883812 24.08644676
vn -0.0966084674 0.07892010361 -0.9921886921
v -6.143796444 19.48014641 24.58644676
vn -0.4962133467 -0.0006924613845 0.8682003617
v 1.91193223 33.98014832 24.58644867
vn -0.05051557347 0.5318480134 0.8453318477
v 5.398644924 28.47314644 24.58644867
vn 0.2767603099 -0.1169682369 0.9537935853
v 15.85620403 25.13014603 24.58644676
vn -0.7144703269 -0.1974220425 0.6712352037
v 26.59085464 33.96168137 24.58644867
vn 0.06551425904 0.497820735 0.8648019433
v 13.20978737 28.04954338 29.97205353
vn 0.5881308913 0.5199460983 0.6194821596
v 13.31422138 26.26821709 30.62892532
vn 0.6163892746 0.07579637319 0.7837851644
v 13.79280281 26.29354858 30.18425369
vn 0.735183537 0.08105862141 0.67300421
v 13.04236603 27.37929726 30.52997589
vn 0.5471799374 0.3537323475 0.7585957646
v 9.908146858 21.58114815 29.78644562
vn 0.1780230105 0.8042477369 -0.5670038462
v 10.66521835 21.48420143 29.78644562
vn 0.03472584113 0.750571847 -0.6598757505
v 11.42778397 21.51659393 29.78644562
vn -0.1087027863 0.8011161089 -0.58855474
v 11.45113373 21.51965523 28.29022598
vn -0.4398628771 0.7895504832 -0.427937746
v 11.57787323 21.53838921 28.17868423
vn -0.4649884999 0.8258528709 -0.3189870417
v 11.30672073 21.50277138 28.37921524
vn -0.3238111436 0.8348831534 -0.4451028109
v 9.983407974 21.56558228 27.97453308
vn 0.6647329926 0.6762603521 -0.3174932301
v 9.913387299 21.58000755 27.81975937
vn 0.7979640365 0.5421201587 -0.2633612752
v 10.81339073 21.48036957 28.48553085
vn 0.03361599147 0.7924708724 -0.6089826822
v 10.64440727 21.48515892 28.46376038
vn 0.1607882679 0.8557304144 -0.491805464
v 9.870633125 21.58938599 27.65571022
vn 0.9336727858 0.3133787215 -0.1733460873
v 11.84446144 23.54729462 24.46906853
vn 0.2404845804 -0.6125791669 -0.7529368997
v 10.07803345 21.5479393 28.11450005
vn 0.4650489986 0.8470898867 -0.2572318017
v 11.22643948 23.2947979 30.42784691
vn 0.09850282222 -0.6715720296 0.734362483
v 12.23221684 23.56482315 24.61019897
vn 0.3381927013 -0.6090972424 -0.7173745632
v 10.33089638 21.51092529 28.33736038
vn 0.2161850631 0.9643306136 -0.1527430266
v 10.19518757 21.52896309 28.23681831
vn 0.4617519975 0.8069794178 -0.3681974411
v 10.48236656 21.49571609 28.41394234
vn 0.2823936641 0.8236605525 -0.4917693436
v 10.98310471 21.48196602 28.47836494
vn -0.06473367661 0.9812552929 -0.1815148741
v 12.03180695 23.24912262 30.16216278
vn 0.2982981801 -0.6817482114 0.6680101156
v 11.14958763 21.48973846 28.44244194
vn -0.2122457474 0.8596289754 -0.4647469819
v 11.57079506 22.94704819 29.99436951
vn 0.1766225696 -0.7493293881 0.6382083893
v 11.68435287 21.55700302 28.04695511
vn -0.6777526736 0.6135801673 -0.4051798582
v 12.81609154 25.92488861 23.99993324
vn 0.512740314 -0.02290132828 -0.8582382798
v 11.76695347 21.57325172 27.89940834
vn -0.3504792452 0.9331514835 -0.07995411009
v 13.79280281 25.66674423 30.18425369
vn 0.7356063128 -0.07576011121 0.6731595397
v 13.32091236 25.65616417 24.35272026
vn 0.6244479418 -0.09049443901 -0.7758063674
v 13.22272587 25.12422562 30.59562302
vn 0.5946364403 -0.2107984424 0.775868237
v 11.85254574 21.59179306 27.57189941
vn -0.9325575233 0.3536463976 -0.07259962708
v 11.82372761 21.58538055 27.73922729
vn -0.7665460706 0.6152605414 -0.1840151697
v 9.087482452 26.47353745 23.93283081
vn -0.4451145828 0.1285102814 -0.8862043023
v 9.913326263 20.98014641 27.15330696
vn 0.3258446753 0.9395973086 0.1047957093
v 9.856204033 20.98014641 27.48644829
vn 0.5063481927 0.8622090816 0.01438685786
v 10.07816792 20.98014641 26.85822678
vn 0.2777017951 0.9342678189 0.2236633748
v 10.19552898 20.98014641 26.73577499
vn 0.1690481901 0.964458406 0.2030830532
v 9.983189583 20.98014641 26.99875259
vn 0.2672348917 0.9534916878 0.1394242644
v 10.48334694 20.98014641 26.55855751
vn 0.1025018468 0.9553610682 0.277089566
v 10.64552498 20.98014641 26.50889206
vn 0.06320201606 0.9385095835 0.3394190967
v 10.33189678 20.98014641 26.63491821
vn 0.1356775314 0.962574482 0.2346103042
v 10.98322201 20.98014641 26.49454689
vn -0.05420631543 0.9043653607 0.4233025014
v 11.14902687 20.98014641 26.53028107
vn -0.2071927786 0.6272934675 0.7507157326
v 10.81376266 20.98014641 26.48734856
vn 0.006026170682 0.9011422396 0.4334816039
v 11.57816029 20.98014641 26.79450798
vn -0.7229498625 0.01293744147 0.690779388
v 11.30640793 20.98014641 26.59352112
vn -0.4027144611 0.3223198652 0.8566977382
v 11.45083714 20.98014641 26.68245125
vn -0.5708501935 0.07118138671 0.8179628849
v 11.85260105 20.98014641 27.57125282
vn -0.3183377087 0.9475901127 -0.02709439024
v 11.82393646 20.98014641 27.73842621
vn -0.3615974188 0.9286066294 -0.08328853548
v 11.76743221 20.98014641 27.07454681
vn -0.8342691064 0.4270596504 0.3487335145
v 11.82393646 20.98014641 27.23446846
vn -0.7211555839 0.6725952625 0.1659827083
v 10.64552498 20.98014641 28.46400261
vn 0.1235230044 0.7385470867 -0.662789762
v 10.81376266 20.98014641 28.48554611
vn 0.01513345353 0.9342645407 -0.3562594354
v 11.57816029 20.98014641 28.17838669
vn -0.2524728179 0.9370287657 -0.2413183004
v 11.30640793 20.98014641 28.37937355
vn -0.11929515 0.9598542452 -0.2538670897
v 11.14902687 20.98014641 28.4426136
vn -0.08420149982 0.9485244751 -0.3053055108
v 11.45083714 20.98014641 28.29044533
vn -0.1520768851 0.9640322328 -0.2179782242
v 10.98322201 20.98014641 28.47834778
vn -0.03785492852 0.9236679077 -0.3813195825
v 10.48334694 20.98014641 28.41433716
vn 0.3039599359 0.4828767478 -0.8212419748
v 10.33189678 20.98014641 28.33797646
vn 0.4928816259 0.1764179915 -0.8520237207
v 10.19552898 20.98014641 28.23711967
vn 0.639776051 0.01774345152 -0.7683565617
v 10.07816792 20.98014641 28.11466789
vn 0.7779108882 0.05036938936 -0.6263526082
v 9.983189583 20.98014641 27.97414207
vn 0.8495824933 0.2862011194 -0.4430558383
v 9.913326263 20.98014641 27.81958771
vn 0.78796345 0.5611950159 -0.2533254325
v 9.870588303 20.98014641 27.65544891
vn 0.6462727785 0.7575435042 -0.09197445214
v 11.68471336 20.98014641 28.04642296
vn -0.2428657115 0.9577192664 -0.1542404294
v 11.76743221 20.98014641 27.89834785
vn -0.2947122455 0.9476050138 -0.1232452318
v 11.85260105 20.98014641 27.40164185
vn -0.5733462572 0.8186740279 0.0323555842
v 11.68471336 20.98014641 26.92647362
vn -0.8333611488 0.1598767042 0.5291017294
v 9.870588303 20.98014641 27.31744576
vn 0.2800189257 0.9587930441 0.04801350459
v 14.10500622 22.86642265 29.78644562
vn -0.73617208 0.6665540934 -0.1172874942
v 12.88212109 21.96198082 29.78644562
vn -0.472063005 0.8737243414 -0.1173127964
v 10.33128738 21.51086807 26.63529396
vn 0.1458680183 0.9886469245 0.03605209291
v 14.26865578 30.12696075 22.61818504
vn 0.4681597352 0.538515985 0.7005904913
v 6.278767109 29.54144859 22.57201576
vn -0.5212187171 0.4157238305 0.7453218699
v 6.912703991 21.72656822 22.66047478
vn -0.4189691842 -0.47552073 -0.7735275626
v 7.660587788 21.13960838 22.68100357
vn -0.3169653714 -0.5045709014 -0.8030822873
v 5.132912159 25.03941154 22.57684135
vn -0.6214445829 -0.1038180366 -0.7765491009
v 7.883168221 22.60212135 29.78644562
vn 0.6346948743 0.7637816072 -0.1174734756
v 5.056203842 25.98014641 22.55676079
vn -0.6784946322 -0.008743615821 -0.7345533371
v 14.10500622 29.09387207 29.78644562
vn -0.6971968412 -0.7072200179 -0.1172876731
v 12.17390633 30.28289795 29.78644562
vn -0.263753593 -0.9574277997 -0.1173290163
v 6.613255978 27.47927666 29.78644562
vn 0.9453428984 -0.3041422367 -0.1175767109
v 10.66521835 30.47609138 29.78644562
vn 0.07026941329 -0.9905992746 -0.1173679903
v 6.927639961 28.17477417 29.78644562
vn 0.880348742 -0.4595327973 -0.1175401285
v 16.13264847 26.98014641 22.53031921
vn 0.5601686239 -0.4155830741 0.7165904045
v 9.178348541 21.80464554 29.78644562
vn 0.3640947938 0.9172790051 -0.1613512486
v 8.496821404 22.14826584 29.78644562
vn 0.4964885116 0.8600617051 -0.1174437255
v 15.21100235 24.84624481 29.78644562
vn -0.9677661061 0.2228838801 -0.1172669232
v 14.58449745 28.50003242 29.78644562
vn -0.8066905141 -0.5792203546 -0.1172782928
v 16.13264847 24.98014641 24.0714817
vn 0.6585090756 0.3506347239 0.6658987403
v 15.21100235 27.114048 29.78644562
vn -0.9535726905 -0.2773942947 -0.1172668636
v 16.13264847 24.98014641 23.27773094
vn 0.658509016 0.3506352901 0.6658985019
v 12.64145565 20.91519356 22.54978561
vn 0.2596438527 -0.664575398 -0.7006601095
v 16.13264847 24.98014641 22.68241882
vn 0.5601686239 0.4155830741 -0.7165904045
v 16.13264847 26.98014641 25.11000633
vn 0.6585088372 -0.3506358862 -0.6658983231
v 6.912703991 30.23372459 22.55226707
vn -0.418969512 0.4755216837 0.7735267878
v 11.73262978 20.68177414 22.52736092
vn 0.1414625645 -0.6992409825 -0.7007498741
v 16.13264847 26.98014641 22.72875786
vn 0.658509016 -0.3506352305 -0.6658985019
v 16.13264847 24.98014641 23.47616959
vn 0.5601685047 0.4155832529 -0.7165904045
v 5.133018017 26.92058563 22.53664398
vn -0.624719739 0.07967442274 -0.7767736316
v 10.35622215 20.20186043 22.74450302
vn -0.04312479496 -0.6673508286 -0.743493855
v 15.46741199 23.22739792 22.63718414
vn 0.6241868138 -0.3501731753 -0.6984050274
v 16.13264847 26.98014641 24.31625748
vn 0.6585097909 -0.3506346941 -0.665898025
v 16.13264847 26.98014641 25.903759
vn 0.1694185734 -0.9705395103 -0.1713196188
v 16.13264847 24.98014641 24.86523056
vn 0.6585089564 0.3506358862 0.6658982038
v 16.13264847 24.98014641 25.65898132
vn 0.6585091352 0.3506347537 0.6658986211
v 16.13264847 24.98014641 25.85741806
vn 0.1334518641 0.9762408733 -0.1707171202
v 8.991368294 31.01634216 22.75026512
vn -0.2209259421 0.678393364 0.7006954551
v 13.49964237 30.65487862 22.64021111
vn 0.3700473607 0.6102154255 0.7005013227
v 11.14995003 21.48977661 26.53056335
vn -0.104383193 0.9872060418 0.1205337644
v 9.870676041 21.58934784 27.31693459
vn 0.7781274319 0.6184325814 0.109812595
v 9.913583755 21.57997894 27.15258026
vn 0.4939071834 0.8611363173 0.1204157248
v 6.420931816 26.74065018 29.78644562
vn 0.9831408262 -0.1400024295 -0.1176157147
v 6.356204033 25.98014641 29.78644562
vn 0.99265486 0.02816207148 -0.1176570356
v 9.856204033 21.59266472 27.4864502
vn 0.314805299 0.9491560459 -0.0006144890795
v 9.908146858 30.37914467 29.78644562
vn 0.2366689295 -0.9644724727 -0.1173908487
v 14.9567318 27.83370209 29.78644562
vn -0.892976284 -0.4345580637 -0.1172715276
v 15.66538811 24.98014641 30.48644638
vn 0.8857316971 0.313367188 0.3424621522
v 14.92311096 29.48744774 22.5974102
vn 0.5544760227 0.4515799582 0.6990221143
v 10.19540215 21.52893448 26.73588753
vn 0.2505878508 0.9608883262 0.1178956628
v 10.07832527 21.54789162 26.85803223
vn 0.2662169635 0.9605077505 0.08095287532
v 12.88212109 21.96198273 22.5
vn -0.4783243239 0.8503114581 -0.2194908857
v 11.82384682 21.58538055 27.23412514
vn -0.5350666046 0.8385653496 0.1025277004
v 12.717103 21.89567184 22.5
vn -0.3721944988 0.926241219 -0.05956902727
v 12.17390633 21.67739677 22.5
vn -0.3242154121 0.9389123321 -0.1154472008
v 14.67123032 28.34477425 22.5
vn -0.8689185381 -0.4854063988 -0.0967534855
v 13.53205299 22.36215973 22.5
vn -0.6176294684 0.7602978349 -0.2011988759
v 13.38061523 22.26891708 22.5
vn -0.5221967697 0.8481023908 -0.08962589502
v 15.84859371 24.98014641 22.5
vn 6.606989444e-08 0.5525161624 -0.8335021734
v 15.9034071 24.98014641 22.5
vn -3.921611551e-07 0.9996378422 -0.02691075392
v 15.92977524 24.98014641 22.5
vn 0 0.9970273972 -0.07704803348
v 15.83553219 24.98014641 22.5
vn 2.170991991e-07 0.9898328781 -0.1422354579
v 16.11907578 26.98014641 22.5
vn 0 -0.2383381575 -0.9711822271
v 16.13264847 24.98014641 22.5
vn 0.818420887 0.4774362147 -0.3197529316
v 13.7762022 30.76244545 22.5
vn 0.05061311647 0.07736032456 -0.9957177043
v 15.46741199 23.22739792 22.5
vn 0.08839706331 -0.04869543761 -0.9948943257
v 16.15821075 27.10369492 22.5
vn 0.3949429989 0.09330750257 -0.9139550328
v 14.13460636 30.49332428 22.5
vn 0.1797800213 0.2340992838 -0.9554457664
v 15.78758717 23.88961792 22.5
vn 0.2521882951 -0.1219300553 -0.9599657059
v 14.26865578 21.83333588 22.5
vn 0.04369823635 -0.05375817046 -0.9975973964
v 9.8673172 20.67503738 22.5
vn -0.04324705899 -0.246949926 -0.9680626988
v 9.052792549 20.86039352 22.5
vn -0.02564401366 -0.1073983982 -0.9938852787
v 10.8477354 20.61246109 22.5
vn 0.001983050723 -0.02531678043 -0.9996775389
v 8.223888397 21.1938343 22.5
vn -0.04269583151 -0.09721837193 -0.9943468571
v 8.943497658 31.43392181 22.5
vn -0.06478741765 0.2116273642 -0.9752007127
v 5.777537823 23.63911057 22.5
vn -0.0538255088 -0.0268252138 -0.9981899858
v 13.53205299 29.59813309 22.5
vn -0.5421821475 -0.8073293567 -0.2329330146
v 12.88212109 29.9983139 22.5
vn -0.3986834884 -0.8889974952 -0.2252442688
v 9.348395348 30.20772362 22.5
vn 0.2898281813 -0.946392715 -0.1426199377
v 8.026152611 29.4639225 22.5
vn 0.5878971219 -0.7948895097 -0.1500921994
v 6.405849934 25.39684486 22.5
vn 0.9931743741 0.08453042805 -0.08036979288
v 15.77889061 24.98014641 22.5
vn 1.331309534e-07 0.9892598987 -0.1461670101
v 8.655620575 29.89209366 22.5
vn 0.4425938725 -0.8778283 -0.1831068993
v 9.908146858 30.37914467 22.5
vn 0.2505454123 -0.9506713152 -0.1828961074
v 5.542144775 24.12587547 22.5
vn -0.1148548275 -0.05191335082 -0.9920248985
v 9.178348541 21.80464745 22.5
vn 0.3622828126 0.9159517288 -0.1725791544
v 8.915581703 20.90228844 22.5
vn -0.07434417307 -0.2124260813 -0.9743449688
v 9.386746407 21.73947525 22.5
vn 0.2958855331 0.9520047903 -0.07834947109
v 13.81581402 21.52246475 22.5
vn 0.09138743579 -0.1331227124 -0.9868772626
v 12.88463974 21.02577209 22.5
vn 0.03221144155 -0.07084022462 -0.9969674349
v 14.85305214 29.81623268 22.5
vn 0.1758315414 0.1633362472 -0.9707752466
v 16.18564987 26.98014641 22.5
vn 0.9792606831 -0.2026042938 1.240593489e-17
v 15.97180653 27.89022446 22.5
vn 0.03315353021 0.00900208205 -0.9994097352
v 15.88950729 28.09329414 22.5
vn 0.1266760379 0.05436952785 -0.9904530048
v 11.73262978 20.68177414 22.5
vn 0.002576707397 -0.02503953129 -0.9996831417
v 12.06237602 21.64808083 22.5
vn -0.1195370704 0.5412761569 -0.8323046565
v 6.420931816 26.74065018 22.5
vn 0.972630024 -0.1216204762 -0.1979880929
v 10.05567646 21.55664635 22.5
vn 0.1269785911 0.9777507782 -0.1669727713
v 10.77876949 21.48340034 22.5
vn -0.03138469532 0.9845172763 -0.1724551767
v 10.71826458 21.48284149 22.5
vn 0.01939358935 0.9600473046 -0.2791648507
v 10.65801239 21.48452568 22.5
vn 0.05696846172 0.9944200516 -0.08878841996
v 8.353837013 22.25401688 22.5
vn 0.5898973346 0.7975939512 -0.125956431
v 7.355042934 23.15315628 22.5
vn 0.7321011424 0.6481919289 -0.2094638944
v 10.60081005 21.48826218 22.5
vn 0.09214197099 0.9919046164 -0.08737897873
v 6.371285915 26.15734863 22.5
vn 0.9823666215 -0.08361056447 -0.1672276258
v 6.568443298 24.65312195 22.5
vn 0.9615624547 0.2503730655 -0.1127427816
v 7.883168221 22.60212135 22.5
vn 0.6144067049 0.7655597925 -0.1908469647
v 6.804935455 22.21961021 22.5
vn -0.05656582117 -0.05873323232 -0.9966698289
v 9.96546936 21.56994629 22.5
vn 0.1774232984 0.9802851081 -0.08696020395
v 7.221950054 21.83227539 22.5
vn -0.1155309677 -0.1472327411 -0.9823314548
v 12.17390633 30.28289795 22.5
vn -0.2347914577 -0.9128170013 -0.3341228962
v 15.01597786 27.66601944 22.5
vn -0.9394161701 -0.331917733 -0.08560327441
v 15.33999252 25.59852028 22.5
vn -0.9981300831 0.03943689913 -0.04670193419
v 15.33999252 26.18393135 22.5
vn -0.999750793 -1.366904692e-18 -0.02232324705
v 15.21100235 27.114048 22.5
vn -0.9369997978 -0.2899940908 -0.1947685182
v 15.66538811 24.98014641 22.5
vn 0.8368870616 0.4025882781 -0.370867461
v 15.77373791 24.98014641 22.5
vn -1.320500758e-07 0.9996886253 -0.02495286427
v 10.84290028 30.46854401 22.5
vn -0.04183863848 -0.9849350452 -0.1677868664
v 5.439455986 24.45620918 22.5
vn -0.0466195941 -0.01391569246 -0.9988157749
v 5.973890305 23.25956726 22.5
vn -0.1230600476 -0.08153878897 -0.9890438318
v 10.66521835 30.47609138 22.5
vn 0.08608731627 -0.9771620035 -0.1942766756
v 11.42778397 30.44369888 22.5
vn -0.0769463703 -0.9369187355 -0.34097296
v 14.58449745 23.46026039 22.5
vn -0.8409865499 0.5143848062 -0.1677794755
v 15.66538811 25.20538139 22.5
vn 0.9992671609 -2.343819161e-18 -0.0382774733
v 14.47277355 23.32189369 22.5
vn -0.7736023068 0.6246414185 -0.1065952107
v 14.10500622 22.86642265 22.5
vn -0.7398532033 0.6472716928 -0.1834573299
v 9.896348953 21.5837307 22.5
vn 0.2182363272 0.9703505039 -0.1038883701
v 9.909899712 21.5807724 22.5
vn 0.2092466056 0.9739349484 -0.08755878359
v 7.355042934 28.80713654 22.5
vn 0.7692608237 -0.5654234886 -0.2975468338
v 8.496821404 29.81202698 22.5
vn 0.5536321998 -0.8139142394 -0.1761675477
v 6.465744495 26.91275597 22.5
vn 0.9514427185 -0.2477373928 -0.1827101111
v 7.027227402 28.32211876 22.5
vn 0.8136558533 -0.5499364734 -0.1885047257
v 15.27860737 22.96566582 22.5
vn 0.1946747452 -0.14043051 -0.9707630873
v 7.467791557 21.65324783 22.5
vn -0.05216769874 -0.07757740468 -0.9956205487
v 5.753469467 28.73684502 22.5
vn -0.06426071376 0.03084973246 -0.997456193
v 5.643712044 28.48553658 22.5
vn -0.04777554795 0.02064767666 -0.99864465
v 11.98754311 24.09625816 24.14413643
vn 0.2754261196 -0.4780584574 -0.8340266943
v 6.662005901 29.95993423 22.5
vn -0.0225960128 0.0207005702 -0.9995303154
v 6.277035236 29.53983116 22.5
vn -0.03162216395 0.02364324778 -0.9992201924
v 5.393929005 27.84866333 22.5
vn -0.009002950974 0.003394447966 -0.9999536872
v 5.380275249 27.78683472 22.5
vn -0.02411585115 0.005100076087 -0.9996961355
v 5.196532726 26.91723251 22.5
vn -0.02373110317 0.004444058053 -0.9997084737
v 14.92311096 22.47284889 22.5
vn 0.06471501291 -0.05406529829 -0.996438086
v 15.9231081 26.98014641 22.5
vn 0 -0.9944588542 -0.105126299
v 16.04660606 26.98014641 22.5
vn 0 -0.8910250664 -0.4539541602
v 15.89799023 26.98014641 22.5
vn 0 -0.9968680143 -0.079083018
v 6.941808224 25.98014641 28.30955696
vn -0.9791607857 -0.003668793477 0.2030533701
v 6.98772192 26.55421066 28.32626724
vn -0.9682453871 0.1401467621 0.2070260644
v 11.62870026 26.19721413 23.56775665
vn 0.170013234 0.06960322708 -0.9829806089
v 11.54437733 25.81498718 31.42334366
vn 0.9451293945 -0.04822200164 0.3231177926
v 12.17461205 26.19534874 31.25679016
vn 0.3346040547 0.0597153008 0.9404649138
v 7.300989151 27.78243256 27.8214283
vn -0.890013814 0.4485935569 0.08148174733
v 7.448423862 26.40899849 29.53660011
vn -0.8632115722 0.09625440091 0.4955813885
v 8.463710785 27.51251221 30.30207062
vn -0.621902287 0.7428552508 -0.2477975339
v 7.716927052 27.21770859 29.63432693
vn -0.7949125171 0.2962049246 0.5295061469
v 12.61161041 28.30845642 24.7482872
vn 0.4438480735 0.5848661661 -0.6789186001
v 13.02649784 28.58700562 25.36651611
vn 0.5467128754 0.6521207094 -0.5252081752
v 11.53845119 21.53508759 22.5
vn -0.2038397193 0.957234621 -0.2053076029
v 7.943407059 27.57430077 29.71676064
vn -0.7400579453 0.3879267275 0.5493879318
v 12.97172928 28.15446281 24.8793602
vn 0.5342319012 0.5452083349 -0.646021843
v 10.31311703 22.99714661 30.09542465
vn -0.13314794 -0.7361406684 0.6636027098
v 8.038369179 23.20602417 28.08981323
vn -0.6962448359 -0.6963994503 0.1739855409
v 8.58191967 22.72999573 28.00037766
vn -0.1089725271 -0.9936651587 0.027468035
v 8.811581612 23.07977104 25.64054871
vn -0.5255654454 -0.7182590961 -0.4559439123
v 9.443841934 22.72999573 25.63130951
vn -0.304492116 -0.8779431581 -0.36945948
v 8.518932343 22.99191666 26.21851921
vn -0.6142660379 -0.725545764 -0.310258925
v 7.716927052 24.74258423 29.63432693
vn -0.7842701077 -0.3167286515 0.5334823132
v 7.650309086 23.84620285 28.56742859
vn -0.7995654941 -0.5372571945 0.2684206963
v 12.03180695 28.7111721 30.16216278
vn 0.2934409678 0.6815435886 0.6703661084
v 11.63459492 28.39805412 30.57640648
vn 0.19358702 0.6092695594 0.7689698935
v 8.49096489 25.98014641 24.26066971
vn -0.5937122107 0.003860091092 -0.8046681881
v 9.358787537 28.9200058 29.74807739
vn -0.3716010451 0.729716301 0.5739570856
v 7.016005039 25.98014641 26.36713219
vn -0.9599677324 -0.0004543424875 -0.2801103294
v 10.31311703 28.96314812 30.09542465
vn -0.1376146823 0.7177388072 0.6825783253
v 10.87219143 28.24601173 30.78274918
vn -0.005636027548 0.5780882239 0.8159548044
v 9.697460175 28.51543427 30.35518265
vn -0.3028049767 0.6377739906 0.7082044482
v 8.900476456 28.77064323 29.5812645
vn -0.4892095327 0.7073438764 0.5102339387
v 6.909962177 26.60469246 27.67910576
vn -0.9870487452 0.1536351144 0.04616348445
v 6.860011101 25.98014641 27.66092491
vn -0.9991237521 -0.002658625832 0.04176859185
v 7.249628067 25.98014641 25.75653076
vn -0.9018341303 0.0006809030892 -0.4320818186
v 13.18832302 28.67560005 29.30186844
vn 0.5609667301 0.684926331 0.464964807
v 7.579596043 25.98014641 25.19214249
vn -0.8198376894 0.001798177371 -0.5725932121
v 7.631820202 26.63311577 25.21114922
vn -0.806491971 0.1650664359 -0.567735672
v 7.303433895 26.65289497 25.77611542
vn -0.8882737756 0.1688652039 -0.4271466732
v 12.59474087 28.77163315 25.20936966
vn 0.4268514812 0.716589272 -0.5516318083
v 11.43595123 21.51766777 22.5
vn -0.1213648021 0.9892260432 -0.08186820149
v 7.650309086 28.11408997 28.56742859
vn -0.8038969636 0.5315487385 0.2668437362
v 7.905526161 26.66454506 30.09890747
vn -0.8866206408 0.3089262843 -0.3441923261
v 8.223258972 27.88503265 29.81861496
vn -0.671372354 0.4684319496 0.5743088722
v 6.884964943 25.98014641 27.00763321
vn -0.992683053 -0.001577444375 -0.1207389086
v 9.834226608 28.98479652 29.92112541
vn -0.2462114245 0.7356414795 0.6310400367
v 11.22643948 28.66549492 30.42784691
vn 0.09059594572 0.6763971448 0.730944097
v 11.68767834 29.230299 29.66474724
vn 0.03160513937 0.996997118 0.07069595158
v 6.937619209 26.63849068 27.02679825
vn -0.9797669053 0.1630707979 -0.1160375774
v 7.069954872 26.65470314 26.38676834
vn -0.9465521574 0.1681938022 -0.2752270103
v 12.43821621 28.33053017 30.3100853
vn 0.3949170411 0.5912549496 0.7031771541
v 9.158849716 23.24510574 25.11188698
vn -0.4264698029 -0.6889849901 -0.5860232115
v 8.127092361 23.05589676 27.45973015
vn -0.6965111494 -0.7174341083 0.01266899239
v 8.664984703 22.72999573 26.68966484
vn -0.08998895437 -0.9953708053 -0.03374846652
v 8.231458664 24.69493866 30.21753693
vn -0.690521121 -0.6699011326 -0.272787571
v 9.977649689 23.14806366 24.80177689
vn -0.224591136 -0.709158361 -0.6683212519
v 10.74185753 23.90663528 24.06775284
vn -0.03648709878 -0.5194087625 -0.853746593
v 11.89713383 27.23704529 23.83450699
vn 0.2623284161 0.3277699947 -0.9076070786
v 11.47892094 21.52402306 22.5
vn -0.1504568756 0.9855277538 -0.07808800787
v 11.51338482 21.53007698 22.5
vn -0.1761879325 0.981675148 -0.07260663062
v 10.02341557 22.72999573 25.30866432
vn -0.1868474334 -0.8314775229 -0.5231950879
v 11.68944645 27.82341194 24.03563881
vn 0.2111184299 0.4692951143 -0.8574328423
v 8.044070244 26.98054123 30.14933586
vn -0.8226647377 0.4693051875 -0.3208977878
v 12.7334528 29.230299 28.86927032
vn 0.1203477085 0.988563776 0.09087420255
v 9.551459312 23.48350143 24.64665794
vn -0.3307858109 -0.622849524 -0.7089705467
v 8.223258972 24.07526016 29.81861496
vn -0.654900372 -0.4839759171 0.5804074407
v 7.755442142 24.09086418 29.16450882
vn -0.7733543515 -0.4775011241 0.4170320332
v 11.08840656 23.7206955 24.1938858
vn 0.05040861294 -0.5670796633 -0.8221189976
v 7.943407059 24.38599205 29.71676064
vn -0.7263010144 -0.4062249362 0.5544980764
v 10.35303307 23.49414444 24.3934536
vn -0.1320459694 -0.6214360595 -0.7722571492
v 11.98754311 27.86403465 24.14413643
vn 0.2869286537 0.4785784483 -0.8298401237
v 11.84446144 28.4129982 24.46907043
vn 0.2508330047 0.6130470634 -0.7491702437
v 12.39761543 28.95133209 29.67644882
vn 0.4101934135 0.7331729531 0.5424009562
v 9.220202446 29.230299 29.14768982
vn -0.2824400961 0.920368433 0.2704617083
v 12.26805878 29.230299 29.34202194
vn 0.02421082743 0.9992000461 0.03182902187
v 12.23221684 28.39546967 24.61020088
vn 0.3484677672 0.6076976657 -0.7136341929
v 8.909572601 28.33473396 30.06841278
vn -0.5007978082 0.5868417621 0.6362533569
v 7.34714222 27.63675308 28.45708466
vn -0.8793345094 0.4116612077 0.2393864989
v 7.414124012 25.98014641 29.52411652
vn -0.8630366325 -0.004975465126 0.5051168203
v 7.168821812 26.48839378 28.9509964
vn -0.9239428043 0.1229812801 0.3622227907
v 7.128171921 25.98014641 28.93619919
vn -0.9334124327 -0.004580661189 0.3587760031
v 11.76712227 21.57330132 27.07386017
vn -0.25062868 0.9678052068 0.02320191078
v 11.57812977 21.53843117 26.79447746
vn -0.243712157 0.9660922885 0.0852644816
v 11.68455219 21.55703545 26.9262352
vn -0.3558236659 0.9250712991 0.1327876747
v 11.30713844 21.50279999 26.59389114
vn -0.1624211818 0.9793483615 0.120400019
v 10.81381798 21.48038864 26.48734665
vn 0.01779867522 0.9925557375 0.120483838
v 26.59085464 17.99861526 24.58644676
vn 0.09152752161 -0.4937010705 0.8648017049
v 12.97172928 23.80583191 24.8793602
vn 0.52498281 -0.550170958 -0.6493881345
v 13.47467804 23.30615044 26.0745945
vn 0.6519767046 -0.6717960835 -0.3515912294
v 9.204730988 26.95273399 23.97550583
vn -0.4149560928 0.2485732138 -0.8752272725
# mm_gid 3
g mmGroup3
f 5135//5135 1730//1730 1732//1732 
f 1730//1730 1729//1729 1732//1732 
f 1731//1731 1732//1732 1729//1729 
f 1729//1729 1245//1245 1731//1731 
f 1299//1299 1731//1731 1245//1245 
f 1299//1299 1245//1245 1300//1300 
f 1236//1236 1299//1299 1300//1300 
f 205//205 1236//1236 1300//1300 
f 1300//1300 203//203 205//205 
f 205//205 203//203 206//206 
f 204//204 205//205 206//206 
f 206//206 1202//1202 204//204 
f 1201//1201 204//204 1202//1202 
f 1202//1202 1307//1307 1201//1201 
f 1304//1304 1201//1201 1307//1307 
f 1307//1307 282//282 1304//1304 
f 282//282 275//275 1304//1304 
f 1304//1304 275//275 1302//1302 
f 1304//1304 1302//1302 1198//1198 
f 1304//1304 1198//1198 1201//1201 
f 1201//1201 1198//1198 209//209 
f 209//209 204//204 1201//1201 
f 208//208 204//204 209//209 
f 201//201 208//208 209//209 
f 210//210 201//201 209//209 
f 1198//1198 210//210 209//209 
f 1198//1198 1196//1196 210//210 
f 210//210 1196//1196 202//202 
f 202//202 201//201 210//210 
f 200//200 201//201 202//202 
f 202//202 214//214 200//200 
f 200//200 214//214 213//213 
f 1301//1301 200//200 213//213 
f 213//213 1237//1237 1301//1301 
f 1239//1239 1301//1301 1237//1237 
f 1237//1237 1238//1238 1239//1239 
f 1740//1740 1239//1239 1741//1741 
f 1740//1740 1741//1741 1742//1742 
f 1742//1742 1739//1739 1740//1740 
f 1739//1739 1737//1737 1740//1740 
f 1737//1737 1231//1231 1740//1740 
f 1231//1231 1239//1239 1740//1740 
f 1301//1301 1239//1239 1231//1231 
f 1301//1301 1231//1231 1233//1233 
f 200//200 1301//1301 1233//1233 
f 1233//1233 201//201 200//200 
f 1232//1232 201//201 1233//1233 
f 1231//1231 1232//1232 1233//1233 
f 1297//1297 1232//1232 1231//1231 
f 1297//1297 1231//1231 1737//1737 
f 1735//1735 1297//1297 1737//1737 
f 1737//1737 1738//1738 1735//1735 
f 1736//1736 1735//1735 1738//1738 
f 1736//1736 1733//1733 1734//1734 
f 1734//1734 1735//1735 1736//1736 
f 1734//1734 1235//1235 1735//1735 
f 1735//1735 1235//1235 1297//1297 
f 1297//1297 1235//1235 1234//1234 
f 1232//1232 1297//1297 1234//1234 
f 1234//1234 208//208 1232//1232 
f 208//208 201//201 1232//1232 
f 208//208 1234//1234 207//207 
f 208//208 207//207 204//204 
f 204//204 207//207 205//205 
f 207//207 1236//1236 205//205 
f 1234//1234 1236//1236 207//207 
f 1234//1234 1235//1235 1236//1236 
f 1236//1236 1235//1235 1299//1299 
f 1734//1734 1299//1299 1235//1235 
f 1731//1731 1299//1299 1734//1734 
f 1733//1733 1731//1731 1734//1734 
f 1731//1731 1733//1733 1732//1732 
f 1677//1677 1671//1671 1678//1678 
f 1677//1677 1678//1678 1679//1679 
f 1675//1675 1677//1677 1679//1679 
f 1676//1676 1675//1675 1679//1679 
f 1676//1676 1679//1679 1650//1650 
f 1676//1676 1650//1650 1648//1648 
f 1648//1648 1683//1683 1676//1676 
f 1683//1683 1674//1674 1676//1676 
f 1674//1674 1675//1675 1676//1676 
f 1692//1692 1693//1693 1694//1694 
f 1701//1701 1692//1692 1694//1694 
f 1701//1701 1694//1694 1669//1669 
f 1669//1669 1668//1668 1701//1701 
f 1668//1668 1702//1702 1701//1701 
f 1701//1701 1702//1702 1703//1703 
f 1701//1701 1703//1703 1692//1692 
f 1720//1720 1718//1718 1721//1721 
f 1719//1719 1720//1720 1721//1721 
f 1719//1719 1721//1721 1710//1710 
f 1719//1719 1710//1710 1712//1712 
f 1712//1712 4755//4755 1719//1719 
f 4755//4755 4756//4756 1719//1719 
f 4756//4756 1720//1720 1719//1719 
f 4756//4756 4757//4757 1720//1720 
f 4757//4757 1716//1716 1720//1720 
f 1720//1720 1716//1716 1718//1718 
f 1716//1716 1717//1717 1718//1718 
f 5199//5199 5175//5175 5177//5177 
f 5199//5199 5177//5177 5176//5176 
f 5176//5176 5180//5180 5199//5199 
f 5155//5155 5135//5135 5157//5157 
f 5155//5155 5157//5157 5196//5196 
f 5184//5184 5155//5155 5196//5196 
f 5167//5167 5184//5184 5196//5196 
f 5171//5171 5167//5167 5196//5196 
f 5196//5196 5197//5197 5171//5171 
f 5171//5171 5197//5197 5169//5169 
f 5169//5169 5197//5197 5179//5179 
f 5179//5179 5170//5170 5169//5169 
f 5179//5179 5178//5178 5170//5170 
f 5170//5170 5178//5178 5174//5174 
f 5180//5180 5176//5176 5173//5173 
f 5181//5181 5180//5180 5173//5173 
f 5181//5181 5173//5173 5172//5172 
f 5198//5198 5181//5181 5172//5172 
f 5174//5174 5198//5198 5172//5172 
f 5198//5198 5174//5174 5178//5178 
f 5198//5198 5178//5178 5161//5161 
f 5178//5178 5179//5179 5161//5161 
f 5162//5162 5161//5161 5179//5179 
f 5179//5179 5197//5197 5162//5162 
f 5197//5197 5157//5157 5162//5162 
f 5157//5157 5197//5197 5196//5196 
f 5167//5167 5166//5166 5184//5184 
f 5184//5184 5166//5166 5187//5187 
f 5184//5184 5187//5187 5136//5136 
f 5136//5136 5137//5137 5184//5184 
f 5155//5155 5184//5184 5137//5137 
f 5137//5137 5135//5135 5155//5155 
f 5136//5136 5135//5135 5137//5137 
f 5135//5135 5136//5136 5138//5138 
f 5138//5138 5153//5153 5135//5135 
f 5135//5135 5153//5153 5151//5151 
f 5135//5135 5151//5151 5134//5134 
f 1730//1730 5135//5135 5134//5134 
f 1730//1730 5134//5134 1724//1724 
f 1730//1730 1724//1724 1728//1728 
f 1728//1728 1729//1729 1730//1730 
f 1728//1728 4762//4762 1729//1729 
f 1729//1729 4762//4762 1245//1245 
f 1245//1245 4762//4762 1243//1243 
f 1243//1243 1244//1244 1245//1245 
f 1245//1245 1244//1244 1300//1300 
f 1244//1244 203//203 1300//1300 
f 203//203 1244//1244 197//197 
f 199//199 203//203 197//197 
f 197//197 198//198 199//199 
f 199//199 198//198 1205//1205 
f 1200//1200 199//199 1205//1205 
f 1306//1306 1200//1200 1205//1205 
f 1306//1306 1205//1205 1311//1311 
f 1311//1311 277//277 1306//1306 
f 1306//1306 277//277 279//279 
f 279//279 1308//1308 1306//1306 
f 1308//1308 1200//1200 1306//1306 
f 1308//1308 1202//1202 1200//1200 
f 1202//1202 206//206 1200//1200 
f 1200//1200 206//206 199//199 
f 206//206 203//203 199//199 
f 1307//1307 1202//1202 1308//1308 
f 1307//1307 1308//1308 281//281 
f 282//282 1307//1307 281//281 
f 282//282 281//281 278//278 
f 282//282 278//278 283//283 
f 275//275 282//282 283//283 
f 284//284 275//275 283//283 
f 1163//1163 284//284 283//283 
f 1166//1166 1163//1163 283//283 
f 283//283 278//278 1166//1166 
f 1166//1166 278//278 1167//1167 
f 1167//1167 1342//1342 1166//1166 
f 1339//1339 1166//1166 1342//1342 
f 1342//1342 356//356 1339//1339 
f 356//356 349//349 1339//1339 
f 1339//1339 349//349 1337//1337 
f 1339//1339 1337//1337 1163//1163 
f 1339//1339 1163//1163 1166//1166 
f 1163//1163 1337//1337 1161//1161 
f 1163//1163 1161//1161 284//284 
f 284//284 1161//1161 276//276 
f 276//276 275//275 284//284 
f 274//274 275//275 276//276 
f 276//276 288//288 274//274 
f 274//274 288//288 287//287 
f 1303//1303 274//274 287//287 
f 287//287 1305//1305 1303//1303 
f 1197//1197 1303//1303 1305//1305 
f 1305//1305 1199//1199 1197//1197 
f 1199//1199 214//214 1197//1197 
f 202//202 1197//1197 214//214 
f 202//202 1196//1196 1197//1197 
f 1197//1197 1196//1196 1303//1303 
f 1196//1196 1302//1302 1303//1303 
f 274//274 1303//1303 1302//1302 
f 1302//1302 275//275 274//274 
f 1198//1198 1302//1302 1196//1196 
f 1199//1199 211//211 214//214 
f 213//213 214//214 211//211 
f 211//211 212//212 213//213 
f 1237//1237 213//213 212//212 
f 1237//1237 212//212 211//211 
f 1237//1237 211//211 1199//1199 
f 285//285 1164//1164 1305//1305 
f 1305//1305 286//286 285//285 
f 285//285 286//286 287//287 
f 287//287 288//288 285//285 
f 1164//1164 285//285 288//288 
f 1164//1164 288//288 1162//1162 
f 1340//1340 1164//1164 1162//1162 
f 1162//1162 1338//1338 1340//1340 
f 361//361 1340//1340 1338//1338 
f 1338//1338 348//348 361//361 
f 348//348 362//362 361//361 
f 361//361 362//362 359//359 
f 359//359 360//360 361//361 
f 1340//1340 361//361 360//360 
f 1340//1340 360//360 359//359 
f 1129//1129 1340//1340 359//359 
f 1129//1129 359//359 362//362 
f 1129//1129 362//362 1127//1127 
f 1375//1375 1129//1129 1127//1127 
f 1127//1127 1373//1373 1375//1375 
f 435//435 1375//1375 1373//1373 
f 1373//1373 422//422 435//435 
f 422//422 436//436 435//435 
f 435//435 436//436 433//433 
f 433//433 434//434 435//435 
f 1375//1375 435//435 434//434 
f 1375//1375 434//434 433//433 
f 433//433 1094//1094 1375//1375 
f 1410//1410 1094//1094 1092//1092 
f 1092//1092 1408//1408 1410//1410 
f 509//509 1410//1410 1408//1408 
f 1408//1408 496//496 509//509 
f 496//496 510//510 509//509 
f 509//509 510//510 507//507 
f 507//507 508//508 509//509 
f 1410//1410 509//509 508//508 
f 1410//1410 508//508 507//507 
f 507//507 1059//1059 1410//1410 
f 1336//1336 1335//1335 1230//1230 
f 1230//1230 1335//1335 1229//1229 
f 242//242 1230//1230 1229//1229 
f 1229//1229 241//241 242//242 
f 240//240 242//242 241//241 
f 238//238 240//240 241//241 
f 241//241 236//236 238//238 
f 238//238 236//236 239//239 
f 1291//1291 238//238 239//239 
f 239//239 1289//1289 1291//1291 
f 1289//1289 1290//1290 1291//1291 
f 1290//1290 1293//1293 1291//1291 
f 1292//1292 1291//1291 1293//1293 
f 1292//1292 1293//1293 1294//1294 
f 1294//1294 1295//1295 1292//1292 
f 1292//1292 1295//1295 240//240 
f 238//238 1292//1292 240//240 
f 1292//1292 238//238 1291//1291 
f 243//243 240//240 1295//1295 
f 243//243 1295//1295 1230//1230 
f 1230//1230 244//244 243//243 
f 242//242 243//243 244//244 
f 244//244 1230//1230 242//242 
f 242//242 240//240 243//243 
f 1296//1296 1295//1295 1294//1294 
f 1296//1296 1294//1294 1753//1753 
f 1296//1296 1753//1753 1754//1754 
f 1644//1644 1296//1296 1754//1754 
f 1645//1645 1644//1644 1754//1754 
f 1754//1754 1753//1753 1645//1645 
f 1649//1649 1645//1645 1753//1753 
f 1649//1649 1753//1753 1752//1752 
f 1649//1649 1752//1752 1646//1646 
f 1649//1649 1646//1646 1648//1648 
f 1649//1649 1648//1648 1650//1650 
f 1649//1649 1650//1650 1645//1645 
f 1670//1670 1645//1645 1650//1650 
f 1670//1670 1650//1650 1679//1679 
f 1673//1673 1678//1678 1671//1671 
f 1671//1671 1672//1672 1673//1673 
f 1672//1672 1745//1745 1673//1673 
f 1745//1745 1743//1743 1673//1673 
f 1743//1743 1744//1744 1741//1741 
f 1742//1742 1741//1741 1744//1744 
f 1737//1737 1739//1739 1738//1738 
f 1743//1743 1745//1745 1744//1744 
f 4752//4752 1643//1643 1670//1670 
f 1643//1643 1645//1645 1670//1670 
f 1643//1643 1644//1644 1645//1645 
f 1644//1644 1643//1643 1296//1296 
f 1646//1646 1647//1647 1648//1648 
f 1683//1683 1648//1648 1647//1647 
f 1683//1683 1647//1647 1684//1684 
f 1683//1683 1684//1684 1685//1685 
f 1683//1683 1685//1685 1674//1674 
f 1681//1681 1690//1690 1689//1689 
f 1689//1689 1690//1690 1691//1691 
f 1689//1689 1691//1691 1686//1686 
f 1686//1686 1687//1687 1688//1688 
f 1688//1688 1687//1687 1697//1697 
f 1696//1696 1688//1688 1697//1697 
f 1695//1695 1696//1696 1697//1697 
f 1697//1697 1662//1662 1695//1695 
f 1662//1662 1661//1661 1695//1695 
f 1661//1661 1666//1666 1695//1695 
f 1694//1694 1695//1695 1666//1666 
f 1666//1666 1669//1669 1694//1694 
f 1669//1669 1666//1666 1665//1665 
f 1665//1665 1668//1668 1669//1669 
f 1665//1665 1749//1749 1668//1668 
f 1748//1748 1668//1668 1749//1749 
f 1749//1749 1273//1273 1748//1748 
f 1273//1273 1272//1272 1748//1748 
f 1272//1272 1763//1763 1748//1748 
f 1763//1763 1764//1764 1748//1748 
f 1668//1668 1748//1748 1764//1764 
f 1702//1702 1668//1668 1764//1764 
f 1702//1702 1764//1764 1698//1698 
f 1702//1702 1698//1698 1700//1700 
f 1702//1702 1700//1700 1703//1703 
f 1704//1704 1705//1705 1706//1706 
f 1706//1706 1705//1705 1715//1715 
f 1714//1714 1706//1706 1715//1715 
f 1713//1713 1714//1714 1715//1715 
f 4753//4753 1713//1713 1715//1715 
f 4754//4754 4753//4753 1715//1715 
f 1767//1767 4754//4754 1715//1715 
f 1705//1705 1767//1767 1715//1715 
f 1767//1767 1705//1705 1765//1765 
f 1765//1765 1766//1766 1767//1767 
f 1267//1267 1767//1767 1766//1766 
f 1265//1265 1267//1267 1766//1766 
f 1265//1265 1766//1766 1760//1760 
f 1262//1262 1265//1265 1760//1760 
f 1763//1763 1262//1262 1760//1760 
f 1760//1760 1762//1762 1763//1763 
f 1763//1763 1762//1762 1764//1764 
f 1764//1764 1762//1762 1698//1698 
f 1698//1698 1762//1762 1708//1708 
f 1698//1698 1708//1708 1699//1699 
f 1698//1698 1699//1699 1700//1700 
f 1699//1699 1708//1708 1707//1707 
f 1707//1707 1708//1708 1709//1709 
f 1707//1707 1709//1709 1704//1704 
f 1704//1704 1709//1709 1705//1705 
f 1709//1709 1765//1765 1705//1705 
f 1761//1761 1765//1765 1709//1709 
f 1708//1708 1761//1761 1709//1709 
f 1762//1762 1761//1761 1708//1708 
f 1760//1760 1761//1761 1762//1762 
f 1766//1766 1761//1761 1760//1760 
f 1765//1765 1761//1761 1766//1766 
f 1262//1262 1763//1763 1272//1272 
f 1272//1272 1263//1263 1262//1262 
f 1262//1262 1263//1263 1264//1264 
f 1262//1262 1264//1264 1265//1265 
f 1265//1265 1264//1264 1266//1266 
f 1265//1265 1266//1266 1267//1267 
f 1267//1267 1266//1266 1258//1258 
f 1257//1257 1267//1267 1258//1258 
f 1256//1256 1257//1257 1258//1258 
f 1256//1256 1258//1258 173//173 
f 173//173 172//172 1256//1256 
f 1261//1261 1256//1256 172//172 
f 172//172 178//178 1261//1261 
f 1251//1251 1261//1261 178//178 
f 175//175 1251//1251 178//178 
f 178//178 176//176 175//175 
f 174//174 175//175 176//176 
f 174//174 176//176 185//185 
f 174//174 185//185 186//186 
f 174//174 186//186 1254//1254 
f 1254//1254 1252//1252 174//174 
f 1252//1252 175//175 174//174 
f 175//175 1252//1252 1251//1251 
f 1251//1251 1252//1252 1253//1253 
f 1259//1259 1251//1251 1253//1253 
f 1253//1253 4758//4758 1259//1259 
f 1259//1259 4758//4758 4753//4753 
f 1260//1260 1259//1259 4753//4753 
f 4753//4753 4754//4754 1260//1260 
f 1260//1260 4754//4754 1257//1257 
f 1256//1256 1260//1260 1257//1257 
f 1260//1260 1256//1256 1261//1261 
f 1259//1259 1260//1260 1261//1261 
f 1251//1251 1259//1259 1261//1261 
f 4754//4754 1767//1767 1257//1257 
f 1267//1267 1257//1257 1767//1767 
f 4753//4753 4758//4758 1713//1713 
f 4758//4758 1712//1712 1713//1713 
f 1712//1712 1711//1711 1713//1713 
f 1711//1711 1714//1714 1713//1713 
f 1710//1710 1711//1711 1712//1712 
f 4758//4758 4755//4755 1712//1712 
f 4758//4758 1253//1253 4755//4755 
f 1255//1255 4755//4755 1253//1253 
f 1252//1252 1255//1255 1253//1253 
f 1252//1252 1254//1254 1255//1255 
f 1254//1254 1250//1250 1255//1255 
f 4756//4756 1255//1255 1250//1250 
f 4756//4756 1250//1250 4757//4757 
f 1250//1250 1240//1240 4757//4757 
f 4751//4751 4757//4757 1240//1240 
f 4759//4759 4751//4751 1240//1240 
f 4759//4759 1240//1240 1249//1249 
f 1249//1249 4760//4760 4759//4759 
f 1727//1727 4759//4759 4760//4760 
f 1727//1727 4760//4760 1723//1723 
f 1727//1727 1723//1723 1722//1722 
f 1725//1725 1727//1727 1722//1722 
f 1717//1717 1726//1726 1725//1725 
f 1725//1725 1726//1726 1727//1727 
f 1726//1726 4759//4759 1727//1727 
f 4751//4751 4759//4759 1726//1726 
f 1716//1716 4751//4751 1726//1726 
f 1716//1716 1726//1726 1717//1717 
f 4757//4757 4751//4751 1716//1716 
f 5195//5195 5183//5183 5165//5165 
f 5183//5183 5188//5188 5165//5165 
f 5165//5165 5188//5188 5200//5200 
f 5186//5186 5164//5164 5200//5200 
f 5188//5188 5186//5186 5200//5200 
f 5186//5186 5188//5188 5151//5151 
f 5151//5151 5153//5153 5186//5186 
f 5186//5186 5153//5153 5185//5185 
f 5185//5185 5164//5164 5186//5186 
f 5185//5185 5168//5168 5164//5164 
f 5187//5187 5168//5168 5185//5185 
f 5138//5138 5187//5187 5185//5185 
f 5185//5185 5153//5153 5138//5138 
f 5138//5138 5136//5136 5187//5187 
f 5166//5166 5168//5168 5187//5187 
f 5151//5151 5188//5188 5141//5141 
f 5134//5134 5151//5151 5141//5141 
f 5134//5134 5141//5141 5142//5142 
f 5134//5134 5142//5142 5150//5150 
f 5150//5150 5148//5148 5134//5134 
f 5133//5133 5134//5134 5148//5148 
f 5133//5133 5148//5148 5149//5149 
f 5145//5145 5133//5133 5149//5149 
f 5149//5149 5192//5192 5145//5145 
f 5192//5192 5139//5139 5145//5145 
f 5139//5139 5133//5133 5145//5145 
f 5133//5133 5139//5139 5140//5140 
f 5140//5140 5143//5143 5133//5133 
f 5194//5194 5143//5143 5140//5140 
f 5193//5193 5194//5194 5140//5140 
f 5139//5139 5193//5193 5140//5140 
f 5192//5192 5193//5193 5139//5139 
f 5192//5192 5190//5190 5193//5193 
f 5190//5190 5189//5189 5193//5193 
f 5194//5194 5193//5193 5189//5189 
f 5194//5194 5189//5189 5182//5182 
f 5182//5182 5195//5195 5194//5194 
f 5194//5194 5195//5195 5143//5143 
f 5183//5183 5195//5195 5182//5182 
f 5182//5182 5141//5141 5183//5183 
f 5183//5183 5141//5141 5188//5188 
f 5182//5182 5142//5142 5141//5141 
f 5142//5142 5182//5182 5189//5189 
f 5142//5142 5189//5189 5150//5150 
f 5150//5150 5189//5189 5190//5190 
f 5190//5190 5148//5148 5150//5150 
f 5148//5148 5190//5190 5191//5191 
f 5149//5149 5148//5148 5191//5191 
f 5191//5191 5192//5192 5149//5149 
f 5192//5192 5191//5191 5190//5190 
f 1724//1724 5134//5134 5133//5133 
f 1722//1722 1724//1724 5133//5133 
f 1722//1722 1723//1723 1724//1724 
f 1724//1724 1723//1723 1728//1728 
f 1723//1723 4761//4761 1728//1728 
f 4761//4761 4762//4762 1728//1728 
f 4762//4762 4761//4761 1246//1246 
f 4762//4762 1246//1246 1243//1243 
f 1244//1244 1243//1243 1246//1246 
f 1246//1246 1248//1248 1244//1244 
f 1244//1244 1248//1248 197//197 
f 1248//1248 196//196 197//197 
f 196//196 195//195 197//197 
f 197//197 195//195 198//198 
f 1204//1204 198//198 195//195 
f 195//195 1203//1203 1204//1204 
f 1203//1203 1310//1310 1204//1204 
f 1204//1204 1310//1310 1311//1311 
f 1205//1205 1204//1204 1311//1311 
f 198//198 1204//1204 1205//1205 
f 1311//1311 1310//1310 271//271 
f 277//277 1311//1311 271//271 
f 273//273 277//277 271//271 
f 271//271 272//272 273//273 
f 273//273 272//272 1170//1170 
f 1165//1165 273//273 1170//1170 
f 1341//1341 1165//1165 1170//1170 
f 1341//1341 1170//1170 1346//1346 
f 1346//1346 351//351 1341//1341 
f 1341//1341 351//351 353//353 
f 353//353 1343//1343 1341//1341 
f 1343//1343 1165//1165 1341//1341 
f 1343//1343 1167//1167 1165//1165 
f 1167//1167 280//280 1165//1165 
f 1165//1165 280//280 273//273 
f 280//280 277//277 273//273 
f 279//279 277//277 280//280 
f 278//278 279//279 280//280 
f 280//280 1167//1167 278//278 
f 278//278 281//281 279//279 
f 281//281 1308//1308 279//279 
f 1342//1342 1167//1167 1343//1343 
f 1342//1342 1343//1343 355//355 
f 356//356 1342//1342 355//355 
f 356//356 355//355 352//352 
f 356//356 352//352 357//357 
f 349//349 356//356 357//357 
f 358//358 349//349 357//357 
f 1128//1128 358//358 357//357 
f 1131//1131 1128//1128 357//357 
f 357//357 352//352 1131//1131 
f 1131//1131 352//352 1132//1132 
f 1132//1132 1377//1377 1131//1131 
f 1374//1374 1131//1131 1377//1377 
f 1377//1377 430//430 1374//1374 
f 430//430 423//423 1374//1374 
f 1374//1374 423//423 1372//1372 
f 1374//1374 1372//1372 1128//1128 
f 1374//1374 1128//1128 1131//1131 
f 1128//1128 1372//1372 1126//1126 
f 1128//1128 1126//1126 358//358 
f 358//358 1126//1126 350//350 
f 350//350 349//349 358//358 
f 348//348 349//349 350//350 
f 350//350 362//362 348//348 
f 350//350 1127//1127 362//362 
f 350//350 1126//1126 1127//1127 
f 1127//1127 1126//1126 1373//1373 
f 1126//1126 1372//1372 1373//1373 
f 422//422 1373//1373 1372//1372 
f 1372//1372 423//423 422//422 
f 422//422 423//423 424//424 
f 424//424 436//436 422//422 
f 424//424 1092//1092 436//436 
f 1094//1094 436//436 1092//1092 
f 1094//1094 433//433 436//436 
f 424//424 1091//1091 1092//1092 
f 1092//1092 1091//1091 1408//1408 
f 1091//1091 1407//1407 1408//1408 
f 496//496 1408//1408 1407//1407 
f 1407//1407 497//497 496//496 
f 496//496 497//497 498//498 
f 498//498 510//510 496//496 
f 498//498 1057//1057 510//510 
f 1059//1059 510//510 1057//1057 
f 1445//1445 1059//1059 1057//1057 
f 1057//1057 1443//1443 1445//1445 
f 583//583 1445//1445 1443//1443 
f 1443//1443 570//570 583//583 
f 570//570 584//584 583//583 
f 583//583 584//584 581//581 
f 581//581 582//582 583//583 
f 1445//1445 583//583 582//582 
f 1445//1445 582//582 581//581 
f 1478//1478 644//644 657//657 
f 644//644 658//658 657//657 
f 657//657 658//658 655//655 
f 655//655 656//656 657//657 
f 1512//1512 718//718 731//731 
f 718//718 732//732 731//731 
f 731//731 732//732 729//729 
f 729//729 730//730 731//731 
f 803//803 804//804 805//805 
f 805//805 806//806 803//803 
f 1581//1581 856//856 869//869 
f 856//856 870//870 869//869 
f 869//869 870//870 867//867 
f 867//867 868//868 869//869 
f 827//827 949//949 948//948 
f 948//948 826//826 827//827 
f 826//826 824//824 827//827 
f 824//824 829//829 827//827 
f 828//828 827//827 829//829 
f 828//828 829//829 831//831 
f 830//830 828//828 831//831 
f 1577//1577 830//830 831//831 
f 831//831 1576//1576 1577//1577 
f 985//985 1577//1577 1576//1576 
f 984//984 985//985 1576//1576 
f 1576//1576 1575//1575 984//984 
f 984//984 1575//1575 983//983 
f 753//753 984//984 983//983 
f 983//983 752//752 753//753 
f 752//752 750//750 753//753 
f 750//750 755//755 753//753 
f 754//754 753//753 755//755 
f 754//754 755//755 757//757 
f 756//756 754//754 757//757 
f 1542//1542 756//756 757//757 
f 757//757 1541//1541 1542//1542 
f 1019//1019 1542//1542 1541//1541 
f 1018//1018 1019//1019 1541//1541 
f 1541//1541 1540//1540 1018//1018 
f 1018//1018 1540//1540 1017//1017 
f 679//679 1018//1018 1017//1017 
f 1017//1017 678//678 679//679 
f 678//678 676//676 679//679 
f 676//676 681//681 679//679 
f 680//680 679//679 681//681 
f 680//680 681//681 683//683 
f 682//682 680//680 683//683 
f 1508//1508 682//682 683//683 
f 683//683 1507//1507 1508//1508 
f 1053//1053 1508//1508 1507//1507 
f 1052//1052 1053//1053 1507//1507 
f 1507//1507 1506//1506 1052//1052 
f 1052//1052 1506//1506 1051//1051 
f 605//605 1052//1052 1051//1051 
f 1051//1051 604//604 605//605 
f 604//604 602//602 605//605 
f 602//602 607//607 605//605 
f 606//606 605//605 607//607 
f 606//606 607//607 609//609 
f 608//608 606//606 609//609 
f 1474//1474 608//608 609//609 
f 609//609 1473//1473 1474//1474 
f 1088//1088 1474//1474 1473//1473 
f 1087//1087 1088//1088 1473//1473 
f 1473//1473 1472//1472 1087//1087 
f 1087//1087 1472//1472 1086//1086 
f 531//531 1087//1087 1086//1086 
f 1086//1086 530//530 531//531 
f 530//530 528//528 531//531 
f 528//528 533//533 531//531 
f 532//532 531//531 533//533 
f 532//532 533//533 535//535 
f 534//534 532//532 535//535 
f 1439//1439 534//534 535//535 
f 535//535 1438//1438 1439//1439 
f 1123//1123 1439//1439 1438//1438 
f 1122//1122 1123//1123 1438//1438 
f 1438//1438 1437//1437 1122//1122 
f 1122//1122 1437//1437 1121//1121 
f 457//457 1122//1122 1121//1121 
f 1121//1121 456//456 457//457 
f 456//456 454//454 457//457 
f 454//454 459//459 457//457 
f 458//458 457//457 459//459 
f 458//458 459//459 461//461 
f 460//460 458//458 461//461 
f 1404//1404 460//460 461//461 
f 461//461 1403//1403 1404//1404 
f 1158//1158 1404//1404 1403//1403 
f 1157//1157 1158//1158 1403//1403 
f 1403//1403 1402//1402 1157//1157 
f 1157//1157 1402//1402 1156//1156 
f 383//383 1157//1157 1156//1156 
f 1156//1156 382//382 383//383 
f 382//382 380//380 383//383 
f 380//380 385//385 383//383 
f 384//384 383//383 385//385 
f 384//384 385//385 387//387 
f 386//386 384//384 387//387 
f 1369//1369 386//386 387//387 
f 387//387 1368//1368 1369//1369 
f 1193//1193 1369//1369 1368//1368 
f 1192//1192 1193//1193 1368//1368 
f 1368//1368 1367//1367 1192//1192 
f 1192//1192 1367//1367 1191//1191 
f 309//309 1192//1192 1191//1191 
f 1191//1191 308//308 309//309 
f 308//308 306//306 309//309 
f 306//306 311//311 309//309 
f 310//310 309//309 311//311 
f 310//310 311//311 313//313 
f 312//312 310//310 313//313 
f 1334//1334 312//312 313//313 
f 313//313 1333//1333 1334//1334 
f 1228//1228 1334//1334 1333//1333 
f 1227//1227 1228//1228 1333//1333 
f 1333//1333 1332//1332 1227//1227 
f 1227//1227 1332//1332 1226//1226 
f 235//235 1227//1227 1226//1226 
f 1226//1226 234//234 235//235 
f 234//234 232//232 235//235 
f 232//232 237//237 235//235 
f 236//236 235//235 237//237 
f 236//236 237//237 239//239 
f 239//239 237//237 1289//1289 
f 1286//1286 1289//1289 237//237 
f 232//232 1286//1286 237//237 
f 1286//1286 232//232 1285//1285 
f 1286//1286 1285//1285 1287//1287 
f 1286//1286 1287//1287 1288//1288 
f 1288//1288 1289//1289 1286//1286 
f 1290//1290 1289//1289 1288//1288 
f 1750//1750 1290//1290 1288//1288 
f 1750//1750 1288//1288 1287//1287 
f 1287//1287 1746//1746 1750//1750 
f 1653//1653 1750//1750 1746//1746 
f 1651//1651 1653//1653 1746//1746 
f 1746//1746 1747//1747 1651//1651 
f 1747//1747 1660//1660 1651//1651 
f 1651//1651 1660//1660 1659//1659 
f 1652//1652 1651//1651 1659//1659 
f 1652//1652 1659//1659 1690//1690 
f 1680//1680 1652//1652 1690//1690 
f 1680//1680 1690//1690 1681//1681 
f 1680//1680 1681//1681 1682//1682 
f 1684//1684 1680//1680 1682//1682 
f 1684//1684 1682//1682 1685//1685 
f 1684//1684 1654//1654 1680//1680 
f 1654//1654 1652//1652 1680//1680 
f 1654//1654 1653//1653 1652//1652 
f 1651//1651 1652//1652 1653//1653 
f 1654//1654 1655//1655 1653//1653 
f 1653//1653 1655//1655 1750//1750 
f 1750//1750 1655//1655 1751//1751 
f 1751//1751 1290//1290 1750//1750 
f 1293//1293 1290//1290 1751//1751 
f 1751//1751 1752//1752 1293//1293 
f 1752//1752 1294//1294 1293//1293 
f 1752//1752 1753//1753 1294//1294 
f 1751//1751 1646//1646 1752//1752 
f 1646//1646 1751//1751 1655//1655 
f 1655//1655 1647//1647 1646//1646 
f 1655//1655 1654//1654 1647//1647 
f 1684//1684 1647//1647 1654//1654 
f 1690//1690 1659//1659 1691//1691 
f 1691//1691 1659//1659 1657//1657 
f 1691//1691 1657//1657 1687//1687 
f 1686//1686 1691//1691 1687//1687 
f 1656//1656 1687//1687 1657//1657 
f 1656//1656 1657//1657 1658//1658 
f 1658//1658 1664//1664 1656//1656 
f 1656//1656 1664//1664 1662//1662 
f 1656//1656 1662//1662 1697//1697 
f 1687//1687 1656//1656 1697//1697 
f 1662//1662 1664//1664 1663//1663 
f 1661//1661 1662//1662 1663//1663 
f 1661//1661 1663//1663 1667//1667 
f 1666//1666 1661//1661 1667//1667 
f 1665//1665 1666//1666 1667//1667 
f 1759//1759 1665//1665 1667//1667 
f 1758//1758 1759//1759 1667//1667 
f 1667//1667 1663//1663 1758//1758 
f 1758//1758 1663//1663 1757//1757 
f 1278//1278 1758//1758 1757//1757 
f 1278//1278 1757//1757 1275//1275 
f 1275//1275 1274//1274 1278//1278 
f 1278//1278 1274//1274 1279//1279 
f 1277//1277 1278//1278 1279//1279 
f 1277//1277 1279//1279 1268//1268 
f 1268//1268 1270//1270 1277//1277 
f 1270//1270 1759//1759 1277//1277 
f 1758//1758 1277//1277 1759//1759 
f 1277//1277 1758//1758 1278//1278 
f 1749//1749 1759//1759 1270//1270 
f 1749//1749 1270//1270 1273//1273 
f 1269//1269 1273//1273 1270//1270 
f 1268//1268 1269//1269 1270//1270 
f 221//221 1269//1269 1268//1268 
f 221//221 1268//1268 220//220 
f 220//220 218//218 221//221 
f 218//218 219//219 221//221 
f 221//221 219//219 1269//1269 
f 1271//1271 1269//1269 219//219 
f 219//219 184//184 1271//1271 
f 1263//1263 1271//1271 184//184 
f 184//184 181//181 1263//1263 
f 181//181 1264//1264 1263//1263 
f 1264//1264 181//181 180//180 
f 180//180 1266//1266 1264//1264 
f 180//180 215//215 1266//1266 
f 1258//1258 1266//1266 215//215 
f 1258//1258 215//215 189//189 
f 1258//1258 189//189 173//173 
f 188//188 173//173 189//189 
f 187//187 188//188 189//189 
f 189//189 215//215 187//187 
f 187//187 215//215 216//216 
f 187//187 216//216 1212//1212 
f 188//188 187//187 1212//1212 
f 1212//1212 1213//1213 188//188 
f 171//171 188//188 1213//1213 
f 171//171 1213//1213 1209//1209 
f 1209//1209 177//177 171//171 
f 171//171 177//177 172//172 
f 171//171 172//172 173//173 
f 173//173 188//188 171//171 
f 177//177 178//178 172//172 
f 177//177 176//176 178//178 
f 177//177 1210//1210 176//176 
f 1210//1210 1211//1211 176//176 
f 1211//1211 185//185 176//176 
f 1211//1211 1206//1206 185//185 
f 185//185 1206//1206 190//190 
f 185//185 190//190 186//186 
f 191//191 186//186 190//190 
f 190//190 1207//1207 191//191 
f 1207//1207 1208//1208 191//191 
f 191//191 1208//1208 192//192 
f 191//191 192//192 193//193 
f 193//193 186//186 191//191 
f 193//193 1241//1241 186//186 
f 186//186 1241//1241 1254//1254 
f 1254//1254 1241//1241 1250//1250 
f 1241//1241 1240//1240 1250//1250 
f 1240//1240 1241//1241 1242//1242 
f 1242//1242 1249//1249 1240//1240 
f 1298//1298 1249//1249 1242//1242 
f 194//194 1298//1298 1242//1242 
f 1242//1242 193//193 194//194 
f 192//192 194//194 193//193 
f 194//194 192//192 195//195 
f 195//195 196//196 194//194 
f 196//196 1298//1298 194//194 
f 1248//1248 1298//1298 196//196 
f 1298//1298 1248//1248 1247//1247 
f 1298//1298 1247//1247 1249//1249 
f 1247//1247 4760//4760 1249//1249 
f 4760//4760 1247//1247 4761//4761 
f 1723//1723 4760//4760 4761//4761 
f 1247//1247 1246//1246 4761//4761 
f 1246//1246 1247//1247 1248//1248 
f 195//195 192//192 1203//1203 
f 192//192 1208//1208 1203//1203 
f 1203//1203 1208//1208 1309//1309 
f 1310//1310 1203//1203 1309//1309 
f 1310//1310 1309//1309 270//270 
f 1310//1310 270//270 271//271 
f 270//270 269//269 271//271 
f 271//271 269//269 272//272 
f 1169//1169 272//272 269//269 
f 269//269 1168//1168 1169//1169 
f 1168//1168 1345//1345 1169//1169 
f 1169//1169 1345//1345 1346//1346 
f 1170//1170 1169//1169 1346//1346 
f 272//272 1169//1169 1170//1170 
f 1346//1346 1345//1345 345//345 
f 351//351 1346//1346 345//345 
f 347//347 351//351 345//345 
f 345//345 346//346 347//347 
f 347//347 346//346 1135//1135 
f 1130//1130 347//347 1135//1135 
f 1376//1376 1130//1130 1135//1135 
f 1376//1376 1135//1135 1381//1381 
f 1381//1381 425//425 1376//1376 
f 1376//1376 425//425 427//427 
f 427//427 1378//1378 1376//1376 
f 1378//1378 1130//1130 1376//1376 
f 1378//1378 1132//1132 1130//1130 
f 1132//1132 354//354 1130//1130 
f 1130//1130 354//354 347//347 
f 354//354 351//351 347//347 
f 353//353 351//351 354//354 
f 352//352 353//353 354//354 
f 354//354 1132//1132 352//352 
f 352//352 355//355 353//353 
f 355//355 1343//1343 353//353 
f 1377//1377 1132//1132 1378//1378 
f 1377//1377 1378//1378 429//429 
f 430//430 1377//1377 429//429 
f 430//430 429//429 426//426 
f 430//430 426//426 431//431 
f 423//423 430//430 431//431 
f 432//432 423//423 431//431 
f 1093//1093 432//432 431//431 
f 1096//1096 1093//1093 431//431 
f 431//431 426//426 1096//1096 
f 1096//1096 426//426 1097//1097 
f 1097//1097 1412//1412 1096//1096 
f 1409//1409 1096//1096 1412//1412 
f 1412//1412 504//504 1409//1409 
f 504//504 497//497 1409//1409 
f 1409//1409 497//497 1407//1407 
f 1409//1409 1407//1407 1093//1093 
f 1409//1409 1093//1093 1096//1096 
f 1093//1093 1407//1407 1091//1091 
f 1093//1093 1091//1091 432//432 
f 432//432 1091//1091 424//424 
f 424//424 423//423 432//432 
f 497//497 504//504 505//505 
f 506//506 497//497 505//505 
f 1058//1058 506//506 505//505 
f 1061//1061 1058//1058 505//505 
f 505//505 500//500 1061//1061 
f 1061//1061 500//500 1062//1062 
f 1062//1062 1447//1447 1061//1061 
f 1444//1444 1061//1061 1447//1447 
f 1447//1447 578//578 1444//1444 
f 578//578 571//571 1444//1444 
f 1444//1444 571//571 1442//1442 
f 1444//1444 1442//1442 1058//1058 
f 1444//1444 1058//1058 1061//1061 
f 1058//1058 1442//1442 1056//1056 
f 1058//1058 1056//1056 506//506 
f 506//506 1056//1056 498//498 
f 498//498 497//497 506//506 
f 498//498 1056//1056 1057//1057 
f 1057//1057 1056//1056 1443//1443 
f 1056//1056 1442//1442 1443//1443 
f 570//570 1443//1443 1442//1442 
f 1442//1442 571//571 570//570 
f 570//570 571//571 572//572 
f 572//572 584//584 570//570 
f 572//572 1023//1023 584//584 
f 572//572 1022//1022 1023//1023 
f 1023//1023 1022//1022 1478//1478 
f 1022//1022 1477//1477 1478//1478 
f 644//644 1478//1478 1477//1477 
f 1477//1477 645//645 644//644 
f 644//644 645//645 646//646 
f 646//646 658//658 644//644 
f 646//646 989//989 658//658 
f 646//646 988//988 989//989 
f 989//989 988//988 1512//1512 
f 988//988 1511//1511 1512//1512 
f 718//718 1512//1512 1511//1511 
f 1511//1511 719//719 718//718 
f 718//718 719//719 720//720 
f 720//720 732//732 718//718 
f 720//720 954//954 732//732 
f 1546//1546 792//792 805//805 
f 792//792 806//806 805//805 
f 794//794 806//806 792//792 
f 792//792 793//793 794//794 
f 794//794 793//793 802//802 
f 802//802 919//919 794//794 
f 794//794 919//919 920//920 
f 794//794 920//920 806//806 
f 920//920 919//919 1581//1581 
f 919//919 1580//1580 1581//1581 
f 856//856 1581//1581 1580//1580 
f 1580//1580 857//857 856//856 
f 856//856 857//857 858//858 
f 858//858 870//870 856//856 
f 858//858 857//857 866//866 
f 866//866 857//857 865//865 
f 948//948 947//947 826//826 
f 825//825 826//826 947//947 
f 946//946 825//825 947//947 
f 822//822 946//946 945//945 
f 945//945 818//818 822//822 
f 821//821 822//822 818//818 
f 820//820 821//821 818//818 
f 820//820 818//818 817//817 
f 1570//1570 820//820 817//817 
f 1570//1570 817//817 1571//1571 
f 978//978 1570//1570 1571//1571 
f 977//977 978//978 1571//1571 
f 977//977 1571//1571 1567//1567 
f 1567//1567 979//979 977//977 
f 742//742 977//977 979//979 
f 979//979 741//741 742//742 
f 740//740 742//742 741//741 
f 738//738 740//740 741//741 
f 741//741 736//736 738//738 
f 738//738 736//736 739//739 
f 739//739 1534//1534 738//738 
f 738//738 1534//1534 1532//1532 
f 1532//1532 740//740 738//738 
f 1536//1536 740//740 1532//1532 
f 1011//1011 1536//1536 1532//1532 
f 1532//1532 1013//1013 1011//1011 
f 668//668 1011//1011 1013//1013 
f 1013//1013 667//667 668//668 
f 666//666 668//668 667//667 
f 664//664 666//666 667//667 
f 667//667 662//662 664//664 
f 664//664 662//662 665//665 
f 665//665 1500//1500 664//664 
f 664//664 1500//1500 1498//1498 
f 1498//1498 666//666 664//664 
f 1502//1502 666//666 1498//1498 
f 1045//1045 1502//1502 1498//1498 
f 1498//1498 1047//1047 1045//1045 
f 594//594 1045//1045 1047//1047 
f 1047//1047 593//593 594//594 
f 592//592 594//594 593//593 
f 590//590 592//592 593//593 
f 593//593 588//588 590//590 
f 590//590 588//588 591//591 
f 591//591 1466//1466 590//590 
f 590//590 1466//1466 1464//1464 
f 1464//1464 592//592 590//590 
f 1468//1468 592//592 1464//1464 
f 1080//1080 1468//1468 1464//1464 
f 1464//1464 1082//1082 1080//1080 
f 520//520 1080//1080 1082//1082 
f 1082//1082 519//519 520//520 
f 518//518 520//520 519//519 
f 516//516 518//518 519//519 
f 519//519 514//514 516//516 
f 516//516 514//514 517//517 
f 517//517 1431//1431 516//516 
f 516//516 1431//1431 1429//1429 
f 1429//1429 518//518 516//516 
f 1433//1433 518//518 1429//1429 
f 1115//1115 1433//1433 1429//1429 
f 1429//1429 1117//1117 1115//1115 
f 446//446 1115//1115 1117//1117 
f 1117//1117 445//445 446//446 
f 444//444 446//446 445//445 
f 442//442 444//444 445//445 
f 445//445 440//440 442//442 
f 442//442 440//440 443//443 
f 443//443 1396//1396 442//442 
f 442//442 1396//1396 1394//1394 
f 1394//1394 444//444 442//442 
f 1398//1398 444//444 1394//1394 
f 1150//1150 1398//1398 1394//1394 
f 1394//1394 1152//1152 1150//1150 
f 372//372 1150//1150 1152//1152 
f 1152//1152 371//371 372//372 
f 370//370 372//372 371//371 
f 368//368 370//370 371//371 
f 371//371 366//366 368//368 
f 368//368 366//366 369//369 
f 369//369 1361//1361 368//368 
f 368//368 1361//1361 1359//1359 
f 1359//1359 370//370 368//368 
f 1363//1363 370//370 1359//1359 
f 1185//1185 1363//1363 1359//1359 
f 1359//1359 1187//1187 1185//1185 
f 298//298 1185//1185 1187//1187 
f 1187//1187 297//297 298//298 
f 296//296 298//298 297//297 
f 294//294 296//296 297//297 
f 297//297 292//292 294//294 
f 294//294 292//292 295//295 
f 295//295 1326//1326 294//294 
f 294//294 1326//1326 1324//1324 
f 1324//1324 296//296 294//294 
f 1328//1328 296//296 1324//1324 
f 1220//1220 1328//1328 1324//1324 
f 1324//1324 1222//1222 1220//1220 
f 224//224 1220//1220 1222//1222 
f 1222//1222 223//223 224//224 
f 222//222 224//224 223//223 
f 220//220 222//222 223//223 
f 223//223 218//218 220//220 
f 1217//1217 218//218 223//223 
f 1217//1217 223//223 1222//1222 
f 1326//1326 1217//1217 1222//1222 
f 1222//1222 1324//1324 1326//1326 
f 1325//1325 1217//1217 1326//1326 
f 295//295 1325//1325 1326//1326 
f 295//295 293//293 1325//1325 
f 1321//1321 1325//1325 293//293 
f 293//293 258//258 1321//1321 
f 1322//1322 1321//1321 258//258 
f 258//258 255//255 1322//1322 
f 255//255 1323//1323 1322//1322 
f 1322//1322 1323//1323 1214//1214 
f 1218//1218 1322//1322 1214//1214 
f 183//183 1218//1218 1214//1214 
f 183//183 1214//1214 217//217 
f 217//217 184//184 183//183 
f 182//182 183//183 184//184 
f 219//219 182//182 184//184 
f 218//218 182//182 219//219 
f 1219//1219 182//182 218//218 
f 218//218 1217//1217 1219//1219 
f 1325//1325 1219//1219 1217//1217 
f 1325//1325 1321//1321 1219//1219 
f 1219//1219 1321//1321 1218//1218 
f 1218//1218 182//182 1219//1219 
f 183//183 182//182 1218//1218 
f 1321//1321 1322//1322 1218//1218 
f 184//184 217//217 181//181 
f 217//217 179//179 181//181 
f 179//179 180//180 181//181 
f 179//179 216//216 180//180 
f 180//180 216//216 215//215 
f 179//179 1216//1216 216//216 
f 216//216 1216//1216 1212//1212 
f 1212//1212 1216//1216 1319//1319 
f 1212//1212 1319//1319 1320//1320 
f 1320//1320 1213//1213 1212//1212 
f 1213//1213 1320//1320 1315//1315 
f 1315//1315 1209//1209 1213//1213 
f 1317//1317 1209//1209 1315//1315 
f 1317//1317 1315//1315 252//252 
f 249//249 1317//1317 252//252 
f 252//252 250//250 249//249 
f 248//248 249//249 250//250 
f 248//248 250//250 259//259 
f 248//248 259//259 260//260 
f 248//248 260//260 1312//1312 
f 1312//1312 1316//1316 248//248 
f 1316//1316 249//249 248//248 
f 249//249 1316//1316 1317//1317 
f 1316//1316 1210//1210 1317//1317 
f 1209//1209 1317//1317 1210//1210 
f 1209//1209 1210//1210 177//177 
f 1316//1316 1211//1211 1210//1210 
f 1316//1316 1312//1312 1211//1211 
f 1211//1211 1312//1312 1206//1206 
f 1312//1312 1313//1313 1206//1206 
f 1207//1207 1206//1206 1313//1313 
f 1313//1313 1314//1314 1207//1207 
f 1207//1207 1314//1314 1208//1208 
f 1208//1208 1314//1314 1309//1309 
f 268//268 1309//1309 1314//1314 
f 1314//1314 267//267 268//268 
f 266//266 268//268 267//267 
f 265//265 266//266 267//267 
f 267//267 260//260 265//265 
f 265//265 260//260 264//264 
f 264//264 1172//1172 265//265 
f 1172//1172 1173//1173 265//265 
f 265//265 1173//1173 266//266 
f 266//266 1173//1173 1168//1168 
f 269//269 266//266 1168//1168 
f 268//268 266//266 269//269 
f 269//269 270//270 268//268 
f 270//270 1309//1309 268//268 
f 1168//1168 1173//1173 1344//1344 
f 1345//1345 1168//1168 1344//1344 
f 1345//1345 1344//1344 344//344 
f 1345//1345 344//344 345//345 
f 344//344 343//343 345//345 
f 345//345 343//343 346//346 
f 1134//1134 346//346 343//343 
f 343//343 1133//1133 1134//1134 
f 1133//1133 1380//1380 1134//1134 
f 1134//1134 1380//1380 1381//1381 
f 1135//1135 1134//1134 1381//1381 
f 346//346 1134//1134 1135//1135 
f 1381//1381 1380//1380 419//419 
f 425//425 1381//1381 419//419 
f 421//421 425//425 419//419 
f 419//419 420//420 421//421 
f 421//421 420//420 1100//1100 
f 1095//1095 421//421 1100//1100 
f 1411//1411 1095//1095 1100//1100 
f 1411//1411 1100//1100 1416//1416 
f 1416//1416 499//499 1411//1411 
f 1411//1411 499//499 501//501 
f 501//501 1413//1413 1411//1411 
f 1413//1413 1095//1095 1411//1411 
f 1413//1413 1097//1097 1095//1095 
f 1097//1097 428//428 1095//1095 
f 1095//1095 428//428 421//421 
f 428//428 425//425 421//421 
f 427//427 425//425 428//428 
f 426//426 427//427 428//428 
f 428//428 1097//1097 426//426 
f 426//426 429//429 427//427 
f 429//429 1378//1378 427//427 
f 1412//1412 1097//1097 1413//1413 
f 1412//1412 1413//1413 503//503 
f 504//504 1412//1412 503//503 
f 504//504 503//503 500//500 
f 504//504 500//500 505//505 
f 500//500 503//503 501//501 
f 500//500 501//501 502//502 
f 502//502 1062//1062 500//500 
f 1062//1062 502//502 1060//1060 
f 1448//1448 1062//1062 1060//1060 
f 1448//1448 1060//1060 1446//1446 
f 575//575 1448//1448 1446//1446 
f 1446//1446 573//573 575//575 
f 575//575 573//573 576//576 
f 574//574 575//575 576//576 
f 576//576 1027//1027 574//574 
f 1026//1026 574//574 1027//1027 
f 1027//1027 1481//1481 1026//1026 
f 1479//1479 1026//1026 1481//1481 
f 1481//1481 652//652 1479//1479 
f 652//652 645//645 1479//1479 
f 1479//1479 645//645 1477//1477 
f 1479//1479 1477//1477 1024//1024 
f 1479//1479 1024//1024 1026//1026 
f 1026//1026 1024//1024 579//579 
f 579//579 574//574 1026//1026 
f 578//578 574//574 579//579 
f 571//571 578//578 579//579 
f 580//580 571//571 579//579 
f 1024//1024 580//580 579//579 
f 1024//1024 1022//1022 580//580 
f 580//580 1022//1022 572//572 
f 572//572 571//571 580//580 
f 1024//1024 1477//1477 1022//1022 
f 578//578 577//577 574//574 
f 574//574 577//577 575//575 
f 577//577 1448//1448 575//575 
f 1447//1447 1448//1448 577//577 
f 578//578 1447//1447 577//577 
f 1447//1447 1062//1062 1448//1448 
f 645//645 652//652 653//653 
f 654//654 645//645 653//653 
f 990//990 654//654 653//653 
f 992//992 990//990 653//653 
f 653//653 648//648 992//992 
f 992//992 648//648 993//993 
f 993//993 1515//1515 992//992 
f 1513//1513 992//992 1515//1515 
f 1515//1515 726//726 1513//1513 
f 726//726 719//719 1513//1513 
f 1513//1513 719//719 1511//1511 
f 1513//1513 1511//1511 990//990 
f 1513//1513 990//990 992//992 
f 990//990 1511//1511 988//988 
f 990//990 988//988 654//654 
f 654//654 988//988 646//646 
f 646//646 645//645 654//654 
f 719//719 726//726 727//727 
f 728//728 719//719 727//727 
f 955//955 728//728 727//727 
f 958//958 955//955 727//727 
f 727//727 722//722 958//958 
f 958//958 722//722 959//959 
f 959//959 1550//1550 958//958 
f 1547//1547 958//958 1550//1550 
f 1550//1550 800//800 1547//1547 
f 800//800 793//793 1547//1547 
f 1547//1547 793//793 1545//1545 
f 1547//1547 1545//1545 955//955 
f 1547//1547 955//955 958//958 
f 955//955 1545//1545 953//953 
f 955//955 953//953 728//728 
f 728//728 953//953 720//720 
f 720//720 719//719 728//728 
f 720//720 953//953 954//954 
f 954//954 953//953 1546//1546 
f 953//953 1545//1545 1546//1546 
f 792//792 1546//1546 1545//1545 
f 1545//1545 793//793 792//792 
f 793//793 800//800 801//801 
f 802//802 793//793 801//801 
f 921//921 802//802 801//801 
f 923//923 921//921 801//801 
f 801//801 796//796 923//923 
f 923//923 796//796 924//924 
f 924//924 1584//1584 923//923 
f 1582//1582 923//923 1584//1584 
f 1584//1584 864//864 1582//1582 
f 864//864 857//857 1582//1582 
f 1582//1582 857//857 1580//1580 
f 1582//1582 1580//1580 921//921 
f 1582//1582 921//921 923//923 
f 921//921 1580//1580 919//919 
f 921//921 919//919 802//802 
f 857//857 864//864 865//865 
f 864//864 860//860 865//865 
f 864//864 863//863 860//860 
f 860//860 863//863 861//861 
f 860//860 861//861 862//862 
f 816//816 942//942 944//944 
f 944//944 815//815 816//816 
f 814//814 816//816 815//815 
f 812//812 814//814 815//815 
f 815//815 810//810 812//812 
f 812//812 810//810 813//813 
f 813//813 1569//1569 812//812 
f 812//812 1569//1569 1567//1567 
f 1567//1567 814//814 812//812 
f 1571//1571 814//814 1567//1567 
f 814//814 1571//1571 817//817 
f 816//816 814//814 817//817 
f 816//816 817//817 819//819 
f 819//819 942//942 816//816 
f 942//942 819//819 943//943 
f 819//819 818//818 943//943 
f 945//945 943//943 818//818 
f 817//817 818//818 819//819 
f 979//979 1567//1567 1569//1569 
f 1569//1569 974//974 979//979 
f 974//974 741//741 979//979 
f 974//974 736//736 741//741 
f 736//736 974//974 976//976 
f 976//976 700//700 736//736 
f 736//736 700//700 737//737 
f 736//736 737//737 739//739 
f 739//739 737//737 1533//1533 
f 739//739 1533//1533 1534//1534 
f 1533//1533 1008//1008 1534//1534 
f 1534//1534 1008//1008 1013//1013 
f 1013//1013 1532//1532 1534//1534 
f 1008//1008 667//667 1013//1013 
f 1008//1008 662//662 667//667 
f 662//662 1008//1008 1010//1010 
f 1010//1010 626//626 662//662 
f 662//662 626//626 663//663 
f 662//662 663//663 665//665 
f 665//665 663//663 1499//1499 
f 665//665 1499//1499 1500//1500 
f 1499//1499 1042//1042 1500//1500 
f 1500//1500 1042//1042 1047//1047 
f 1047//1047 1498//1498 1500//1500 
f 1042//1042 593//593 1047//1047 
f 1042//1042 588//588 593//593 
f 588//588 1042//1042 1044//1044 
f 1044//1044 552//552 588//588 
f 588//588 552//552 589//589 
f 588//588 589//589 591//591 
f 591//591 589//589 1465//1465 
f 591//591 1465//1465 1466//1466 
f 1465//1465 1077//1077 1466//1466 
f 1466//1466 1077//1077 1082//1082 
f 1082//1082 1464//1464 1466//1466 
f 1077//1077 519//519 1082//1082 
f 1077//1077 514//514 519//519 
f 514//514 1077//1077 1079//1079 
f 1079//1079 478//478 514//514 
f 514//514 478//478 515//515 
f 514//514 515//515 517//517 
f 517//517 515//515 1430//1430 
f 517//517 1430//1430 1431//1431 
f 1430//1430 1112//1112 1431//1431 
f 1431//1431 1112//1112 1117//1117 
f 1117//1117 1429//1429 1431//1431 
f 1112//1112 445//445 1117//1117 
f 1112//1112 440//440 445//445 
f 440//440 1112//1112 1114//1114 
f 1114//1114 404//404 440//440 
f 440//440 404//404 441//441 
f 440//440 441//441 443//443 
f 443//443 441//441 1395//1395 
f 443//443 1395//1395 1396//1396 
f 1395//1395 1147//1147 1396//1396 
f 1396//1396 1147//1147 1152//1152 
f 1152//1152 1394//1394 1396//1396 
f 1147//1147 371//371 1152//1152 
f 1147//1147 366//366 371//371 
f 366//366 1147//1147 1149//1149 
f 1149//1149 330//330 366//366 
f 366//366 330//330 367//367 
f 366//366 367//367 369//369 
f 369//369 367//367 1360//1360 
f 369//369 1360//1360 1361//1361 
f 1360//1360 1182//1182 1361//1361 
f 1361//1361 1182//1182 1187//1187 
f 1187//1187 1359//1359 1361//1361 
f 1182//1182 297//297 1187//1187 
f 1182//1182 292//292 297//297 
f 292//292 1182//1182 1184//1184 
f 1184//1184 256//256 292//292 
f 292//292 256//256 293//293 
f 292//292 293//293 295//295 
f 293//293 256//256 258//258 
f 256//256 257//257 258//258 
f 291//291 258//258 257//257 
f 257//257 1179//1179 291//291 
f 1179//1179 1180//1180 291//291 
f 291//291 1180//1180 253//253 
f 291//291 253//253 255//255 
f 258//258 291//291 255//255 
f 253//253 254//254 255//255 
f 1323//1323 255//255 254//254 
f 254//254 1318//1318 1323//1323 
f 1215//1215 1323//1323 1318//1318 
f 1216//1216 1215//1215 1318//1318 
f 1216//1216 1318//1318 1319//1319 
f 1319//1319 1318//1318 289//289 
f 1319//1319 289//289 263//263 
f 1319//1319 263//263 247//247 
f 1320//1320 1319//1319 247//247 
f 247//247 246//246 1320//1320 
f 1315//1315 1320//1320 246//246 
f 246//246 252//252 1315//1315 
f 251//251 252//252 246//246 
f 245//245 251//251 246//246 
f 245//245 246//246 247//247 
f 247//247 262//262 245//245 
f 245//245 262//262 1178//1178 
f 245//245 1178//1178 1174//1174 
f 1174//1174 251//251 245//245 
f 1174//1174 1175//1175 251//251 
f 251//251 1175//1175 250//250 
f 251//251 250//250 252//252 
f 1175//1175 1176//1176 250//250 
f 1176//1176 259//259 250//250 
f 1176//1176 1171//1171 259//259 
f 259//259 1171//1171 264//264 
f 259//259 264//264 260//260 
f 264//264 1171//1171 1172//1172 
f 1172//1172 1171//1171 1348//1348 
f 1348//1348 1349//1349 1172//1172 
f 1172//1172 1349//1349 1173//1173 
f 1173//1173 1349//1349 1344//1344 
f 342//342 1344//1344 1349//1349 
f 1349//1349 341//341 342//342 
f 340//340 342//342 341//341 
f 339//339 340//340 341//341 
f 341//341 334//334 339//339 
f 339//339 334//334 338//338 
f 338//338 1137//1137 339//339 
f 1137//1137 1138//1138 339//339 
f 339//339 1138//1138 340//340 
f 340//340 1138//1138 1133//1133 
f 343//343 340//340 1133//1133 
f 342//342 340//340 343//343 
f 343//343 344//344 342//342 
f 344//344 1344//1344 342//342 
f 1133//1133 1138//1138 1379//1379 
f 1380//1380 1133//1133 1379//1379 
f 1380//1380 1379//1379 418//418 
f 1380//1380 418//418 419//419 
f 418//418 417//417 419//419 
f 419//419 417//417 420//420 
f 1099//1099 420//420 417//417 
f 417//417 1098//1098 1099//1099 
f 1098//1098 1415//1415 1099//1099 
f 1099//1099 1415//1415 1416//1416 
f 1100//1100 1099//1099 1416//1416 
f 420//420 1099//1099 1100//1100 
f 1416//1416 1415//1415 493//493 
f 499//499 1416//1416 493//493 
f 495//495 499//499 493//493 
f 493//493 494//494 495//495 
f 495//495 494//494 1065//1065 
f 1060//1060 495//495 1065//1065 
f 1446//1446 1060//1060 1065//1065 
f 1446//1446 1065//1065 1451//1451 
f 1451//1451 573//573 1446//1446 
f 573//573 1451//1451 567//567 
f 569//569 573//573 567//567 
f 567//567 568//568 569//569 
f 569//569 568//568 1030//1030 
f 1025//1025 569//569 1030//1030 
f 1480//1480 1025//1025 1030//1030 
f 1480//1480 1030//1030 1485//1485 
f 1485//1485 647//647 1480//1480 
f 1480//1480 647//647 649//649 
f 649//649 1482//1482 1480//1480 
f 1482//1482 1025//1025 1480//1480 
f 1482//1482 1027//1027 1025//1025 
f 1027//1027 576//576 1025//1025 
f 1025//1025 576//576 569//569 
f 576//576 573//573 569//569 
f 1481//1481 1027//1027 1482//1482 
f 1481//1481 1482//1482 651//651 
f 652//652 1481//1481 651//651 
f 652//652 651//651 648//648 
f 652//652 648//648 653//653 
f 648//648 651//651 649//649 
f 648//648 649//649 650//650 
f 650//650 993//993 648//648 
f 993//993 650//650 991//991 
f 1516//1516 993//993 991//991 
f 1516//1516 991//991 1514//1514 
f 723//723 1516//1516 1514//1514 
f 1514//1514 721//721 723//723 
f 723//723 721//721 724//724 
f 722//722 723//723 724//724 
f 724//724 959//959 722//722 
f 959//959 724//724 957//957 
f 1551//1551 959//959 957//957 
f 1551//1551 957//957 1549//1549 
f 797//797 1551//1551 1549//1549 
f 1549//1549 795//795 797//797 
f 797//797 795//795 798//798 
f 796//796 797//797 798//798 
f 798//798 924//924 796//796 
f 924//924 798//798 922//922 
f 1585//1585 924//924 922//922 
f 1585//1585 922//922 1583//1583 
f 861//861 1585//1585 1583//1583 
f 1583//1583 859//859 861//861 
f 861//861 859//859 862//862 
f 862//862 859//859 855//855 
f 1602//1602 939//939 944//944 
f 939//939 815//815 944//944 
f 939//939 810//810 815//815 
f 810//810 939//939 941//941 
f 941//941 774//774 810//810 
f 810//810 774//774 811//811 
f 810//810 811//811 813//813 
f 813//813 811//811 1568//1568 
f 813//813 1568//1568 1569//1569 
f 1568//1568 974//974 1569//1569 
f 1568//1568 976//976 974//974 
f 1568//1568 1564//1564 976//976 
f 976//976 1564//1564 975//975 
f 975//975 700//700 976//976 
f 701//701 700//700 975//975 
f 701//701 975//975 971//971 
f 701//701 971//971 735//735 
f 735//735 702//702 701//701 
f 700//700 701//701 702//702 
f 737//737 700//700 702//702 
f 737//737 702//702 1529//1529 
f 1529//1529 1533//1533 737//737 
f 1533//1533 1529//1529 1010//1010 
f 1533//1533 1010//1010 1008//1008 
f 1010//1010 1529//1529 1009//1009 
f 1009//1009 626//626 1010//1010 
f 627//627 626//626 1009//1009 
f 627//627 1009//1009 1005//1005 
f 627//627 1005//1005 661//661 
f 661//661 628//628 627//627 
f 626//626 627//627 628//628 
f 663//663 626//626 628//628 
f 663//663 628//628 1495//1495 
f 1495//1495 1499//1499 663//663 
f 1499//1499 1495//1495 1044//1044 
f 1499//1499 1044//1044 1042//1042 
f 1044//1044 1495//1495 1043//1043 
f 1043//1043 552//552 1044//1044 
f 553//553 552//552 1043//1043 
f 553//553 1043//1043 1039//1039 
f 553//553 1039//1039 587//587 
f 587//587 554//554 553//553 
f 552//552 553//553 554//554 
f 589//589 552//552 554//554 
f 589//589 554//554 1461//1461 
f 1461//1461 1465//1465 589//589 
f 1465//1465 1461//1461 1079//1079 
f 1465//1465 1079//1079 1077//1077 
f 1079//1079 1461//1461 1078//1078 
f 1078//1078 478//478 1079//1079 
f 479//479 478//478 1078//1078 
f 479//479 1078//1078 1074//1074 
f 479//479 1074//1074 513//513 
f 513//513 480//480 479//479 
f 478//478 479//479 480//480 
f 515//515 478//478 480//480 
f 515//515 480//480 1426//1426 
f 1426//1426 1430//1430 515//515 
f 1430//1430 1426//1426 1114//1114 
f 1430//1430 1114//1114 1112//1112 
f 1114//1114 1426//1426 1113//1113 
f 1113//1113 404//404 1114//1114 
f 405//405 404//404 1113//1113 
f 405//405 1113//1113 1109//1109 
f 405//405 1109//1109 439//439 
f 439//439 406//406 405//405 
f 404//404 405//405 406//406 
f 441//441 404//404 406//406 
f 441//441 406//406 1391//1391 
f 1391//1391 1395//1395 441//441 
f 1395//1395 1391//1391 1149//1149 
f 1395//1395 1149//1149 1147//1147 
f 1149//1149 1391//1391 1148//1148 
f 1148//1148 330//330 1149//1149 
f 331//331 330//330 1148//1148 
f 331//331 1148//1148 1144//1144 
f 331//331 1144//1144 365//365 
f 365//365 332//332 331//331 
f 330//330 331//331 332//332 
f 367//367 330//330 332//332 
f 367//367 332//332 1356//1356 
f 1356//1356 1360//1360 367//367 
f 1360//1360 1356//1356 1184//1184 
f 1360//1360 1184//1184 1182//1182 
f 1184//1184 1356//1356 1183//1183 
f 1183//1183 256//256 1184//1184 
f 257//257 256//256 1183//1183 
f 257//257 1183//1183 1179//1179 
f 1183//1183 1357//1357 1179//1179 
f 1357//1357 1358//1358 1179//1179 
f 1179//1179 1358//1358 1180//1180 
f 1180//1180 1358//1358 1353//1353 
f 1181//1181 1180//1180 1353//1353 
f 1181//1181 1353//1353 1354//1354 
f 1177//1177 1181//1181 1354//1354 
f 1177//1177 1354//1354 1355//1355 
f 1355//1355 1178//1178 1177//1177 
f 1177//1177 1178//1178 262//262 
f 262//262 261//261 1177//1177 
f 261//261 290//290 1177//1177 
f 290//290 1181//1181 1177//1177 
f 253//253 1181//1181 290//290 
f 253//253 290//290 254//254 
f 254//254 290//290 289//289 
f 254//254 289//289 1318//1318 
f 261//261 289//289 290//290 
f 263//263 289//289 261//261 
f 261//261 262//262 263//263 
f 262//262 247//247 263//263 
f 1180//1180 1181//1181 253//253 
f 1178//1178 1355//1355 1350//1350 
f 1350//1350 1174//1174 1178//1178 
f 1352//1352 1174//1174 1350//1350 
f 1352//1352 1350//1350 326//326 
f 323//323 1352//1352 326//326 
f 326//326 324//324 323//323 
f 322//322 323//323 324//324 
f 322//322 324//324 333//333 
f 322//322 333//333 334//334 
f 322//322 334//334 1347//1347 
f 1347//1347 1351//1351 322//322 
f 1351//1351 323//323 322//322 
f 323//323 1351//1351 1352//1352 
f 1351//1351 1175//1175 1352//1352 
f 1174//1174 1352//1352 1175//1175 
f 1351//1351 1176//1176 1175//1175 
f 1351//1351 1347//1347 1176//1176 
f 1176//1176 1347//1347 1171//1171 
f 1347//1347 1348//1348 1171//1171 
f 334//334 1348//1348 1347//1347 
f 341//341 1348//1348 334//334 
f 1348//1348 341//341 1349//1349 
f 333//333 338//338 334//334 
f 333//333 1136//1136 338//338 
f 338//338 1136//1136 1137//1137 
f 1137//1137 1136//1136 1383//1383 
f 1383//1383 1384//1384 1137//1137 
f 1137//1137 1384//1384 1138//1138 
f 1138//1138 1384//1384 1379//1379 
f 416//416 1379//1379 1384//1384 
f 1384//1384 415//415 416//416 
f 414//414 416//416 415//415 
f 413//413 414//414 415//415 
f 415//415 408//408 413//413 
f 413//413 408//408 412//412 
f 412//412 1102//1102 413//413 
f 1102//1102 1103//1103 413//413 
f 413//413 1103//1103 414//414 
f 414//414 1103//1103 1098//1098 
f 417//417 414//414 1098//1098 
f 416//416 414//414 417//417 
f 417//417 418//418 416//416 
f 418//418 1379//1379 416//416 
f 1098//1098 1103//1103 1414//1414 
f 1415//1415 1098//1098 1414//1414 
f 1415//1415 1414//1414 492//492 
f 1415//1415 492//492 493//493 
f 492//492 491//491 493//493 
f 493//493 491//491 494//494 
f 1064//1064 494//494 491//491 
f 491//491 1063//1063 1064//1064 
f 1063//1063 1450//1450 1064//1064 
f 1064//1064 1450//1450 1451//1451 
f 1065//1065 1064//1064 1451//1451 
f 494//494 1064//1064 1065//1065 
f 1451//1451 1450//1450 567//567 
f 1450//1450 566//566 567//567 
f 566//566 565//565 567//567 
f 567//567 565//565 568//568 
f 1029//1029 568//568 565//565 
f 565//565 1028//1028 1029//1029 
f 1028//1028 1484//1484 1029//1029 
f 1029//1029 1484//1484 1485//1485 
f 1030//1030 1029//1029 1485//1485 
f 568//568 1029//1029 1030//1030 
f 1485//1485 1484//1484 641//641 
f 647//647 1485//1485 641//641 
f 643//643 647//647 641//641 
f 641//641 642//642 643//643 
f 643//643 642//642 996//996 
f 991//991 643//643 996//996 
f 1514//1514 991//991 996//996 
f 1514//1514 996//996 1519//1519 
f 1519//1519 721//721 1514//1514 
f 721//721 1519//1519 715//715 
f 717//717 721//721 715//715 
f 715//715 716//716 717//717 
f 717//717 716//716 962//962 
f 957//957 717//717 962//962 
f 1549//1549 957//957 962//962 
f 1549//1549 962//962 1554//1554 
f 1554//1554 795//795 1549//1549 
f 795//795 1554//1554 789//789 
f 791//791 795//795 789//789 
f 789//789 790//790 791//791 
f 791//791 790//790 927//927 
f 922//922 791//791 927//927 
f 1583//1583 922//922 927//927 
f 1583//1583 927//927 1588//1588 
f 1588//1588 859//859 1583//1583 
f 859//859 1588//1588 853//853 
f 855//855 859//859 853//853 
f 853//853 854//854 855//855 
f 1587//1587 852//852 853//853 
f 1588//1588 1587//1587 853//853 
f 926//926 1587//1587 1588//1588 
f 927//927 926//926 1588//1588 
f 790//790 926//926 927//927 
f 926//926 790//790 787//787 
f 787//787 925//925 926//926 
f 925//925 1587//1587 926//926 
f 1587//1587 925//925 1586//1586 
f 1587//1587 1586//1586 852//852 
f 852//852 1586//1586 851//851 
f 839//839 845//845 1589//1589 
f 1589//1589 1593//1593 839//839 
f 1593//1593 840//840 839//839 
f 840//840 1594//1594 841//841 
f 1594//1594 1592//1592 841//841 
f 837//837 841//841 1592//1592 
f 1592//1592 1597//1597 837//837 
f 838//838 837//837 1597//1597 
f 1597//1597 1596//1596 838//838 
f 1596//1596 846//846 838//838 
f 1601//1601 939//939 1602//1602 
f 1601//1601 941//941 939//939 
f 1601//1601 1598//1598 941//941 
f 941//941 1598//1598 940//940 
f 940//940 774//774 941//941 
f 775//775 774//774 940//940 
f 775//775 940//940 936//936 
f 775//775 936//936 809//809 
f 809//809 776//776 775//775 
f 774//774 775//775 776//776 
f 811//811 774//774 776//776 
f 811//811 776//776 1564//1564 
f 1564//1564 1568//1568 811//811 
f 1565//1565 1564//1564 776//776 
f 776//776 773//773 1565//1565 
f 773//773 1566//1566 1565//1565 
f 1565//1565 1566//1566 971//971 
f 975//975 1565//1565 971//971 
f 1564//1564 1565//1565 975//975 
f 971//971 1566//1566 972//972 
f 971//971 972//972 735//735 
f 735//735 972//972 697//697 
f 735//735 697//697 699//699 
f 702//702 735//735 699//699 
f 702//702 699//699 1530//1530 
f 1530//1530 1529//1529 702//702 
f 1529//1529 1530//1530 1009//1009 
f 1009//1009 1530//1530 1005//1005 
f 1530//1530 1531//1531 1005//1005 
f 1005//1005 1531//1531 1006//1006 
f 1005//1005 1006//1006 661//661 
f 661//661 1006//1006 623//623 
f 661//661 623//623 625//625 
f 628//628 661//661 625//625 
f 628//628 625//625 1496//1496 
f 1496//1496 1495//1495 628//628 
f 1495//1495 1496//1496 1043//1043 
f 1043//1043 1496//1496 1039//1039 
f 1496//1496 1497//1497 1039//1039 
f 1039//1039 1497//1497 1040//1040 
f 1039//1039 1040//1040 587//587 
f 587//587 1040//1040 549//549 
f 587//587 549//549 551//551 
f 554//554 587//587 551//551 
f 554//554 551//551 1462//1462 
f 1462//1462 1461//1461 554//554 
f 1461//1461 1462//1462 1078//1078 
f 1078//1078 1462//1462 1074//1074 
f 1462//1462 1463//1463 1074//1074 
f 1074//1074 1463//1463 1075//1075 
f 1074//1074 1075//1075 513//513 
f 513//513 1075//1075 475//475 
f 513//513 475//475 477//477 
f 480//480 513//513 477//477 
f 480//480 477//477 1427//1427 
f 1427//1427 1426//1426 480//480 
f 1426//1426 1427//1427 1113//1113 
f 1113//1113 1427//1427 1109//1109 
f 1427//1427 1428//1428 1109//1109 
f 1109//1109 1428//1428 1110//1110 
f 1109//1109 1110//1110 439//439 
f 439//439 1110//1110 401//401 
f 439//439 401//401 403//403 
f 406//406 439//439 403//403 
f 406//406 403//403 1392//1392 
f 1392//1392 1391//1391 406//406 
f 1391//1391 1392//1392 1148//1148 
f 1148//1148 1392//1392 1144//1144 
f 1392//1392 1393//1393 1144//1144 
f 1144//1144 1393//1393 1145//1145 
f 1144//1144 1145//1145 365//365 
f 365//365 1145//1145 327//327 
f 365//365 327//327 329//329 
f 332//332 365//365 329//329 
f 332//332 329//329 1357//1357 
f 1357//1357 1356//1356 332//332 
f 1356//1356 1357//1357 1183//1183 
f 329//329 1358//1358 1357//1357 
f 1358//1358 329//329 328//328 
f 328//328 1353//1353 1358//1358 
f 328//328 363//363 1353//1353 
f 1354//1354 1353//1353 363//363 
f 1354//1354 363//363 337//337 
f 1354//1354 337//337 321//321 
f 1355//1355 1354//1354 321//321 
f 321//321 320//320 1355//1355 
f 1350//1350 1355//1355 320//320 
f 320//320 326//326 1350//1350 
f 325//325 326//326 320//320 
f 319//319 325//325 320//320 
f 319//319 320//320 321//321 
f 321//321 336//336 319//319 
f 319//319 336//336 1143//1143 
f 319//319 1143//1143 1139//1139 
f 1139//1139 325//325 319//319 
f 1139//1139 1140//1140 325//325 
f 325//325 1140//1140 324//324 
f 325//325 324//324 326//326 
f 1140//1140 1141//1141 324//324 
f 1141//1141 333//333 324//324 
f 1141//1141 1136//1136 333//333 
f 1141//1141 1382//1382 1136//1136 
f 1382//1382 1383//1383 1136//1136 
f 408//408 1383//1383 1382//1382 
f 396//396 408//408 1382//1382 
f 1382//1382 1386//1386 396//396 
f 1386//1386 397//397 396//396 
f 396//396 397//397 398//398 
f 396//396 398//398 407//407 
f 396//396 407//407 408//408 
f 407//407 412//412 408//408 
f 407//407 1101//1101 412//412 
f 412//412 1101//1101 1102//1102 
f 1102//1102 1101//1101 1418//1418 
f 1418//1418 1419//1419 1102//1102 
f 1102//1102 1419//1419 1103//1103 
f 1103//1103 1419//1419 1414//1414 
f 490//490 1414//1414 1419//1419 
f 1419//1419 489//489 490//490 
f 488//488 490//490 489//489 
f 487//487 488//488 489//489 
f 489//489 482//482 487//487 
f 487//487 482//482 486//486 
f 486//486 1067//1067 487//487 
f 1067//1067 1068//1068 487//487 
f 487//487 1068//1068 488//488 
f 488//488 1068//1068 1063//1063 
f 491//491 488//488 1063//1063 
f 490//490 488//488 491//491 
f 491//491 492//492 490//490 
f 492//492 1414//1414 490//490 
f 1063//1063 1068//1068 1449//1449 
f 1450//1450 1063//1063 1449//1449 
f 1450//1450 1449//1449 566//566 
f 566//566 1449//1449 564//564 
f 565//565 566//566 564//564 
f 564//564 562//562 565//565 
f 565//565 562//562 1028//1028 
f 562//562 1033//1033 1028//1028 
f 1028//1028 1033//1033 1483//1483 
f 1484//1484 1028//1028 1483//1483 
f 1484//1484 1483//1483 640//640 
f 1484//1484 640//640 641//641 
f 640//640 639//639 641//641 
f 641//641 639//639 642//642 
f 995//995 642//642 639//639 
f 639//639 994//994 995//995 
f 994//994 1518//1518 995//995 
f 995//995 1518//1518 1519//1519 
f 996//996 995//995 1519//1519 
f 642//642 995//995 996//996 
f 1519//1519 1518//1518 715//715 
f 1518//1518 714//714 715//715 
f 714//714 713//713 715//715 
f 715//715 713//713 716//716 
f 961//961 716//716 713//713 
f 713//713 960//960 961//961 
f 960//960 1553//1553 961//961 
f 961//961 1553//1553 1554//1554 
f 962//962 961//961 1554//1554 
f 716//716 961//961 962//962 
f 1554//1554 1553//1553 789//789 
f 1553//1553 788//788 789//789 
f 788//788 787//787 789//789 
f 789//789 787//787 790//790 
f 787//787 788//788 786//786 
f 786//786 784//784 787//787 
f 787//787 784//784 925//925 
f 784//784 930//930 925//925 
f 925//925 930//930 1586//1586 
f 930//930 1591//1591 1586//1586 
f 851//851 1586//1586 1591//1591 
f 1591//1591 850//850 851//851 
f 850//850 1590//1590 845//845 
f 845//845 1590//1590 1589//1589 
f 1589//1589 1590//1590 928//928 
f 933//933 1589//1589 928//928 
f 933//933 928//928 777//777 
f 933//933 777//777 768//768 
f 932//932 933//933 768//768 
f 769//769 932//932 768//768 
f 769//769 768//768 770//770 
f 769//769 770//770 764//764 
f 763//763 769//769 764//764 
f 763//763 764//764 765//765 
f 765//765 780//780 763//763 
f 763//763 780//780 935//935 
f 763//763 935//935 931//931 
f 931//931 769//769 763//763 
f 931//931 932//932 769//769 
f 931//931 1594//1594 932//932 
f 1593//1593 932//932 1594//1594 
f 840//840 1593//1593 1594//1594 
f 1593//1593 933//933 932//932 
f 1593//1593 1589//1589 933//933 
f 1594//1594 931//931 1592//1592 
f 1592//1592 931//931 935//935 
f 935//935 1597//1597 1592//1592 
f 1597//1597 935//935 934//934 
f 934//934 1596//1596 1597//1597 
f 934//934 938//938 1596//1596 
f 938//938 1595//1595 1596//1596 
f 1596//1596 1595//1595 871//871 
f 1596//1596 871//871 846//846 
f 842//842 871//871 1595//1595 
f 842//842 1595//1595 1600//1600 
f 1598//1598 1599//1599 940//940 
f 940//940 1599//1599 936//936 
f 1599//1599 1600//1600 936//936 
f 936//936 1600//1600 937//937 
f 936//936 937//937 809//809 
f 809//809 937//937 771//771 
f 809//809 771//771 773//773 
f 776//776 809//809 773//773 
f 771//771 772//772 773//773 
f 1566//1566 773//773 772//772 
f 772//772 1561//1561 1566//1566 
f 972//972 1566//1566 1561//1561 
f 973//973 972//972 1561//1561 
f 973//973 1561//1561 1562//1562 
f 969//969 973//973 1562//1562 
f 969//969 1562//1562 1563//1563 
f 1563//1563 970//970 969//969 
f 969//969 970//970 706//706 
f 706//706 705//705 969//969 
f 705//705 734//734 969//969 
f 734//734 973//973 969//969 
f 697//697 973//973 734//734 
f 697//697 734//734 698//698 
f 697//697 698//698 699//699 
f 1531//1531 699//699 698//698 
f 698//698 1526//1526 1531//1531 
f 1006//1006 1531//1531 1526//1526 
f 1007//1007 1006//1006 1526//1526 
f 1007//1007 1526//1526 1527//1527 
f 1003//1003 1007//1007 1527//1527 
f 1003//1003 1527//1527 1528//1528 
f 1528//1528 1004//1004 1003//1003 
f 1003//1003 1004//1004 632//632 
f 632//632 631//631 1003//1003 
f 631//631 660//660 1003//1003 
f 660//660 1007//1007 1003//1003 
f 623//623 1007//1007 660//660 
f 623//623 660//660 624//624 
f 623//623 624//624 625//625 
f 1497//1497 625//625 624//624 
f 624//624 1492//1492 1497//1497 
f 1040//1040 1497//1497 1492//1492 
f 1041//1041 1040//1040 1492//1492 
f 1041//1041 1492//1492 1493//1493 
f 1037//1037 1041//1041 1493//1493 
f 1037//1037 1493//1493 1494//1494 
f 1494//1494 1038//1038 1037//1037 
f 1037//1037 1038//1038 558//558 
f 558//558 557//557 1037//1037 
f 557//557 586//586 1037//1037 
f 586//586 1041//1041 1037//1037 
f 549//549 1041//1041 586//586 
f 549//549 586//586 550//550 
f 549//549 550//550 551//551 
f 1463//1463 551//551 550//550 
f 550//550 1458//1458 1463//1463 
f 1075//1075 1463//1463 1458//1458 
f 1076//1076 1075//1075 1458//1458 
f 1076//1076 1458//1458 1459//1459 
f 1072//1072 1076//1076 1459//1459 
f 1072//1072 1459//1459 1460//1460 
f 1460//1460 1073//1073 1072//1072 
f 1072//1072 1073//1073 484//484 
f 484//484 483//483 1072//1072 
f 483//483 512//512 1072//1072 
f 512//512 1076//1076 1072//1072 
f 475//475 1076//1076 512//512 
f 475//475 512//512 476//476 
f 475//475 476//476 477//477 
f 1428//1428 477//477 476//476 
f 476//476 1423//1423 1428//1428 
f 1110//1110 1428//1428 1423//1423 
f 1111//1111 1110//1110 1423//1423 
f 1111//1111 1423//1423 1424//1424 
f 1107//1107 1111//1111 1424//1424 
f 1107//1107 1424//1424 1425//1425 
f 1425//1425 1108//1108 1107//1107 
f 1107//1107 1108//1108 410//410 
f 410//410 409//409 1107//1107 
f 409//409 438//438 1107//1107 
f 438//438 1111//1111 1107//1107 
f 401//401 1111//1111 438//438 
f 401//401 438//438 402//402 
f 401//401 402//402 403//403 
f 1393//1393 403//403 402//402 
f 402//402 1388//1388 1393//1393 
f 1145//1145 1393//1393 1388//1388 
f 1146//1146 1145//1145 1388//1388 
f 1146//1146 1388//1388 1389//1389 
f 1142//1142 1146//1146 1389//1389 
f 1142//1142 1389//1389 1390//1390 
f 1390//1390 1143//1143 1142//1142 
f 1142//1142 1143//1143 336//336 
f 336//336 335//335 1142//1142 
f 335//335 364//364 1142//1142 
f 364//364 1146//1146 1142//1142 
f 327//327 1146//1146 364//364 
f 327//327 364//364 328//328 
f 327//327 328//328 329//329 
f 328//328 364//364 363//363 
f 335//335 363//363 364//364 
f 337//337 363//363 335//335 
f 335//335 336//336 337//337 
f 336//336 321//321 337//337 
f 1145//1145 1146//1146 327//327 
f 1143//1143 1390//1390 1385//1385 
f 1385//1385 1139//1139 1143//1143 
f 1387//1387 1139//1139 1385//1385 
f 1387//1387 1385//1385 400//400 
f 397//397 1387//1387 400//400 
f 400//400 398//398 397//397 
f 399//399 398//398 400//400 
f 399//399 400//400 394//394 
f 393//393 399//399 394//394 
f 393//393 394//394 395//395 
f 395//395 410//410 393//393 
f 393//393 410//410 1108//1108 
f 393//393 1108//1108 1104//1104 
f 1104//1104 399//399 393//393 
f 1104//1104 1105//1105 399//399 
f 399//399 1105//1105 398//398 
f 1105//1105 1106//1106 398//398 
f 1106//1106 407//407 398//398 
f 1106//1106 1101//1101 407//407 
f 1106//1106 1417//1417 1101//1101 
f 1417//1417 1418//1418 1101//1101 
f 482//482 1418//1418 1417//1417 
f 470//470 482//482 1417//1417 
f 1417//1417 1421//1421 470//470 
f 1421//1421 471//471 470//470 
f 470//470 471//471 472//472 
f 470//470 472//472 481//481 
f 470//470 481//481 482//482 
f 481//481 486//486 482//482 
f 481//481 1066//1066 486//486 
f 486//486 1066//1066 1067//1067 
f 1067//1067 1066//1066 1453//1453 
f 1453//1453 1454//1454 1067//1067 
f 1067//1067 1454//1454 1068//1068 
f 1068//1068 1454//1454 1449//1449 
f 564//564 1449//1449 1454//1454 
f 1454//1454 563//563 564//564 
f 562//562 564//564 563//563 
f 561//561 562//562 563//563 
f 563//563 556//556 561//561 
f 561//561 556//556 560//560 
f 560//560 1032//1032 561//561 
f 1032//1032 1033//1033 561//561 
f 561//561 1033//1033 562//562 
f 1032//1032 1488//1488 1033//1033 
f 1033//1033 1488//1488 1483//1483 
f 638//638 1483//1483 1488//1488 
f 1488//1488 637//637 638//638 
f 636//636 638//638 637//637 
f 635//635 636//636 637//637 
f 637//637 630//630 635//635 
f 635//635 630//630 634//634 
f 634//634 998//998 635//635 
f 998//998 999//999 635//635 
f 635//635 999//999 636//636 
f 636//636 999//999 994//994 
f 639//639 636//636 994//994 
f 638//638 636//636 639//639 
f 639//639 640//640 638//638 
f 640//640 1483//1483 638//638 
f 994//994 999//999 1517//1517 
f 1518//1518 994//994 1517//1517 
f 1518//1518 1517//1517 714//714 
f 714//714 1517//1517 712//712 
f 713//713 714//714 712//712 
f 712//712 710//710 713//713 
f 713//713 710//710 960//960 
f 710//710 965//965 960//960 
f 960//960 965//965 1552//1552 
f 1553//1553 960//960 1552//1552 
f 1553//1553 1552//1552 788//788 
f 788//788 1552//1552 786//786 
f 786//786 1552//1552 1557//1557 
f 1557//1557 785//785 786//786 
f 784//784 786//786 785//785 
f 783//783 784//784 785//785 
f 785//785 778//778 783//783 
f 783//783 778//778 782//782 
f 782//782 929//929 783//783 
f 929//929 930//930 783//783 
f 783//783 930//930 784//784 
f 929//929 1591//1591 930//930 
f 1590//1590 1591//1591 929//929 
f 929//929 928//928 1590//1590 
f 782//782 928//928 929//929 
f 777//777 928//928 782//782 
f 777//777 782//782 778//778 
f 766//766 777//777 778//778 
f 766//766 778//778 1555//1555 
f 1555//1555 1559//1559 766//766 
f 1559//1559 767//767 766//766 
f 766//766 767//767 768//768 
f 766//766 768//768 777//777 
f 770//770 768//768 767//767 
f 767//767 1560//1560 770//770 
f 1560//1560 1558//1558 770//770 
f 764//764 770//770 1558//1558 
f 1558//1558 1563//1563 764//764 
f 765//765 764//764 1563//1563 
f 1563//1563 1562//1562 765//765 
f 1562//1562 781//781 765//765 
f 780//780 765//765 781//781 
f 779//779 780//780 781//781 
f 781//781 807//807 779//779 
f 779//779 807//807 808//808 
f 779//779 808//808 934//934 
f 780//780 779//779 934//934 
f 934//934 935//935 780//780 
f 808//808 938//938 934//934 
f 771//771 938//938 808//808 
f 771//771 808//808 772//772 
f 772//772 808//808 807//807 
f 772//772 807//807 1561//1561 
f 1562//1562 1561//1561 807//807 
f 1562//1562 807//807 781//781 
f 937//937 938//938 771//771 
f 938//938 937//937 1595//1595 
f 937//937 1600//1600 1595//1595 
f 970//970 1563//1563 1558//1558 
f 1558//1558 966//966 970//970 
f 689//689 970//970 966//966 
f 966//966 695//695 689//689 
f 689//689 695//695 690//690 
f 689//689 690//690 691//691 
f 691//691 706//706 689//689 
f 689//689 706//706 970//970 
f 706//706 691//691 707//707 
f 705//705 706//706 707//707 
f 707//707 733//733 705//705 
f 705//705 733//733 734//734 
f 698//698 734//734 733//733 
f 698//698 733//733 1526//1526 
f 1527//1527 1526//1526 733//733 
f 1527//1527 733//733 707//707 
f 1527//1527 707//707 691//691 
f 1528//1528 1527//1527 691//691 
f 691//691 690//690 1528//1528 
f 1523//1523 1528//1528 690//690 
f 690//690 696//696 1523//1523 
f 1525//1525 1523//1523 696//696 
f 693//693 1525//1525 696//696 
f 696//696 694//694 693//693 
f 692//692 693//693 694//694 
f 692//692 694//694 703//703 
f 692//692 703//703 704//704 
f 692//692 704//704 1520//1520 
f 1520//1520 1524//1524 692//692 
f 1524//1524 693//693 692//692 
f 693//693 1524//1524 1525//1525 
f 1524//1524 1001//1001 1525//1525 
f 1000//1000 1525//1525 1001//1001 
f 1000//1000 1001//1001 621//621 
f 1000//1000 621//621 615//615 
f 615//615 1004//1004 1000//1000 
f 1523//1523 1000//1000 1004//1004 
f 1004//1004 1528//1528 1523//1523 
f 1525//1525 1000//1000 1523//1523 
f 615//615 632//632 1004//1004 
f 617//617 632//632 615//615 
f 615//615 616//616 617//617 
f 617//617 616//616 1494//1494 
f 1494//1494 1493//1493 617//617 
f 1493//1493 633//633 617//617 
f 632//632 617//617 633//633 
f 631//631 632//632 633//633 
f 633//633 659//659 631//631 
f 631//631 659//659 660//660 
f 624//624 660//660 659//659 
f 624//624 659//659 1492//1492 
f 1493//1493 1492//1492 659//659 
f 1493//1493 659//659 633//633 
f 1489//1489 1494//1494 616//616 
f 616//616 622//622 1489//1489 
f 1491//1491 1489//1489 622//622 
f 619//619 1491//1491 622//622 
f 622//622 620//620 619//619 
f 618//618 619//619 620//620 
f 618//618 620//620 629//629 
f 618//618 629//629 630//630 
f 618//618 630//630 1486//1486 
f 1486//1486 1490//1490 618//618 
f 1490//1490 619//619 618//618 
f 619//619 1490//1490 1491//1491 
f 1490//1490 1035//1035 1491//1491 
f 1034//1034 1491//1491 1035//1035 
f 1034//1034 1035//1035 547//547 
f 1034//1034 547//547 541//541 
f 541//541 1038//1038 1034//1034 
f 1489//1489 1034//1034 1038//1038 
f 1038//1038 1494//1494 1489//1489 
f 1491//1491 1034//1034 1489//1489 
f 541//541 558//558 1038//1038 
f 543//543 558//558 541//541 
f 541//541 542//542 543//543 
f 543//543 542//542 1460//1460 
f 1460//1460 1459//1459 543//543 
f 1459//1459 559//559 543//543 
f 558//558 543//543 559//559 
f 557//557 558//558 559//559 
f 559//559 585//585 557//557 
f 557//557 585//585 586//586 
f 550//550 586//586 585//585 
f 550//550 585//585 1458//1458 
f 1459//1459 1458//1458 585//585 
f 1459//1459 585//585 559//559 
f 1455//1455 1460//1460 542//542 
f 542//542 548//548 1455//1455 
f 1457//1457 1455//1455 548//548 
f 545//545 1457//1457 548//548 
f 548//548 546//546 545//545 
f 544//544 545//545 546//546 
f 544//544 546//546 555//555 
f 544//544 555//555 556//556 
f 544//544 556//556 1452//1452 
f 1452//1452 1456//1456 544//544 
f 1456//1456 545//545 544//544 
f 545//545 1456//1456 1457//1457 
f 1456//1456 1070//1070 1457//1457 
f 1069//1069 1457//1457 1070//1070 
f 1069//1069 1070//1070 473//473 
f 1069//1069 473//473 467//467 
f 467//467 1073//1073 1069//1069 
f 1455//1455 1069//1069 1073//1073 
f 1073//1073 1460//1460 1455//1455 
f 1457//1457 1069//1069 1455//1455 
f 467//467 484//484 1073//1073 
f 469//469 484//484 467//467 
f 467//467 468//468 469//469 
f 469//469 468//468 1425//1425 
f 1425//1425 1424//1424 469//469 
f 1424//1424 485//485 469//469 
f 484//484 469//469 485//485 
f 483//483 484//484 485//485 
f 485//485 511//511 483//483 
f 483//483 511//511 512//512 
f 476//476 512//512 511//511 
f 476//476 511//511 1423//1423 
f 1424//1424 1423//1423 511//511 
f 1424//1424 511//511 485//485 
f 1420//1420 1425//1425 468//468 
f 468//468 474//474 1420//1420 
f 1422//1422 1420//1420 474//474 
f 471//471 1422//1422 474//474 
f 474//474 472//472 471//471 
f 473//473 472//472 474//474 
f 473//473 474//474 468//468 
f 467//467 473//473 468//468 
f 473//473 1070//1070 472//472 
f 1070//1070 1071//1071 472//472 
f 1071//1071 481//481 472//472 
f 1071//1071 1066//1066 481//481 
f 1071//1071 1452//1452 1066//1066 
f 1452//1452 1453//1453 1066//1066 
f 556//556 1453//1453 1452//1452 
f 563//563 1453//1453 556//556 
f 1453//1453 563//563 1454//1454 
f 1456//1456 1452//1452 1071//1071 
f 1456//1456 1071//1071 1070//1070 
f 471//471 1421//1421 1422//1422 
f 1421//1421 1105//1105 1422//1422 
f 1104//1104 1422//1422 1105//1105 
f 1422//1422 1104//1104 1420//1420 
f 1420//1420 1104//1104 1108//1108 
f 1108//1108 1425//1425 1420//1420 
f 1421//1421 1106//1106 1105//1105 
f 1421//1421 1417//1417 1106//1106 
f 555//555 560//560 556//556 
f 555//555 1031//1031 560//560 
f 560//560 1031//1031 1032//1032 
f 1032//1032 1031//1031 1487//1487 
f 1487//1487 1488//1488 1032//1032 
f 1487//1487 637//637 1488//1488 
f 637//637 1487//1487 630//630 
f 630//630 1487//1487 1486//1486 
f 1486//1486 1487//1487 1031//1031 
f 1036//1036 1486//1486 1031//1031 
f 1036//1036 1031//1031 555//555 
f 1036//1036 555//555 546//546 
f 1035//1035 1036//1036 546//546 
f 547//547 1035//1035 546//546 
f 547//547 546//546 548//548 
f 547//547 548//548 542//542 
f 541//541 547//547 542//542 
f 1490//1490 1036//1036 1035//1035 
f 1490//1490 1486//1486 1036//1036 
f 629//629 634//634 630//630 
f 629//629 997//997 634//634 
f 634//634 997//997 998//998 
f 998//998 997//997 1521//1521 
f 1521//1521 1522//1522 998//998 
f 998//998 1522//1522 999//999 
f 999//999 1522//1522 1517//1517 
f 712//712 1517//1517 1522//1522 
f 1522//1522 711//711 712//712 
f 710//710 712//712 711//711 
f 709//709 710//710 711//711 
f 711//711 704//704 709//709 
f 709//709 704//704 708//708 
f 708//708 964//964 709//709 
f 964//964 965//965 709//709 
f 709//709 965//965 710//710 
f 964//964 1557//1557 965//965 
f 965//965 1557//1557 1552//1552 
f 1556//1556 1557//1557 964//964 
f 964//964 963//963 1556//1556 
f 1555//1555 1556//1556 963//963 
f 968//968 1555//1555 963//963 
f 968//968 963//963 703//703 
f 968//968 703//703 694//694 
f 967//967 968//968 694//694 
f 695//695 967//967 694//694 
f 695//695 694//694 696//696 
f 695//695 696//696 690//690 
f 966//966 967//967 695//695 
f 966//966 1560//1560 967//967 
f 1559//1559 967//967 1560//1560 
f 767//767 1559//1559 1560//1560 
f 1559//1559 968//968 967//967 
f 1559//1559 1555//1555 968//968 
f 1560//1560 966//966 1558//1558 
f 703//703 963//963 708//708 
f 703//703 708//708 704//704 
f 708//708 963//963 964//964 
f 778//778 1556//1556 1555//1555 
f 785//785 1556//1556 778//778 
f 1556//1556 785//785 1557//1557 
f 711//711 1521//1521 704//704 
f 704//704 1521//1521 1520//1520 
f 1520//1520 1521//1521 997//997 
f 1002//1002 1520//1520 997//997 
f 1002//1002 997//997 629//629 
f 1002//1002 629//629 620//620 
f 1001//1001 1002//1002 620//620 
f 621//621 1001//1001 620//620 
f 621//621 620//620 622//622 
f 621//621 622//622 616//616 
f 615//615 621//621 616//616 
f 1524//1524 1002//1002 1001//1001 
f 1524//1524 1520//1520 1002//1002 
f 1521//1521 711//711 1522//1522 
f 1590//1590 850//850 1591//1591 
f 489//489 1418//1418 482//482 
f 1418//1418 489//489 1419//1419 
f 410//410 395//395 411//411 
f 409//409 410//410 411//411 
f 411//411 437//437 409//409 
f 409//409 437//437 438//438 
f 402//402 438//438 437//437 
f 402//402 437//437 1388//1388 
f 1389//1389 1388//1388 437//437 
f 1389//1389 437//437 411//411 
f 1389//1389 411//411 395//395 
f 1390//1390 1389//1389 395//395 
f 395//395 394//394 1390//1390 
f 1385//1385 1390//1390 394//394 
f 394//394 400//400 1385//1385 
f 397//397 1386//1386 1387//1387 
f 1386//1386 1140//1140 1387//1387 
f 1139//1139 1387//1387 1140//1140 
f 1386//1386 1141//1141 1140//1140 
f 1386//1386 1382//1382 1141//1141 
f 403//403 1393//1393 1392//1392 
f 1110//1110 1111//1111 401//401 
f 477//477 1428//1428 1427//1427 
f 1075//1075 1076//1076 475//475 
f 551//551 1463//1463 1462//1462 
f 1040//1040 1041//1041 549//549 
f 625//625 1497//1497 1496//1496 
f 1006//1006 1007//1007 623//623 
f 699//699 1531//1531 1530//1530 
f 972//972 973//973 697//697 
f 415//415 1383//1383 408//408 
f 1383//1383 415//415 1384//1384 
f 922//922 798//798 791//791 
f 798//798 795//795 791//791 
f 957//957 724//724 717//717 
f 724//724 721//721 717//717 
f 991//991 650//650 643//643 
f 650//650 647//647 643//643 
f 649//649 647//647 650//650 
f 863//863 1585//1585 861//861 
f 1584//1584 1585//1585 863//863 
f 864//864 1584//1584 863//863 
f 1584//1584 924//924 1585//1585 
f 796//796 799//799 797//797 
f 799//799 1551//1551 797//797 
f 1550//1550 1551//1551 799//799 
f 800//800 1550//1550 799//799 
f 800//800 799//799 796//796 
f 800//800 796//796 801//801 
f 1550//1550 959//959 1551//1551 
f 722//722 725//725 723//723 
f 725//725 1516//1516 723//723 
f 1515//1515 1516//1516 725//725 
f 726//726 1515//1515 725//725 
f 726//726 725//725 722//722 
f 726//726 722//722 727//727 
f 1515//1515 993//993 1516//1516 
f 651//651 1482//1482 649//649 
f 1060//1060 502//502 495//495 
f 502//502 499//499 495//495 
f 501//501 499//499 502//502 
f 1215//1215 1216//1216 179//179 
f 217//217 1215//1215 179//179 
f 1214//1214 1215//1215 217//217 
f 1214//1214 1323//1323 1215//1215 
f 503//503 1413//1413 501//501 
f 267//267 1313//1313 260//260 
f 260//260 1313//1313 1312//1312 
f 1313//1313 267//267 1314//1314 
f 190//190 1206//1206 1207//1207 
f 1279//1279 222//222 220//220 
f 220//220 1268//1268 1279//1279 
f 1274//1274 222//222 1279//1279 
f 222//222 1274//1274 225//225 
f 224//224 222//222 225//225 
f 224//224 225//225 227//227 
f 227//227 1220//1220 224//224 
f 1220//1220 227//227 1221//1221 
f 1220//1220 1221//1221 1328//1328 
f 1221//1221 1327//1327 1328//1328 
f 1327//1327 299//299 1328//1328 
f 296//296 1328//1328 299//299 
f 298//298 296//296 299//299 
f 298//298 299//299 301//301 
f 301//301 1185//1185 298//298 
f 1185//1185 301//301 1186//1186 
f 1185//1185 1186//1186 1363//1363 
f 1186//1186 1362//1362 1363//1363 
f 1362//1362 373//373 1363//1363 
f 370//370 1363//1363 373//373 
f 372//372 370//370 373//373 
f 372//372 373//373 375//375 
f 375//375 1150//1150 372//372 
f 1150//1150 375//375 1151//1151 
f 1150//1150 1151//1151 1398//1398 
f 1151//1151 1397//1397 1398//1398 
f 1397//1397 447//447 1398//1398 
f 444//444 1398//1398 447//447 
f 446//446 444//444 447//447 
f 446//446 447//447 449//449 
f 449//449 1115//1115 446//446 
f 1115//1115 449//449 1116//1116 
f 1115//1115 1116//1116 1433//1433 
f 1116//1116 1432//1432 1433//1433 
f 1432//1432 521//521 1433//1433 
f 518//518 1433//1433 521//521 
f 520//520 518//518 521//521 
f 520//520 521//521 523//523 
f 523//523 1080//1080 520//520 
f 1080//1080 523//523 1081//1081 
f 1080//1080 1081//1081 1468//1468 
f 1081//1081 1467//1467 1468//1468 
f 1467//1467 595//595 1468//1468 
f 592//592 1468//1468 595//595 
f 594//594 592//592 595//595 
f 594//594 595//595 597//597 
f 597//597 1045//1045 594//594 
f 1045//1045 597//597 1046//1046 
f 1045//1045 1046//1046 1502//1502 
f 1046//1046 1501//1501 1502//1502 
f 1501//1501 669//669 1502//1502 
f 666//666 1502//1502 669//669 
f 668//668 666//666 669//669 
f 668//668 669//669 671//671 
f 671//671 1011//1011 668//668 
f 1011//1011 671//671 1012//1012 
f 1011//1011 1012//1012 1536//1536 
f 1012//1012 1535//1535 1536//1536 
f 1535//1535 743//743 1536//1536 
f 740//740 1536//1536 743//743 
f 742//742 740//740 743//743 
f 742//742 743//743 745//745 
f 745//745 977//977 742//742 
f 977//977 745//745 978//978 
f 745//745 744//744 978//978 
f 980//980 978//978 744//744 
f 980//980 744//744 748//748 
f 748//748 981//981 980//980 
f 981//981 1572//1572 980//980 
f 1570//1570 980//980 1572//1572 
f 1572//1572 820//820 1570//1570 
f 820//820 1572//1572 821//821 
f 1572//1572 1573//1573 821//821 
f 823//823 821//821 1573//1573 
f 823//823 1573//1573 1574//1574 
f 1574//1574 824//824 823//823 
f 824//824 825//825 823//823 
f 822//822 823//823 825//825 
f 825//825 946//946 822//822 
f 822//822 821//821 823//823 
f 826//826 825//825 824//824 
f 1575//1575 824//824 1574//1574 
f 1574//1574 983//983 1575//1575 
f 1574//1574 982//982 983//983 
f 983//983 982//982 752//752 
f 751//751 752//752 982//982 
f 981//981 751//751 982//982 
f 981//981 982//982 1573//1573 
f 1573//1573 1572//1572 981//981 
f 982//982 1574//1574 1573//1573 
f 751//751 981//981 748//748 
f 748//748 749//749 751//751 
f 750//750 751//751 749//749 
f 1539//1539 750//750 749//749 
f 749//749 1538//1538 1539//1539 
f 1016//1016 1539//1539 1538//1538 
f 1015//1015 1016//1016 1538//1538 
f 1538//1538 1537//1537 1015//1015 
f 1015//1015 1537//1537 1014//1014 
f 674//674 1015//1015 1014//1014 
f 1014//1014 670//670 674//674 
f 673//673 674//674 670//670 
f 672//672 673//673 670//670 
f 672//672 670//670 669//669 
f 1501//1501 672//672 669//669 
f 1503//1503 672//672 1501//1501 
f 1501//1501 1048//1048 1503//1503 
f 1049//1049 1503//1503 1048//1048 
f 600//600 1049//1049 1048//1048 
f 1048//1048 596//596 600//600 
f 599//599 600//600 596//596 
f 598//598 599//599 596//596 
f 598//598 596//596 595//595 
f 1467//1467 598//598 595//595 
f 1469//1469 598//598 1467//1467 
f 1467//1467 1083//1083 1469//1469 
f 1084//1084 1469//1469 1083//1083 
f 526//526 1084//1084 1083//1083 
f 1083//1083 522//522 526//526 
f 525//525 526//526 522//522 
f 524//524 525//525 522//522 
f 524//524 522//522 521//521 
f 1432//1432 524//524 521//521 
f 1434//1434 524//524 1432//1432 
f 1432//1432 1118//1118 1434//1434 
f 1119//1119 1434//1434 1118//1118 
f 452//452 1119//1119 1118//1118 
f 1118//1118 448//448 452//452 
f 451//451 452//452 448//448 
f 450//450 451//451 448//448 
f 450//450 448//448 447//447 
f 1397//1397 450//450 447//447 
f 1399//1399 450//450 1397//1397 
f 1397//1397 1153//1153 1399//1399 
f 1154//1154 1399//1399 1153//1153 
f 378//378 1154//1154 1153//1153 
f 1153//1153 374//374 378//378 
f 377//377 378//378 374//374 
f 376//376 377//377 374//374 
f 376//376 374//374 373//373 
f 1362//1362 376//376 373//373 
f 1364//1364 376//376 1362//1362 
f 1362//1362 1188//1188 1364//1364 
f 1189//1189 1364//1364 1188//1188 
f 304//304 1189//1189 1188//1188 
f 1188//1188 300//300 304//304 
f 303//303 304//304 300//300 
f 302//302 303//303 300//300 
f 302//302 300//300 299//299 
f 1327//1327 302//302 299//299 
f 1329//1329 302//302 1327//1327 
f 1327//1327 1223//1223 1329//1329 
f 1224//1224 1329//1329 1223//1223 
f 230//230 1224//1224 1223//1223 
f 1223//1223 226//226 230//230 
f 229//229 230//230 226//226 
f 228//228 229//229 226//226 
f 228//228 226//226 225//225 
f 1276//1276 228//228 225//225 
f 1276//1276 225//225 1274//1274 
f 1274//1274 1275//1275 1276//1276 
f 1275//1275 1281//1281 1276//1276 
f 1280//1280 1276//1276 1281//1281 
f 1280//1280 1281//1281 1282//1282 
f 1282//1282 1283//1283 1280//1280 
f 1280//1280 1283//1283 229//229 
f 228//228 1280//1280 229//229 
f 1280//1280 228//228 1276//1276 
f 231//231 229//229 1283//1283 
f 231//231 1283//1283 1285//1285 
f 1285//1285 232//232 231//231 
f 232//232 233//233 231//231 
f 230//230 231//231 233//233 
f 233//233 1224//1224 230//230 
f 1224//1224 233//233 1225//1225 
f 1224//1224 1225//1225 1330//1330 
f 1330//1330 1329//1329 1224//1224 
f 1329//1329 1330//1330 303//303 
f 302//302 1329//1329 303//303 
f 305//305 303//303 1330//1330 
f 305//305 1330//1330 1331//1331 
f 1331//1331 306//306 305//305 
f 306//306 307//307 305//305 
f 304//304 305//305 307//307 
f 307//307 1189//1189 304//304 
f 1189//1189 307//307 1190//1190 
f 1189//1189 1190//1190 1365//1365 
f 1365//1365 1364//1364 1189//1189 
f 1364//1364 1365//1365 377//377 
f 376//376 1364//1364 377//377 
f 379//379 377//377 1365//1365 
f 379//379 1365//1365 1366//1366 
f 1366//1366 380//380 379//379 
f 380//380 381//381 379//379 
f 378//378 379//379 381//381 
f 381//381 1154//1154 378//378 
f 1154//1154 381//381 1155//1155 
f 1154//1154 1155//1155 1400//1400 
f 1400//1400 1399//1399 1154//1154 
f 1399//1399 1400//1400 451//451 
f 450//450 1399//1399 451//451 
f 453//453 451//451 1400//1400 
f 453//453 1400//1400 1401//1401 
f 1401//1401 454//454 453//453 
f 454//454 455//455 453//453 
f 452//452 453//453 455//455 
f 455//455 1119//1119 452//452 
f 1119//1119 455//455 1120//1120 
f 1119//1119 1120//1120 1435//1435 
f 1435//1435 1434//1434 1119//1119 
f 1434//1434 1435//1435 525//525 
f 524//524 1434//1434 525//525 
f 527//527 525//525 1435//1435 
f 527//527 1435//1435 1436//1436 
f 1436//1436 528//528 527//527 
f 528//528 529//529 527//527 
f 526//526 527//527 529//529 
f 529//529 1084//1084 526//526 
f 1084//1084 529//529 1085//1085 
f 1084//1084 1085//1085 1470//1470 
f 1470//1470 1469//1469 1084//1084 
f 1469//1469 1470//1470 599//599 
f 598//598 1469//1469 599//599 
f 601//601 599//599 1470//1470 
f 601//601 1470//1470 1471//1471 
f 1471//1471 602//602 601//601 
f 602//602 603//603 601//601 
f 600//600 601//601 603//603 
f 603//603 1049//1049 600//600 
f 1049//1049 603//603 1050//1050 
f 1049//1049 1050//1050 1504//1504 
f 1504//1504 1503//1503 1049//1049 
f 1503//1503 1504//1504 673//673 
f 672//672 1503//1503 673//673 
f 675//675 673//673 1504//1504 
f 675//675 1504//1504 1505//1505 
f 1505//1505 676//676 675//675 
f 676//676 677//677 675//675 
f 674//674 675//675 677//677 
f 677//677 1015//1015 674//674 
f 1015//1015 677//677 1016//1016 
f 677//677 678//678 1016//1016 
f 1017//1017 1016//1016 678//678 
f 1539//1539 1016//1016 1017//1017 
f 1539//1539 1017//1017 1540//1540 
f 1540//1540 750//750 1539//1539 
f 750//750 1540//1540 755//755 
f 1540//1540 1541//1541 755//755 
f 757//757 755//755 1541//1541 
f 678//678 677//677 676//676 
f 674//674 673//673 675//675 
f 1506//1506 676//676 1505//1505 
f 1505//1505 1051//1051 1506//1506 
f 1505//1505 1050//1050 1051//1051 
f 1051//1051 1050//1050 604//604 
f 603//603 604//604 1050//1050 
f 604//604 603//603 602//602 
f 1050//1050 1505//1505 1504//1504 
f 676//676 1506//1506 681//681 
f 1506//1506 1507//1507 681//681 
f 683//683 681//681 1507//1507 
f 600//600 599//599 601//601 
f 1472//1472 602//602 1471//1471 
f 1471//1471 1086//1086 1472//1472 
f 1471//1471 1085//1085 1086//1086 
f 1086//1086 1085//1085 530//530 
f 529//529 530//530 1085//1085 
f 530//530 529//529 528//528 
f 1085//1085 1471//1471 1470//1470 
f 602//602 1472//1472 607//607 
f 1472//1472 1473//1473 607//607 
f 609//609 607//607 1473//1473 
f 526//526 525//525 527//527 
f 1437//1437 528//528 1436//1436 
f 1436//1436 1121//1121 1437//1437 
f 1436//1436 1120//1120 1121//1121 
f 1121//1121 1120//1120 456//456 
f 455//455 456//456 1120//1120 
f 456//456 455//455 454//454 
f 1120//1120 1436//1436 1435//1435 
f 528//528 1437//1437 533//533 
f 1437//1437 1438//1438 533//533 
f 535//535 533//533 1438//1438 
f 452//452 451//451 453//453 
f 1402//1402 454//454 1401//1401 
f 1401//1401 1156//1156 1402//1402 
f 1401//1401 1155//1155 1156//1156 
f 1156//1156 1155//1155 382//382 
f 381//381 382//382 1155//1155 
f 382//382 381//381 380//380 
f 1155//1155 1401//1401 1400//1400 
f 454//454 1402//1402 459//459 
f 1402//1402 1403//1403 459//459 
f 461//461 459//459 1403//1403 
f 378//378 377//377 379//379 
f 1367//1367 380//380 1366//1366 
f 1366//1366 1191//1191 1367//1367 
f 1366//1366 1190//1190 1191//1191 
f 1191//1191 1190//1190 308//308 
f 307//307 308//308 1190//1190 
f 308//308 307//307 306//306 
f 1190//1190 1366//1366 1365//1365 
f 380//380 1367//1367 385//385 
f 1367//1367 1368//1368 385//385 
f 387//387 385//385 1368//1368 
f 304//304 303//303 305//305 
f 1332//1332 306//306 1331//1331 
f 1331//1331 1226//1226 1332//1332 
f 1331//1331 1225//1225 1226//1226 
f 1226//1226 1225//1225 234//234 
f 233//233 234//234 1225//1225 
f 234//234 233//233 232//232 
f 1225//1225 1331//1331 1330//1330 
f 306//306 1332//1332 311//311 
f 1332//1332 1333//1333 311//311 
f 313//313 311//311 1333//1333 
f 230//230 229//229 231//231 
f 1283//1283 1284//1284 1285//1285 
f 1284//1284 1287//1287 1285//1285 
f 1746//1746 1287//1287 1284//1284 
f 1746//1746 1284//1284 1747//1747 
f 1282//1282 1747//1747 1284//1284 
f 1284//1284 1283//1283 1282//1282 
f 1747//1747 1282//1282 1755//1755 
f 1755//1755 1660//1660 1747//1747 
f 1658//1658 1660//1660 1755//1755 
f 1755//1755 1756//1756 1658//1658 
f 1756//1756 1664//1664 1658//1658 
f 1664//1664 1756//1756 1757//1757 
f 1664//1664 1757//1757 1663//1663 
f 1275//1275 1757//1757 1756//1756 
f 1756//1756 1281//1281 1275//1275 
f 1756//1756 1755//1755 1281//1281 
f 1281//1281 1755//1755 1282//1282 
f 1658//1658 1657//1657 1660//1660 
f 1659//1659 1660//1660 1657//1657 
f 225//225 226//226 227//227 
f 227//227 226//226 1221//1221 
f 1223//1223 1221//1221 226//226 
f 1327//1327 1221//1221 1223//1223 
f 299//299 300//300 301//301 
f 301//301 300//300 1186//1186 
f 1188//1188 1186//1186 300//300 
f 1362//1362 1186//1186 1188//1188 
f 373//373 374//374 375//375 
f 375//375 374//374 1151//1151 
f 1153//1153 1151//1151 374//374 
f 1397//1397 1151//1151 1153//1153 
f 447//447 448//448 449//449 
f 449//449 448//448 1116//1116 
f 1118//1118 1116//1116 448//448 
f 1432//1432 1116//1116 1118//1118 
f 521//521 522//522 523//523 
f 523//523 522//522 1081//1081 
f 1083//1083 1081//1081 522//522 
f 1467//1467 1081//1081 1083//1083 
f 595//595 596//596 597//597 
f 597//597 596//596 1046//1046 
f 1048//1048 1046//1046 596//596 
f 1501//1501 1046//1046 1048//1048 
f 669//669 670//670 671//671 
f 671//671 670//670 1012//1012 
f 1014//1014 1012//1012 670//670 
f 1535//1535 1012//1012 1014//1014 
f 1535//1535 1014//1014 1537//1537 
f 1537//1537 746//746 1535//1535 
f 1535//1535 746//746 743//743 
f 746//746 744//744 743//743 
f 743//743 744//744 745//745 
f 746//746 747//747 744//744 
f 747//747 748//748 744//744 
f 748//748 747//747 749//749 
f 749//749 747//747 1538//1538 
f 1537//1537 1538//1538 747//747 
f 746//746 1537//1537 747//747 
f 752//752 751//751 750//750 
f 824//824 1575//1575 829//829 
f 1575//1575 1576//1576 829//829 
f 831//831 829//829 1576//1576 
f 1570//1570 978//978 980//980 
f 1241//1241 193//193 1242//1242 
f 1271//1271 1263//1263 1272//1272 
f 1271//1271 1272//1272 1273//1273 
f 1269//1269 1271//1271 1273//1273 
f 1665//1665 1759//1759 1749//1749 
f 236//236 1227//1227 235//235 
f 1227//1227 236//236 1228//1228 
f 236//236 241//241 1228//1228 
f 1229//1229 1228//1228 241//241 
f 1334//1334 1228//1228 1229//1229 
f 1334//1334 1229//1229 1335//1335 
f 1335//1335 312//312 1334//1334 
f 312//312 1335//1335 314//314 
f 312//312 314//314 315//315 
f 315//315 310//310 312//312 
f 310//310 315//315 1193//1193 
f 1192//1192 310//310 1193//1193 
f 310//310 1192//1192 309//309 
f 1194//1194 1193//1193 315//315 
f 1194//1194 315//315 316//316 
f 316//316 1195//1195 1194//1194 
f 1195//1195 1370//1370 1194//1194 
f 1369//1369 1194//1194 1370//1370 
f 1370//1370 386//386 1369//1369 
f 386//386 1370//1370 388//388 
f 386//386 388//388 389//389 
f 389//389 384//384 386//386 
f 384//384 389//389 1158//1158 
f 1157//1157 384//384 1158//1158 
f 384//384 1157//1157 383//383 
f 1159//1159 1158//1158 389//389 
f 1159//1159 389//389 390//390 
f 390//390 1160//1160 1159//1159 
f 1160//1160 1405//1405 1159//1159 
f 1404//1404 1159//1159 1405//1405 
f 1405//1405 460//460 1404//1404 
f 460//460 1405//1405 462//462 
f 460//460 462//462 463//463 
f 463//463 458//458 460//460 
f 458//458 463//463 1123//1123 
f 1122//1122 458//458 1123//1123 
f 458//458 1122//1122 457//457 
f 1124//1124 1123//1123 463//463 
f 1124//1124 463//463 464//464 
f 464//464 1125//1125 1124//1124 
f 1125//1125 1440//1440 1124//1124 
f 1439//1439 1124//1124 1440//1440 
f 1440//1440 534//534 1439//1439 
f 534//534 1440//1440 536//536 
f 534//534 536//536 537//537 
f 537//537 532//532 534//534 
f 532//532 537//537 1088//1088 
f 1087//1087 532//532 1088//1088 
f 532//532 1087//1087 531//531 
f 1089//1089 1088//1088 537//537 
f 1089//1089 537//537 538//538 
f 1474//1474 1089//1089 1475//1475 
f 1475//1475 608//608 1474//1474 
f 608//608 1475//1475 610//610 
f 608//608 610//610 611//611 
f 611//611 606//606 608//608 
f 606//606 611//611 1053//1053 
f 1052//1052 606//606 1053//1053 
f 606//606 1052//1052 605//605 
f 1054//1054 1053//1053 611//611 
f 1054//1054 611//611 612//612 
f 1508//1508 1054//1054 1509//1509 
f 1509//1509 682//682 1508//1508 
f 682//682 1509//1509 684//684 
f 682//682 684//684 685//685 
f 685//685 680//680 682//682 
f 680//680 685//685 1019//1019 
f 1018//1018 680//680 1019//1019 
f 680//680 1018//1018 679//679 
f 1020//1020 1019//1019 685//685 
f 1020//1020 685//685 686//686 
f 1542//1542 1020//1020 1543//1543 
f 1543//1543 756//756 1542//1542 
f 756//756 1543//1543 758//758 
f 756//756 758//758 759//759 
f 759//759 754//754 756//756 
f 754//754 759//759 985//985 
f 984//984 754//754 985//985 
f 754//754 984//984 753//753 
f 986//986 985//985 759//759 
f 986//986 759//759 760//760 
f 1577//1577 986//986 1578//1578 
f 1578//1578 830//830 1577//1577 
f 830//830 1578//1578 832//832 
f 830//830 832//832 833//833 
f 833//833 828//828 830//830 
f 828//828 833//833 950//950 
f 949//949 828//828 950//950 
f 828//828 949//949 827//827 
f 951//951 950//950 833//833 
f 951//951 833//833 834//834 
f 834//834 835//835 836//836 
f 834//834 832//832 835//835 
f 832//832 834//834 833//833 
f 760//760 761//761 762//762 
f 760//760 758//758 761//761 
f 686//686 687//687 688//688 
f 686//686 684//684 687//687 
f 684//684 686//686 685//685 
f 612//612 613//613 614//614 
f 612//612 610//610 613//613 
f 610//610 612//612 611//611 
f 758//758 760//760 759//759 
f 1577//1577 985//985 986//986 
f 1542//1542 1019//1019 1020//1020 
f 1508//1508 1053//1053 1054//1054 
f 1474//1474 1088//1088 1089//1089 
f 538//538 539//539 540//540 
f 539//539 536//536 1441//1441 
f 1440//1440 1441//1441 536//536 
f 1441//1441 1440//1440 1125//1125 
f 538//538 536//536 539//539 
f 536//536 538//538 537//537 
f 1439//1439 1123//1123 1124//1124 
f 466//466 1125//1125 464//464 
f 464//464 465//465 466//466 
f 466//466 465//465 1125//1125 
f 465//465 1406//1406 1125//1125 
f 465//465 462//462 1406//1406 
f 1405//1405 1406//1406 462//462 
f 1406//1406 1405//1405 1160//1160 
f 464//464 462//462 465//465 
f 462//462 464//464 463//463 
f 1404//1404 1158//1158 1159//1159 
f 392//392 1160//1160 390//390 
f 390//390 391//391 392//392 
f 392//392 391//391 1160//1160 
f 391//391 1371//1371 1160//1160 
f 391//391 388//388 1371//1371 
f 1370//1370 1371//1371 388//388 
f 1371//1371 1370//1370 1195//1195 
f 390//390 388//388 391//391 
f 388//388 390//390 389//389 
f 1369//1369 1193//1193 1194//1194 
f 318//318 1195//1195 316//316 
f 316//316 317//317 318//318 
f 318//318 317//317 1195//1195 
f 317//317 1336//1336 1195//1195 
f 317//317 314//314 1336//1336 
f 1335//1335 1336//1336 314//314 
f 316//316 314//314 317//317 
f 314//314 316//316 315//315 
f 1059//1059 507//507 510//510 
f 1337//1337 349//349 348//348 
f 348//348 1338//1338 1337//1337 
f 1161//1161 1337//1337 1338//1338 
f 1162//1162 1161//1161 1338//1338 
f 276//276 1161//1161 1162//1162 
f 276//276 1162//1162 288//288 
f 1255//1255 4756//4756 4755//4755 
f 1694//1694 1693//1693 1695//1695 
f 1693//1693 1696//1696 1695//1695 
f 1305//1305 287//287 286//286 
f 5243//5243 159//159 5329//5329 
f 5243//5243 64//64 159//159 
f 64//64 5310//5310 159//159 
f 64//64 5252//5252 5310//5310 
f 5431//5431 5387//5387 37//37 
f 5431//5431 8//8 5387//5387 
f 5175//5175 5429//5429 8//8 
f 8//8 5405//5405 5387//5387 
f 8//8 5429//5429 5405//5405 
f 5429//5429 5406//5406 5405//5405 
f 5429//5429 5430//5430 5406//5406 
f 5429//5429 5175//5175 5430//5430 
f 5199//5199 5430//5430 5175//5175 
f 5430//5430 5199//5199 5428//5428 
f 5430//5430 5359//5359 5406//5406 
f 5430//5430 5428//5428 5359//5359 
f 5428//5428 170//170 5359//5359 
f 5428//5428 5297//5297 170//170 
f 5428//5428 5254//5254 5297//5297 
f 1238//1238 1237//1237 5249//5249 
f 96//96 5319//5319 5323//5323 
f 5331//5331 5284//5284 121//121 
f 117//117 121//121 5284//5284 
f 1693//1693 121//121 117//117 
f 1696//1696 5247//5247 1688//1688 
f 1696//1696 117//117 5247//5247 
f 1693//1693 117//117 1696//1696 
f 539//539 1441//1441 5235//5235 
f 540//540 539//539 5235//5235 
f 540//540 5235//5235 538//538 
f 118//118 34//34 169//169 
f 118//118 5235//5235 34//34 
f 118//118 1475//1475 5235//5235 
f 1475//1475 118//118 610//610 
f 613//613 610//610 118//118 
f 614//614 5226//5226 612//612 
f 614//614 613//613 5226//5226 
f 613//613 118//118 5226//5226 
f 5226//5226 169//169 14//14 
f 5226//5226 118//118 169//169 
f 688//688 5234//5234 686//686 
f 688//688 687//687 5234//5234 
f 687//687 120//120 5234//5234 
f 687//687 684//684 120//120 
f 1509//1509 120//120 684//684 
f 120//120 1509//1509 5226//5226 
f 120//120 14//14 155//155 
f 120//120 5226//5226 14//14 
f 5234//5234 155//155 15//15 
f 5234//5234 120//120 155//155 
f 73//73 15//15 13//13 
f 73//73 5234//5234 15//15 
f 73//73 1543//1543 5234//5234 
f 1543//1543 73//73 758//758 
f 761//761 758//758 73//73 
f 762//762 109//109 760//760 
f 762//762 761//761 109//109 
f 761//761 73//73 109//109 
f 109//109 13//13 5347//5347 
f 109//109 73//73 13//13 
f 836//836 5229//5229 834//834 
f 836//836 835//835 5229//5229 
f 835//835 103//103 5229//5229 
f 835//835 832//832 103//103 
f 1578//1578 103//103 832//832 
f 103//103 1578//1578 109//109 
f 103//103 5347//5347 5345//5345 
f 103//103 109//109 5347//5347 
f 5229//5229 5345//5345 5346//5346 
f 5229//5229 103//103 5345//5345 
f 5216//5216 5346//5346 5264//5264 
f 5216//5216 5229//5229 5346//5346 
f 5216//5216 89//89 5229//5229 
f 75//75 950//950 951//951 
f 75//75 5295//5295 127//127 
f 75//75 89//89 5295//5295 
f 75//75 951//951 89//89 
f 5229//5229 89//89 951//951 
f 834//834 5229//5229 951//951 
f 109//109 1578//1578 986//986 
f 760//760 109//109 986//986 
f 5234//5234 1543//1543 1020//1020 
f 686//686 5234//5234 1020//1020 
f 5226//5226 1509//1509 1054//1054 
f 612//612 5226//5226 1054//1054 
f 5235//5235 1475//1475 1089//1089 
f 538//538 5235//5235 1089//1089 
f 100//100 729//729 732//732 
f 5221//5221 805//805 804//804 
f 5225//5225 867//867 870//870 
f 108//108 5233//5233 866//866 
f 5233//5233 5334//5334 5267//5267 
f 5233//5233 108//108 5334//5334 
f 108//108 57//57 5344//5344 
f 108//108 71//71 57//57 
f 108//108 5344//5344 5334//5334 
f 5207//5207 5335//5335 136//136 
f 5207//5207 5311//5311 5335//5335 
f 5207//5207 5206//5206 5311//5311 
f 84//84 5288//5288 5273//5273 
f 84//84 114//114 5288//5288 
f 4750//4750 1600//1600 1599//1599 
f 5231//5231 5343//5343 82//82 
f 842//842 5231//5231 871//871 
f 3//3 5231//5231 842//842 
f 5231//5231 5342//5342 5343//5343 
f 5231//5231 3//3 5342//5342 
f 3//3 5341//5341 5342//5342 
f 3//3 5337//5337 5341//5341 
f 5205//5205 5340//5340 6//6 
f 5205//5205 5339//5339 5340//5340 
f 5205//5205 21//21 5339//5339 
f 5205//5205 5227//5227 21//21 
f 1598//1598 1601//1601 5227//5227 
f 5227//5227 5205//5205 1598//1598 
f 1599//1599 1598//1598 5205//5205 
f 5205//5205 4750//4750 1599//1599 
f 4750//4750 6//6 5336//5336 
f 4750//4750 5205//5205 6//6 
f 5336//5336 5337//5337 4750//4750 
f 3//3 4750//4750 5337//5337 
f 3//3 842//842 4750//4750 
f 1600//1600 4750//4750 842//842 
f 850//850 845//845 114//114 
f 114//114 84//84 850//850 
f 84//84 851//851 850//850 
f 112//112 1601//1601 1602//1602 
f 112//112 5227//5227 1601//1601 
f 5227//5227 54//54 7//7 
f 5227//5227 112//112 54//54 
f 5227//5227 7//7 21//21 
f 5208//5208 83//83 141//141 
f 5208//5208 53//53 83//83 
f 5208//5208 5210//5210 53//53 
f 5210//5210 82//82 53//53 
f 5210//5210 5231//5231 82//82 
f 5210//5210 871//871 5231//5231 
f 846//846 871//871 5210//5210 
f 5210//5210 5208//5208 846//846 
f 5208//5208 838//838 846//846 
f 841//841 111//111 840//840 
f 839//839 111//111 5206//5206 
f 839//839 840//840 111//111 
f 839//839 5206//5206 845//845 
f 5206//5206 5207//5207 845//845 
f 114//114 845//845 5207//5207 
f 114//114 136//136 5275//5275 
f 114//114 5207//5207 136//136 
f 114//114 5275//5275 5288//5288 
f 84//84 5273//5273 5272//5272 
f 5232//5232 5272//5272 46//46 
f 5232//5232 84//84 5272//5272 
f 851//851 84//84 5232//5232 
f 5232//5232 852//852 851//851 
f 852//852 5232//5232 853//853 
f 853//853 5232//5232 854//854 
f 944//944 5239//5239 1602//1602 
f 102//102 130//130 134//134 
f 5239//5239 134//134 138//138 
f 5239//5239 102//102 134//134 
f 138//138 5276//5276 5239//5239 
f 113//113 5239//5239 5276//5276 
f 113//113 1602//1602 5239//5239 
f 112//112 1602//1602 113//113 
f 112//112 142//142 54//54 
f 112//112 113//113 142//142 
f 113//113 143//143 142//142 
f 113//113 5276//5276 143//143 
f 27//27 5277//5277 5321//5321 
f 27//27 5286//5286 5277//5277 
f 27//27 1//1 5286//5286 
f 1//1 5320//5320 5286//5286 
f 1//1 141//141 5320//5320 
f 1//1 5208//5208 141//141 
f 838//838 5208//5208 1//1 
f 1//1 837//837 838//838 
f 1//1 27//27 837//837 
f 27//27 841//841 837//837 
f 27//27 111//111 841//841 
f 111//111 5321//5321 23//23 
f 111//111 27//27 5321//5321 
f 111//111 23//23 28//28 
f 5206//5206 28//28 5309//5309 
f 5206//5206 111//111 28//28 
f 5206//5206 5309//5309 5311//5311 
f 72//72 81//81 135//135 
f 46//46 81//81 5232//5232 
f 72//72 5232//5232 81//81 
f 72//72 854//854 5232//5232 
f 854//854 72//72 5228//5228 
f 855//855 854//854 5228//5228 
f 5224//5224 125//125 145//145 
f 5224//5224 5228//5228 125//125 
f 5224//5224 855//855 5228//5228 
f 5224//5224 862//862 855//855 
f 947//947 5240//5240 98//98 
f 5240//5240 5266//5266 45//45 
f 98//98 45//45 63//63 
f 98//98 5240//5240 45//45 
f 98//98 63//63 41//41 
f 119//119 41//41 122//122 
f 119//119 98//98 41//41 
f 119//119 122//122 80//80 
f 105//105 80//80 132//132 
f 105//105 119//119 80//80 
f 105//105 945//945 119//119 
f 105//105 943//943 945//945 
f 5239//5239 944//944 942//942 
f 942//942 102//102 5239//5239 
f 942//942 943//943 102//102 
f 943//943 105//105 102//102 
f 102//102 131//131 130//130 
f 102//102 105//105 131//131 
f 105//105 132//132 131//131 
f 72//72 135//135 5274//5274 
f 5228//5228 5274//5274 5296//5296 
f 5228//5228 72//72 5274//5274 
f 5228//5228 5296//5296 125//125 
f 106//106 124//124 5290//5290 
f 5224//5224 145//145 5291//5291 
f 106//106 5291//5291 124//124 
f 106//106 5224//5224 5291//5291 
f 106//106 862//862 5224//5224 
f 862//862 106//106 860//860 
f 946//946 119//119 945//945 
f 98//98 119//119 946//946 
f 946//946 947//947 98//98 
f 5240//5240 947//947 948//948 
f 5240//5240 948//948 5204//5204 
f 5240//5240 5269//5269 5266//5266 
f 5240//5240 5204//5204 5269//5269 
f 5204//5204 128//128 5269//5269 
f 5204//5204 5292//5292 128//128 
f 5204//5204 5250//5250 5292//5292 
f 5250//5250 58//58 5292//5292 
f 71//71 5271//5271 57//57 
f 71//71 5290//5290 5271//5271 
f 71//71 106//106 5290//5290 
f 71//71 860//860 106//106 
f 865//865 860//860 71//71 
f 71//71 108//108 865//865 
f 108//108 866//866 865//865 
f 866//866 5233//5233 858//858 
f 858//858 5233//5233 107//107 
f 107//107 5270//5270 123//123 
f 107//107 5233//5233 5270//5270 
f 5233//5233 5267//5267 5270//5270 
f 107//107 123//123 129//129 
f 5225//5225 129//129 5265//5265 
f 5225//5225 107//107 129//129 
f 5225//5225 870//870 107//107 
f 858//858 107//107 870//870 
f 805//805 5221//5221 1546//1546 
f 954//954 1546//1546 5221//5221 
f 5221//5221 100//100 954//954 
f 100//100 732//732 954//954 
f 110//110 655//655 658//658 
f 110//110 658//658 989//989 
f 949//949 5204//5204 948//948 
f 5250//5250 5204//5204 949//949 
f 949//949 950//950 5250//5250 
f 950//950 75//75 5250//5250 
f 5250//5250 126//126 58//58 
f 5250//5250 75//75 126//126 
f 75//75 127//127 126//126 
f 89//89 5294//5294 5295//5295 
f 89//89 5268//5268 5294//5294 
f 89//89 5216//5216 5268//5268 
f 5216//5216 5293//5293 5268//5268 
f 5216//5216 146//146 5293//5293 
f 5216//5216 5264//5264 146//146 
f 5225//5225 5265//5265 144//144 
f 5230//5230 5262//5262 5261//5261 
f 5230//5230 5223//5223 5262//5262 
f 5223//5223 144//144 5262//5262 
f 5223//5223 5225//5225 144//144 
f 867//867 5225//5225 5223//5223 
f 5223//5223 868//868 867//867 
f 5223//5223 869//869 868//868 
f 869//869 5223//5223 1581//1581 
f 920//920 1581//1581 5223//5223 
f 5223//5223 5230//5230 920//920 
f 5230//5230 806//806 920//920 
f 5230//5230 803//803 806//806 
f 5221//5221 804//804 803//803 
f 803//803 5230//5230 5221//5221 
f 5221//5221 5261//5261 5260//5260 
f 5221//5221 5230//5230 5261//5261 
f 100//100 5260//5260 5263//5263 
f 100//100 5221//5221 5260//5260 
f 5236//5236 5263//5263 62//62 
f 5236//5236 100//100 5263//5263 
f 729//729 100//100 5236//5236 
f 5236//5236 730//730 729//729 
f 5236//5236 731//731 730//730 
f 731//731 5236//5236 1512//1512 
f 989//989 1512//1512 5236//5236 
f 5236//5236 110//110 989//989 
f 110//110 62//62 74//74 
f 110//110 5236//5236 62//62 
f 5238//5238 5283//5283 5318//5318 
f 5238//5238 5237//5237 5283//5283 
f 5237//5237 74//74 5283//5283 
f 5237//5237 110//110 74//74 
f 655//655 110//110 5237//5237 
f 5237//5237 656//656 655//655 
f 5237//5237 657//657 656//656 
f 657//657 5237//5237 1478//1478 
f 1023//1023 1478//1478 5237//5237 
f 5237//5237 5238//5238 1023//1023 
f 5238//5238 584//584 1023//1023 
f 5238//5238 581//581 584//584 
f 581//581 5238//5238 1445//1445 
f 5242//5242 5200//5200 5164//5164 
f 5165//5165 5242//5242 5246//5246 
f 5165//5165 5200//5200 5242//5242 
f 5165//5165 5246//5246 5195//5195 
f 5143//5143 5195//5195 5246//5246 
f 5133//5133 5143//5143 5246//5246 
f 5246//5246 5217//5217 5133//5133 
f 1722//1722 5133//5133 5217//5217 
f 1717//1717 1725//1725 5218//5218 
f 1725//1725 5217//5217 5218//5218 
f 1722//1722 5217//5217 1725//1725 
f 91//91 1711//1711 1710//1710 
f 91//91 101//101 1711//1711 
f 101//101 1706//1706 1714//1714 
f 1714//1714 1711//1711 101//101 
f 5245//5245 1704//1704 1706//1706 
f 1706//1706 101//101 5245//5245 
f 44//44 5282//5282 101//101 
f 5245//5245 101//101 5282//5282 
f 5245//5245 5282//5282 140//140 
f 140//140 5306//5306 5245//5245 
f 5244//5244 5245//5245 5306//5306 
f 5244//5244 1704//1704 5245//5245 
f 5244//5244 1707//1707 1704//1704 
f 5213//5213 1707//1707 5244//5244 
f 1699//1699 1707//1707 5213//5213 
f 61//61 5333//5333 5215//5215 
f 87//87 5215//5215 5333//5333 
f 5215//5215 60//60 61//61 
f 147//147 60//60 5213//5213 
f 5215//5215 5213//5213 60//60 
f 5215//5215 1699//1699 5213//5213 
f 1700//1700 1699//1699 5215//5215 
f 5215//5215 87//87 1700//1700 
f 1703//1703 1700//1700 87//87 
f 1686//1686 1688//1688 5214//5214 
f 1688//1688 5247//5247 5214//5214 
f 5285//5285 59//59 5247//5247 
f 5214//5214 5247//5247 59//59 
f 5214//5214 59//59 5322//5322 
f 5322//5322 5319//5319 5214//5214 
f 96//96 5214//5214 5319//5319 
f 1686//1686 5214//5214 96//96 
f 1689//1689 1686//1686 96//96 
f 1681//1681 1689//1689 5212//5212 
f 1689//1689 96//96 5212//5212 
f 5323//5323 50//50 96//96 
f 5212//5212 96//96 50//50 
f 5212//5212 50//50 5312//5312 
f 5312//5312 24//24 5212//5212 
f 88//88 5212//5212 24//24 
f 1681//1681 5212//5212 88//88 
f 1682//1682 1681//1681 88//88 
f 1682//1682 88//88 95//95 
f 1685//1685 1682//1682 95//95 
f 1685//1685 95//95 5211//5211 
f 5211//5211 1674//1674 1685//1685 
f 1643//1643 4752//4752 93//93 
f 1296//1296 1643//1643 93//93 
f 93//93 4752//4752 1670//1670 
f 79//79 5313//5313 5248//5248 
f 5222//5222 5248//5248 5313//5313 
f 5222//5222 5313//5313 5316//5316 
f 1744//1744 5219//5219 99//99 
f 1745//1745 5219//5219 1744//1744 
f 1745//1745 85//85 5219//5219 
f 1672//1672 85//85 1745//1745 
f 1672//1672 116//116 85//85 
f 1671//1671 116//116 1672//1672 
f 1671//1671 5222//5222 116//116 
f 5316//5316 42//42 5222//5222 
f 116//116 5222//5222 42//42 
f 116//116 42//42 56//56 
f 56//56 5315//5315 116//116 
f 85//85 116//116 5315//5315 
f 85//85 5315//5315 5314//5314 
f 5314//5314 43//43 85//85 
f 5219//5219 85//85 43//43 
f 5219//5219 43//43 51//51 
f 51//51 52//52 5219//5219 
f 99//99 5219//5219 52//52 
f 99//99 52//52 48//48 
f 48//48 47//47 99//99 
f 92//92 99//99 47//47 
f 92//92 47//47 5324//5324 
f 5324//5324 5326//5326 92//92 
f 5201//5201 92//92 5326//5326 
f 5201//5201 5326//5326 5327//5327 
f 86//86 33//33 5258//5258 
f 5327//5327 33//33 5201//5201 
f 86//86 5201//5201 33//33 
f 1738//1738 5201//5201 86//86 
f 5201//5201 1738//1738 1739//1739 
f 1739//1739 92//92 5201//5201 
f 1742//1742 92//92 1739//1739 
f 1742//1742 99//99 92//92 
f 1744//1744 99//99 1742//1742 
f 5249//5249 1743//1743 1741//1741 
f 5249//5249 93//93 1673//1673 
f 1743//1743 5249//5249 1673//1673 
f 1673//1673 93//93 1678//1678 
f 93//93 1679//1679 1678//1678 
f 93//93 1670//1670 1679//1679 
f 1296//1296 93//93 1295//1295 
f 1230//1230 1295//1295 93//93 
f 1230//1230 93//93 1336//1336 
f 93//93 1195//1195 1336//1336 
f 1371//1371 1195//1195 93//93 
f 1160//1160 1371//1371 93//93 
f 1406//1406 1160//1160 93//93 
f 93//93 1125//1125 1406//1406 
f 1441//1441 1125//1125 93//93 
f 5235//5235 1441//1441 93//93 
f 5235//5235 35//35 34//34 
f 5235//5235 93//93 35//35 
f 93//93 5325//5325 35//35 
f 5317//5317 5325//5325 5249//5249 
f 93//93 5249//5249 5325//5325 
f 5249//5249 5318//5318 5317//5317 
f 5249//5249 5238//5238 5318//5318 
f 5249//5249 1445//1445 5238//5238 
f 5249//5249 1059//1059 1445//1445 
f 1059//1059 5249//5249 1410//1410 
f 1410//1410 5249//5249 1094//1094 
f 5249//5249 1164//1164 1340//1340 
f 5249//5249 1340//1340 1129//1129 
f 5249//5249 1129//1129 1375//1375 
f 1094//1094 5249//5249 1375//1375 
f 1164//1164 5249//5249 1305//1305 
f 5249//5249 1199//1199 1305//1305 
f 5249//5249 1237//1237 1199//1199 
f 5166//5166 5167//5167 5251//5251 
f 5167//5167 5203//5203 5251//5251 
f 5167//5167 5171//5171 5203//5203 
f 5198//5198 9//9 5181//5181 
f 5198//5198 5161//5161 9//9 
f 5241//5241 5173//5173 5176//5176 
f 5173//5173 5241//5241 97//97 
f 97//97 5172//5172 5173//5173 
f 97//97 5174//5174 5172//5172 
f 5432//5432 5174//5174 97//97 
f 5174//5174 5432//5432 5170//5170 
f 90//90 5157//5157 5135//5135 
f 90//90 5162//5162 5157//5157 
f 5161//5161 5162//5162 90//90 
f 90//90 9//9 5161//5161 
f 9//9 5256//5256 29//29 
f 9//9 90//90 5256//5256 
f 5254//5254 29//29 5297//5297 
f 5254//5254 9//9 29//29 
f 5254//5254 5181//5181 9//9 
f 5180//5180 5181//5181 5254//5254 
f 5254//5254 5428//5428 5180//5180 
f 5428//5428 5199//5199 5180//5180 
f 5175//5175 8//8 5177//5177 
f 8//8 5431//5431 5177//5177 
f 5176//5176 5177//5177 5431//5431 
f 5431//5431 5241//5241 5176//5176 
f 5241//5241 37//37 36//36 
f 5241//5241 5431//5431 37//37 
f 97//97 36//36 40//40 
f 97//97 5241//5241 36//36 
f 97//97 40//40 5300//5300 
f 5432//5432 5300//5300 5301//5301 
f 5432//5432 97//97 5300//5300 
f 76//76 5302//5302 5305//5305 
f 76//76 104//104 5302//5302 
f 104//104 5301//5301 5302//5302 
f 104//104 5432//5432 5301//5301 
f 104//104 5170//5170 5432//5432 
f 104//104 5169//5169 5170//5170 
f 104//104 76//76 5169//5169 
f 5171//5171 5169//5169 76//76 
f 76//76 5203//5203 5171//5171 
f 5203//5203 5305//5305 49//49 
f 5203//5203 76//76 5305//5305 
f 5203//5203 49//49 5299//5299 
f 5251//5251 5299//5299 30//30 
f 5251//5251 5203//5203 5299//5299 
f 5252//5252 30//30 5310//5310 
f 5252//5252 5251//5251 30//30 
f 5166//5166 5251//5251 5252//5252 
f 5252//5252 64//64 5166//5166 
f 64//64 5168//5168 5166//5166 
f 64//64 5243//5243 5168//5168 
f 5243//5243 5164//5164 5168//5168 
f 5242//5242 5164//5164 5243//5243 
f 5242//5242 5329//5329 5328//5328 
f 5242//5242 5243//5243 5329//5329 
f 5246//5246 5328//5328 133//133 
f 5246//5246 5242//5242 5328//5328 
f 5246//5246 133//133 5289//5289 
f 5217//5217 5289//5289 5287//5287 
f 5217//5217 5246//5246 5289//5289 
f 5287//5287 137//137 5217//5217 
f 5218//5218 5217//5217 137//137 
f 5218//5218 137//137 69//69 
f 69//69 5303//5303 5218//5218 
f 5209//5209 5218//5218 5303//5303 
f 1717//1717 5218//5218 5209//5209 
f 1718//1718 1717//1717 5209//5209 
f 1718//1718 115//115 1721//1721 
f 1718//1718 5209//5209 115//115 
f 115//115 68//68 5304//5304 
f 5308//5308 68//68 5209//5209 
f 115//115 5209//5209 68//68 
f 5209//5209 5303//5303 5308//5308 
f 94//94 148//148 65//65 
f 5304//5304 148//148 115//115 
f 94//94 115//115 148//148 
f 1721//1721 115//115 94//94 
f 1710//1710 1721//1721 94//94 
f 94//94 91//91 1710//1710 
f 65//65 66//66 94//94 
f 91//91 94//94 66//66 
f 91//91 66//66 67//67 
f 67//67 5307//5307 91//91 
f 101//101 91//91 5307//5307 
f 101//101 5307//5307 44//44 
f 5244//5244 5306//5306 5298//5298 
f 5298//5298 5332//5332 5244//5244 
f 5213//5213 5244//5244 5332//5332 
f 5213//5213 5332//5332 147//147 
f 77//77 32//32 31//31 
f 87//87 5333//5333 5330//5330 
f 5330//5330 32//32 87//87 
f 77//77 87//87 32//32 
f 1703//1703 87//87 77//77 
f 1692//1692 1703//1703 77//77 
f 1692//1692 121//121 1693//1693 
f 1692//1692 77//77 121//121 
f 31//31 5281//5281 77//77 
f 121//121 77//77 5281//5281 
f 121//121 5281//5281 5331//5331 
f 117//117 5284//5284 70//70 
f 70//70 5280//5280 117//117 
f 5247//5247 117//117 5280//5280 
f 5247//5247 5280//5280 5285//5285 
f 88//88 24//24 5279//5279 
f 5279//5279 55//55 88//88 
f 95//95 88//88 55//55 
f 95//95 55//55 5278//5278 
f 5278//5278 139//139 95//95 
f 5211//5211 95//95 139//139 
f 5211//5211 139//139 78//78 
f 5220//5220 38//38 39//39 
f 78//78 38//38 5211//5211 
f 5220//5220 5211//5211 38//38 
f 1674//1674 5211//5211 5220//5220 
f 5220//5220 1675//1675 1674//1674 
f 5222//5222 1671//1671 1677//1677 
f 1677//1677 5248//5248 5222//5222 
f 1677//1677 1675//1675 5248//5248 
f 1675//1675 5220//5220 5248//5248 
f 39//39 5257//5257 5220//5220 
f 5248//5248 5220//5220 5257//5257 
f 5248//5248 5257//5257 79//79 
f 5202//5202 5259//5259 5253//5253 
f 5258//5258 5259//5259 86//86 
f 5202//5202 86//86 5259//5259 
f 5202//5202 1733//1733 1736//1736 
f 1736//1736 86//86 5202//5202 
f 1738//1738 86//86 1736//1736 
f 5249//5249 1741//1741 1239//1239 
f 1238//1238 5249//5249 1239//1239 
f 1732//1732 90//90 5135//5135 
f 1732//1732 1733//1733 90//90 
f 1733//1733 5202//5202 90//90 
f 5253//5253 5255//5255 5202//5202 
f 90//90 5202//5202 5255//5255 
f 90//90 5255//5255 5256//5256 
# mm_gid 4
g mmGroup4
f 5317//5317 123//123 52//52 
f 35//35 5294//5294 34//34 
f 34//34 5294//5294 169//169 
f 169//169 5294//5294 14//14 
f 14//14 5294//5294 155//155 
f 155//155 5294//5294 15//15 
f 15//15 5294//5294 13//13 
f 13//13 5268//5268 5347//5347 
f 5347//5347 5268//5268 5345//5345 
f 5345//5345 5268//5268 5346//5346 
f 5346//5346 5268//5268 5264//5264 
f 5264//5264 5268//5268 146//146 
f 146//146 5268//5268 5293//5293 
f 5325//5325 5315//5315 56//56 
f 13//13 5294//5294 5268//5268 
f 35//35 56//56 42//42 
f 127//127 5257//5257 126//126 
f 126//126 39//39 58//58 
f 58//58 38//38 5292//5292 
f 5292//5292 78//78 128//128 
f 128//128 139//139 5269//5269 
f 5269//5269 5278//5278 5266//5266 
f 35//35 42//42 5316//5316 
f 5294//5294 5316//5316 5313//5313 
f 5294//5294 5313//5313 5295//5295 
f 5295//5295 5313//5313 79//79 
f 127//127 79//79 5257//5257 
f 58//58 39//39 38//38 
f 5269//5269 139//139 5278//5278 
f 5266//5266 5278//5278 55//55 
f 63//63 5279//5279 24//24 
f 122//122 5312//5312 50//50 
f 122//122 50//50 5323//5323 
f 143//143 70//70 142//142 
f 122//122 5323//5323 80//80 
f 54//54 5281//5281 7//7 
f 80//80 5323//5323 132//132 
f 21//21 31//31 5339//5339 
f 131//131 5319//5319 5322//5322 
f 5340//5340 5333//5333 6//6 
f 131//131 5322//5322 130//130 
f 5336//5336 61//61 5337//5337 
f 5337//5337 60//60 5341//5341 
f 5341//5341 147//147 5342//5342 
f 5342//5342 5332//5332 5343//5343 
f 5343//5343 5298//5298 82//82 
f 82//82 5306//5306 53//53 
f 134//134 5285//5285 138//138 
f 5276//5276 5280//5280 70//70 
f 5276//5276 70//70 143//143 
f 5339//5339 31//31 32//32 
f 5339//5339 32//32 5330//5330 
f 6//6 5333//5333 61//61 
f 53//53 5306//5306 140//140 
f 83//83 140//140 5282//5282 
f 83//83 5282//5282 44//44 
f 5320//5320 44//44 5307//5307 
f 5320//5320 5307//5307 5286//5286 
f 5277//5277 67//67 66//66 
f 5277//5277 66//66 5321//5321 
f 23//23 65//65 148//148 
f 23//23 148//148 28//28 
f 5273//5273 133//133 5272//5272 
f 5272//5272 30//30 46//46 
f 46//46 5299//5299 49//49 
f 81//81 5301//5301 135//135 
f 46//46 49//49 81//81 
f 135//135 5300//5300 5274//5274 
f 5274//5274 40//40 5296//5296 
f 5296//5296 5359//5359 125//125 
f 125//125 5297//5297 145//145 
f 145//145 5256//5256 5291//5291 
f 5291//5291 5255//5255 5253//5253 
f 81//81 49//49 5305//5305 
f 5272//5272 133//133 5328//5328 
f 5309//5309 5304//5304 68//68 
f 5290//5290 5259//5259 5258//5258 
f 5290//5290 5258//5258 5271//5271 
f 81//81 5305//5305 5302//5302 
f 124//124 5253//5253 5259//5259 
f 57//57 33//33 5327//5327 
f 123//123 5260//5260 129//129 
f 129//129 144//144 5265//5265 
f 129//129 5261//5261 5262//5262 
f 5270//5270 48//48 123//123 
f 5266//5266 55//55 45//45 
f 129//129 5262//5262 144//144 
f 129//129 5260//5260 5261//5261 
f 5317//5317 5318//5318 123//123 
f 5270//5270 47//47 48//48 
f 5325//5325 51//51 43//43 
f 5334//5334 5326//5326 5324//5324 
f 5325//5325 43//43 5314//5314 
f 123//123 5318//5318 5283//5283 
f 5309//5309 68//68 5311//5311 
f 5344//5344 5326//5326 5334//5334 
f 5344//5344 5327//5327 5326//5326 
f 5267//5267 47//47 5270//5270 
f 5267//5267 5324//5324 47//47 
f 5317//5317 51//51 5325//5325 
f 123//123 48//48 52//52 
f 5334//5334 5324//5324 5267//5267 
f 123//123 62//62 5263//5263 
f 5325//5325 56//56 35//35 
f 5317//5317 52//52 51//51 
f 5325//5325 5314//5314 5315//5315 
f 123//123 5263//5263 5260//5260 
f 123//123 5283//5283 74//74 
f 57//57 5327//5327 5344//5344 
f 123//123 74//74 62//62 
f 126//126 5257//5257 39//39 
f 5295//5295 79//79 127//127 
f 35//35 5316//5316 5294//5294 
f 5292//5292 38//38 78//78 
f 128//128 78//78 139//139 
f 45//45 5279//5279 63//63 
f 45//45 55//55 5279//5279 
f 41//41 5312//5312 122//122 
f 63//63 5312//5312 41//41 
f 63//63 24//24 5312//5312 
f 132//132 5319//5319 131//131 
f 132//132 5323//5323 5319//5319 
f 130//130 59//59 134//134 
f 130//130 5322//5322 59//59 
f 138//138 5285//5285 5280//5280 
f 138//138 5280//5280 5276//5276 
f 142//142 70//70 5284//5284 
f 142//142 5284//5284 54//54 
f 54//54 5284//5284 5331//5331 
f 54//54 5331//5331 5281//5281 
f 7//7 5281//5281 31//31 
f 7//7 31//31 21//21 
f 5340//5340 5330//5330 5333//5333 
f 5339//5339 5330//5330 5340//5340 
f 6//6 61//61 5336//5336 
f 5337//5337 61//61 60//60 
f 5341//5341 60//60 147//147 
f 5342//5342 147//147 5332//5332 
f 82//82 5298//5298 5306//5306 
f 5343//5343 5332//5332 5298//5298 
f 53//53 140//140 83//83 
f 141//141 44//44 5320//5320 
f 134//134 59//59 5285//5285 
f 5286//5286 67//67 5277//5277 
f 83//83 44//44 141//141 
f 5286//5286 5307//5307 67//67 
f 5321//5321 65//65 23//23 
f 28//28 5304//5304 5309//5309 
f 5321//5321 66//66 65//65 
f 28//28 148//148 5304//5304 
f 5311//5311 5308//5308 5335//5335 
f 136//136 69//69 5275//5275 
f 136//136 5303//5303 69//69 
f 5275//5275 137//137 5288//5288 
f 5275//5275 69//69 137//137 
f 5311//5311 68//68 5308//5308 
f 5273//5273 5289//5289 133//133 
f 5273//5273 5287//5287 5289//5289 
f 46//46 30//30 5299//5299 
f 5272//5272 5310//5310 30//30 
f 5274//5274 5300//5300 40//40 
f 135//135 5301//5301 5300//5300 
f 125//125 170//170 5297//5297 
f 145//145 29//29 5256//5256 
f 145//145 5297//5297 29//29 
f 5296//5296 5406//5406 5359//5359 
f 5296//5296 5405//5405 5406//5406 
f 5296//5296 5387//5387 5405//5405 
f 5291//5291 5256//5256 5255//5255 
f 5296//5296 37//37 5387//5387 
f 5296//5296 36//36 37//37 
f 5296//5296 40//40 36//36 
f 81//81 5302//5302 5301//5301 
f 5272//5272 159//159 5310//5310 
f 5272//5272 5329//5329 159//159 
f 5288//5288 5287//5287 5273//5273 
f 5288//5288 137//137 5287//5287 
f 5335//5335 5303//5303 136//136 
f 5291//5291 5253//5253 124//124 
f 124//124 5259//5259 5290//5290 
f 5272//5272 5328//5328 5329//5329 
f 5271//5271 33//33 57//57 
f 5271//5271 5258//5258 33//33 
f 5335//5335 5308//5308 5303//5303 
f 125//125 5359//5359 170//170 
# mm_gid 10
g mmGroup10
f 889//889 157//157 5393//5393 
f 157//157 889//889 908//908 
f 908//908 5375//5375 157//157 
f 5373//5373 5377//5377 5392//5392 
f 884//884 899//899 5420//5420 
f 5420//5420 882//882 884//884 
f 1634//1634 882//882 5420//5420 
f 5420//5420 5373//5373 1634//1634 
f 5373//5373 5392//5392 1634//1634 
f 908//908 1634//1634 5392//5392 
f 5392//5392 5375//5375 908//908 
f 4965//4965 4797//4797 4795//4795 
f 4797//4797 4990//4990 4795//4795 
f 4990//4990 4797//4797 5371//5371 
f 1987//1987 1986//1986 153//153 
f 5425//5425 4743//4743 153//153 
f 5425//5425 4742//4742 4743//4743 
f 5385//5385 5017//5017 5012//5012 
f 5384//5384 5385//5385 5012//5012 
f 5384//5384 5012//5012 5018//5018 
f 5384//5384 5018//5018 162//162 
f 5384//5384 162//162 152//152 
f 5383//5383 5384//5384 152//152 
f 5385//5385 5384//5384 5383//5383 
f 5385//5385 5383//5383 5381//5381 
f 5390//5390 5355//5355 151//151 
f 3097//3097 1820//1820 3019//3019 
f 3405//3405 3097//3097 3019//3019 
f 3097//3097 3405//3405 2114//2114 
f 2114//2114 3405//3405 2116//2116 
f 2595//2595 2116//2116 2598//2598 
f 2114//2114 2116//2116 2595//2595 
f 2595//2595 5035//5035 2114//2114 
f 2595//2595 5355//5355 5035//5035 
f 5355//5355 5390//5390 5035//5035 
f 5390//5390 5360//5360 5035//5035 
f 5356//5356 5360//5360 876//876 
f 5409//5409 5360//5360 5356//5356 
f 5035//5035 5360//5360 5409//5409 
f 2114//2114 5035//5035 5409//5409 
f 5409//5409 3097//3097 2114//2114 
f 5409//5409 5389//5389 3097//3097 
f 5409//5409 5356//5356 5389//5389 
f 5389//5389 5356//5356 150//150 
f 5026//5026 5426//5426 150//150 
f 150//150 5356//5356 5026//5026 
f 5356//5356 876//876 5026//5026 
f 5026//5026 876//876 5043//5043 
f 5043//5043 876//876 5424//5424 
f 876//876 915//915 5424//5424 
f 876//876 5360//5360 915//915 
f 5360//5360 5390//5390 915//915 
f 915//915 5390//5390 1622//1622 
f 5390//5390 151//151 1622//1622 
f 151//151 5423//5423 1610//1610 
f 1622//1622 151//151 1610//1610 
f 1625//1625 1622//1622 1610//1610 
f 1622//1622 1625//1625 5388//5388 
f 915//915 1622//1622 5388//5388 
f 5424//5424 915//915 5388//5388 
f 5388//5388 5353//5353 5424//5424 
f 5040//5040 5424//5424 5353//5353 
f 5043//5043 5424//5424 5040//5040 
f 5379//5379 5043//5043 5040//5040 
f 5040//5040 5395//5395 5379//5379 
f 5395//5395 5374//5374 5391//5391 
f 5391//5391 5379//5379 5395//5395 
f 5380//5380 5379//5379 5391//5391 
f 5348//5348 5349//5349 5380//5380 
f 5379//5379 5380//5380 5349//5349 
f 5349//5349 5043//5043 5379//5379 
f 5349//5349 5026//5026 5043//5043 
f 5426//5426 5026//5026 5349//5349 
f 5349//5349 5348//5348 5426//5426 
f 5427//5427 5426//5426 5348//5348 
f 5426//5426 5427//5427 5354//5354 
f 5354//5354 150//150 5426//5426 
f 150//150 5354//5354 154//154 
f 5389//5389 150//150 154//154 
f 154//154 1817//1817 5389//5389 
f 1817//1817 3097//3097 5389//5389 
f 1820//1820 3097//3097 1817//1817 
f 1817//1817 1818//1818 1820//1820 
f 1841//1841 1820//1820 1818//1818 
f 3219//3219 1841//1841 3150//3150 
f 1841//1841 1818//1818 3150//3150 
f 3150//3150 1818//1818 2044//2044 
f 3018//3018 3550//3550 2942//2942 
f 3237//3237 3395//3395 3239//3239 
f 917//917 1620//1620 5052//5052 
f 4792//4792 4784//4784 4798//4798 
f 2122//2122 2121//2121 2186//2186 
f 2594//2594 2446//2446 1836//1836 
f 2722//2722 1836//1836 2234//2234 
f 2594//2594 1836//1836 2722//2722 
f 2722//2722 2721//2721 2594//2594 
f 2721//2721 2567//2567 2594//2594 
f 2721//2721 2493//2493 2567//2567 
f 2747//2747 2567//2567 2493//2493 
f 2526//2526 2670//2670 2747//2747 
f 2567//2567 2747//2747 2670//2670 
f 2567//2567 2670//2670 2673//2673 
f 2594//2594 2567//2567 2673//2673 
f 2673//2673 2446//2446 2594//2594 
f 2673//2673 2444//2444 2446//2446 
f 2524//2524 2061//2061 2370//2370 
f 2061//2061 2153//2153 2000//2000 
f 2370//2370 2061//2061 2000//2000 
f 2370//2370 2000//2000 2448//2448 
f 2448//2448 2444//2444 2370//2370 
f 2444//2444 2448//2448 1797//1797 
f 2446//2446 2444//2444 1797//1797 
f 2446//2446 1797//1797 1838//1838 
f 1836//1836 2446//2446 1838//1838 
f 1836//1836 1838//1838 2022//2022 
f 2234//2234 1836//1836 2022//2022 
f 2234//2234 2022//2022 2306//2306 
f 2359//2359 4800//4800 2433//2433 
f 3242//3242 2720//2720 2433//2433 
f 3315//3315 2577//2577 2575//2575 
f 2577//2577 2241//2241 2655//2655 
f 2575//2575 2577//2577 2655//2655 
f 2575//2575 2655//2655 2862//2862 
f 2720//2720 2575//2575 2862//2862 
f 2862//2862 3327//3327 2720//2720 
f 3327//3327 2433//2433 2720//2720 
f 3327//3327 2359//2359 2433//2433 
f 2183//2183 1907//1907 2087//2087 
f 2087//2087 1907//1907 2026//2026 
f 2087//2087 2026//2026 1840//1840 
f 1840//1840 2026//2026 2027//2027 
f 1840//1840 2027//2027 2020//2020 
f 2020//2020 2027//2027 2024//2024 
f 2020//2020 2024//2024 2025//2025 
f 2025//2025 2024//2024 1839//1839 
f 2025//2025 1839//1839 2023//2023 
f 1839//1839 1837//1837 2023//2023 
f 2023//2023 1837//1837 1819//1819 
f 1819//1819 1837//1837 2303//2303 
f 1819//1819 2303//2303 2376//2376 
f 2303//2303 2373//2373 2376//2376 
f 2376//2376 2373//2373 1888//1888 
f 2373//2373 2021//2021 1888//1888 
f 1888//1888 2021//2021 3098//3098 
f 2652//2652 3098//3098 2021//2021 
f 3098//3098 2652//2652 2653//2653 
f 2506//2506 2653//2653 2652//2652 
f 2653//2653 2506//2506 2676//2676 
f 2506//2506 2675//2675 2676//2676 
f 2675//2675 2590//2590 2676//2676 
f 2360//2360 2590//2590 2675//2675 
f 2360//2360 2361//2361 2590//2590 
f 2361//2361 2359//2359 2590//2590 
f 2359//2359 3327//3327 2590//2590 
f 2676//2676 2590//2590 3327//3327 
f 3327//3327 2862//2862 2676//2676 
f 2653//2653 2676//2676 2862//2862 
f 2862//2862 2655//2655 2653//2653 
f 3098//3098 2653//2653 2655//2655 
f 2655//2655 2241//2241 3098//3098 
f 1888//1888 3098//3098 2241//2241 
f 2241//2241 3488//3488 1888//1888 
f 2376//2376 1888//1888 3488//3488 
f 3488//3488 2306//2306 2376//2376 
f 1819//1819 2376//2376 2306//2306 
f 2306//2306 2022//2022 1819//1819 
f 2023//2023 1819//1819 2022//2022 
f 2022//2022 1838//1838 2023//2023 
f 2025//2025 2023//2023 1838//1838 
f 1838//1838 1797//1797 2025//2025 
f 2020//2020 2025//2025 1797//1797 
f 1797//1797 2448//2448 2020//2020 
f 1840//1840 2020//2020 2448//2448 
f 2448//2448 2000//2000 1840//1840 
f 2087//2087 1840//1840 2000//2000 
f 2000//2000 2153//2153 2087//2087 
f 2183//2183 2087//2087 2153//2153 
f 2153//2153 2001//2001 2183//2183 
f 2172//2172 2183//2183 2001//2001 
f 2247//2247 2172//2172 2001//2001 
f 2172//2172 2247//2247 3293//3293 
f 2507//2507 2172//2172 3293//3293 
f 3211//3211 3443//3443 3140//3140 
f 1990//1990 1801//1801 1921//1921 
f 2047//2047 1801//1801 1990//1990 
f 3135//3135 1801//1801 2047//2047 
f 2579//2579 1801//1801 3135//3135 
f 2432//2432 1801//1801 2579//2579 
f 2982//2982 1801//1801 2432//2432 
f 4997//4997 987//987 5350//5350 
f 4997//4997 1641//1641 987//987 
f 1641//1641 4997//4997 5011//5011 
f 5011//5011 4997//4997 1579//1579 
f 5436//5436 918//918 916//916 
f 916//916 5010//5010 5436//5436 
f 5010//5010 5050//5050 5436//5436 
f 5050//5050 5010//5010 5000//5000 
f 5010//5010 5011//5011 5000//5000 
f 5011//5011 1579//1579 5000//5000 
f 5000//5000 1579//1579 952//952 
f 952//952 1579//1579 1605//1605 
f 4999//4999 1605//1605 1579//1579 
f 1579//1579 4997//4997 4999//4999 
f 4997//4997 5350//5350 4999//4999 
f 22//22 4999//4999 5350//5350 
f 1605//1605 4999//4999 22//22 
f 1605//1605 22//22 4870//4870 
f 4870//4870 952//952 1605//1605 
f 952//952 4870//4870 4869//4869 
f 4869//4869 5001//5001 952//952 
f 5001//5001 5000//5000 952//952 
f 5001//5001 5050//5050 5000//5000 
f 1544//1544 5050//5050 5001//5001 
f 4818//4818 1544//1544 5001//5001 
f 5001//5001 4869//4869 4818//4818 
f 4741//4741 10//10 3296//3296 
f 4741//4741 5368//5368 10//10 
f 10//10 5368//5368 5415//5415 
f 10//10 5415//5415 5401//5401 
f 5401//5401 5415//5415 5412//5412 
f 5401//5401 5412//5412 3621//3621 
f 5412//5412 3620//3620 3621//3621 
f 1772//1772 3560//3560 5351//5351 
f 3560//3560 5352//5352 5351//5351 
f 4995//4995 5358//5358 4998//4998 
f 5417//5417 1611//1611 5404//5404 
f 1611//1611 5417//5417 873//873 
f 896//896 1611//1611 873//873 
f 903//903 4906//4906 898//898 
f 4977//4977 903//903 5007//5007 
f 4977//4977 5007//5007 5006//5006 
f 5008//5008 3595//3595 3590//3590 
f 3603//3603 3590//3590 3595//3595 
f 3602//3602 3615//3615 3603//3603 
f 3603//3603 3595//3595 3602//3602 
f 3602//3602 3595//3595 3594//3594 
f 3604//3604 3602//3602 3594//3594 
f 3601//3601 3613//3613 3604//3604 
f 3613//3613 3602//3602 3604//3604 
f 3615//3615 3602//3602 3613//3613 
f 3615//3615 3613//3613 3944//3944 
f 3944//3944 3613//3613 3600//3600 
f 3613//3613 3601//3601 3600//3600 
f 5159//5159 4736//4736 3606//3606 
f 5159//5159 3608//3608 4736//4736 
f 3608//3608 5159//5159 1771//1771 
f 1768//1768 4729//4729 3572//3572 
f 1774//1774 4729//4729 1768//1768 
f 1774//1774 1771//1771 4729//4729 
f 3608//3608 1771//1771 1774//1774 
f 3608//3608 1774//1774 3601//3601 
f 3600//3600 3601//3601 1774//1774 
f 1774//1774 1768//1768 3600//3600 
f 3600//3600 1768//1768 1773//1773 
f 3944//3944 3600//3600 1773//1773 
f 3557//3557 3944//3944 1773//1773 
f 3567//3567 3566//3566 5022//5022 
f 5027//5027 4911//4911 5041//5041 
f 4911//4911 5027//5027 4967//4967 
f 4967//4967 5027//5027 5028//5028 
f 5027//5027 3576//3576 5028//5028 
f 3576//3576 5022//5022 5028//5028 
f 3567//3567 5022//5022 3576//3576 
f 3570//3570 3567//3567 3576//3576 
f 3570//3570 3557//3557 3567//3567 
f 3557//3557 1773//1773 3567//3567 
f 1773//1773 3566//3566 3567//3567 
f 1773//1773 1768//1768 3566//3566 
f 1768//1768 3572//3572 3566//3566 
f 3572//3572 3573//3573 3566//3566 
f 3573//3573 5022//5022 3566//3566 
f 5022//5022 3573//3573 5030//5030 
f 5030//5030 5028//5028 5022//5022 
f 5028//5028 5030//5030 5038//5038 
f 5038//5038 4967//4967 5028//5028 
f 4967//4967 5038//5038 4931//4931 
f 886//886 910//910 1627//1627 
f 886//886 848//848 843//843 
f 843//843 910//910 886//886 
f 843//843 4931//4931 910//910 
f 4967//4967 4931//4931 843//843 
f 843//843 4911//4911 4967//4967 
f 843//843 848//848 4911//4911 
f 4991//4991 4911//4911 848//848 
f 5041//5041 4911//4911 4991//4991 
f 3580//3580 3586//3586 3583//3583 
f 3583//3583 3586//3586 3582//3582 
f 3586//3586 5036//5036 3582//3582 
f 4985//4985 5024//5024 4981//4981 
f 5036//5036 5024//5024 4985//4985 
f 5036//5036 3586//3586 5024//5024 
f 3586//3586 3577//3577 5024//5024 
f 3586//3586 3580//3580 3577//3577 
f 3580//3580 3568//3568 3577//3577 
f 3580//3580 3555//3555 3568//3568 
f 3555//3555 3554//3554 3568//3568 
f 3056//3056 3434//3434 3436//3436 
f 3437//3437 3436//3436 3434//3434 
f 3437//3437 3434//3434 3433//3433 
f 3289//3289 2978//2978 2900//2900 
f 2979//2979 3442//3442 3368//3368 
f 2979//2979 904//904 3442//3442 
f 4769//4769 4886//4886 3065//3065 
f 2979//2979 3065//3065 4886//4886 
f 904//904 2979//2979 4886//4886 
f 4728//4728 904//904 4886//4886 
f 4886//4886 4727//4727 4728//4728 
f 4886//4886 4769//4769 4727//4727 
f 4769//4769 901//901 4727//4727 
f 168//168 4727//4727 901//901 
f 5146//5146 4727//4727 168//168 
f 4728//4728 4727//4727 5146//5146 
f 4979//4979 4728//4728 5146//5146 
f 5049//5049 1606//1606 3596//3596 
f 3624//3624 3596//3596 5160//5160 
f 5049//5049 3596//3596 3624//3624 
f 2426//2426 3624//3624 2425//2425 
f 2426//2426 5049//5049 3624//3624 
f 2426//2426 3625//3625 5049//5049 
f 878//878 3625//3625 3209//3209 
f 878//878 5049//5049 3625//3625 
f 878//878 1606//1606 5049//5049 
f 907//907 1606//1606 878//878 
f 1606//1606 907//907 1607//1607 
f 3569//3569 1607//1607 907//907 
f 905//905 1607//1607 3569//3569 
f 1607//1607 905//905 1788//1788 
f 3610//3610 1607//1607 1788//1788 
f 1606//1606 1607//1607 3610//3610 
f 3596//3596 1606//1606 3610//3610 
f 3596//3596 3610//3610 4748//4748 
f 5160//5160 3596//3596 4748//4748 
f 5160//5160 4748//4748 3623//3623 
f 2424//2424 3622//3622 2427//2427 
f 2424//2424 3623//3623 3622//3622 
f 4763//4763 3622//3622 3623//3623 
f 3623//3623 4748//4748 4763//4763 
f 3616//3616 4747//4747 1789//1789 
f 4763//4763 4747//4747 3616//3616 
f 4763//4763 4748//4748 4747//4747 
f 4748//4748 3610//3610 4747//4747 
f 3610//3610 1788//1788 4747//4747 
f 1788//1788 1789//1789 4747//4747 
f 1789//1789 1788//1788 4979//4979 
f 1788//1788 905//905 4979//4979 
f 905//905 4728//4728 4979//4979 
f 904//904 4728//4728 905//905 
f 905//905 3569//3569 904//904 
f 3442//3442 904//904 3569//3569 
f 3569//3569 3289//3289 3442//3442 
f 3569//3569 907//907 3289//3289 
f 907//907 2978//2978 3289//3289 
f 907//907 878//878 2978//2978 
f 878//878 3209//3209 2978//2978 
f 2978//2978 3209//3209 3287//3287 
f 2900//2900 2978//2978 3287//3287 
f 3287//3287 3438//3438 2900//2900 
f 3438//3438 2901//2901 2900//2900 
f 3439//3439 2901//2901 3438//3438 
f 3438//3438 3433//3433 3439//3439 
f 3433//3433 3434//3434 3439//3439 
f 3434//3434 3505//3505 3439//3439 
f 3434//3434 3056//3056 3505//3505 
f 3367//3367 3505//3505 3056//3056 
f 2824//2824 3055//3055 3367//3367 
f 3505//3505 3367//3367 3055//3055 
f 3055//3055 2975//2975 3505//3505 
f 3439//3439 3505//3505 2975//2975 
f 2901//2901 3439//3439 2975//2975 
f 2975//2975 3286//3286 2901//2901 
f 2901//2901 3286//3286 3369//3369 
f 2900//2900 2901//2901 3369//3369 
f 3369//3369 3289//3289 2900//2900 
f 3442//3442 3289//3289 3369//3369 
f 3368//3368 3442//3442 3369//3369 
f 3369//3369 3286//3286 3368//3368 
f 3286//3286 3059//3059 3368//3368 
f 3208//3208 3059//3059 3286//3286 
f 3286//3286 2975//2975 3208//3208 
f 2975//2975 3055//3055 3208//3208 
f 3137//3137 3208//3208 3055//3055 
f 3055//3055 2824//2824 3137//3137 
f 3366//3366 3137//3137 2824//2824 
f 3142//3142 3291//3291 3139//3139 
f 4740//4740 1476//1476 5013//5013 
f 2714//2714 3012//3012 2935//2935 
f 2464//2464 2717//2717 2716//2716 
f 3292//3292 2717//2717 2464//2464 
f 2717//2717 3292//3292 2539//2539 
f 2539//2539 3011//3011 2717//2717 
f 2717//2717 3011//3011 2935//2935 
f 2716//2716 2717//2717 2935//2935 
f 2935//2935 3012//3012 2716//2716 
f 3012//3012 2783//2783 2716//2716 
f 1476//1476 2783//2783 3012//3012 
f 5013//5013 1476//1476 3012//3012 
f 3012//3012 2714//2714 5013//5013 
f 5013//5013 2714//2714 4730//4730 
f 5014//5014 5013//5013 4730//4730 
f 5014//5014 4740//4740 5013//5013 
f 4740//4740 5014//5014 4735//4735 
f 4739//4739 4740//4740 4735//4735 
f 5362//5362 1055//1055 4739//4739 
f 1055//1055 4740//4740 4739//4739 
f 1476//1476 4740//4740 1055//1055 
f 1055//1055 5062//5062 1476//1476 
f 2783//2783 1476//1476 5062//5062 
f 2783//2783 5062//5062 2392//2392 
f 2783//2783 2392//2392 2465//2465 
f 2716//2716 2783//2783 2465//2465 
f 2464//2464 2716//2716 2465//2465 
f 3064//3064 2464//2464 2465//2465 
f 3370//3370 2464//2464 3064//3064 
f 3292//3292 2464//2464 3370//3370 
f 3292//3292 3370//3370 3290//3290 
f 2610//2610 3292//3292 3290//3290 
f 2539//2539 3292//3292 2610//2610 
f 2785//2785 2539//2539 2610//2610 
f 4822//4822 2785//2785 2608//2608 
f 2785//2785 2610//2610 2608//2608 
f 2608//2608 2610//2610 3216//3216 
f 2610//2610 3290//3290 3216//3216 
f 3216//3216 3290//3290 3142//3142 
f 3291//3291 3142//3142 3290//3290 
f 3290//3290 3370//3370 3291//3291 
f 3212//3212 3291//3291 3370//3370 
f 3370//3370 3064//3064 3212//3212 
f 3212//3212 3064//3064 3141//3141 
f 3141//3141 2977//2977 3212//3212 
f 2977//2977 3057//3057 3212//3212 
f 3291//3291 3212//3212 3057//3057 
f 3057//3057 3139//3139 3291//3291 
f 3139//3139 3057//3057 3366//3366 
f 3137//3137 3366//3366 3057//3057 
f 3057//3057 2977//2977 3137//3137 
f 3208//3208 3137//3137 2977//2977 
f 3059//3059 3208//3208 2977//2977 
f 2977//2977 3141//3141 3059//3059 
f 3059//3059 3141//3141 3060//3060 
f 3368//3368 3059//3059 3060//3060 
f 3060//3060 2979//2979 3368//3368 
f 3065//3065 2979//2979 3060//3060 
f 3144//3144 3065//3065 3060//3060 
f 3060//3060 3141//3141 3144//3144 
f 3141//3141 3064//3064 3144//3144 
f 3064//3064 2465//2465 3144//3144 
f 2465//2465 2392//2392 3144//3144 
f 2392//2392 3065//3065 3144//3144 
f 4769//4769 3065//3065 2392//2392 
f 2392//2392 5062//5062 4769//4769 
f 901//901 4769//4769 5062//5062 
f 5062//5062 1055//1055 901//901 
f 1055//1055 5362//5362 901//901 
f 168//168 901//901 5362//5362 
f 168//168 5362//5362 167//167 
f 4980//4980 5004//5004 5152//5152 
f 4980//4980 5152//5152 5154//5154 
f 4980//4980 5154//5154 4884//4884 
f 167//167 4884//4884 5154//5154 
f 5154//5154 168//168 167//167 
f 5154//5154 5146//5146 168//168 
f 5154//5154 5152//5152 5146//5146 
f 5152//5152 4979//4979 5146//5146 
f 1789//1789 4979//4979 5152//5152 
f 5152//5152 5004//5004 1789//1789 
f 3616//3616 1789//1789 5004//5004 
f 3611//3611 3616//3616 5004//5004 
f 3597//3597 3616//3616 3611//3611 
f 3597//3597 4763//4763 3616//3616 
f 3622//3622 4763//4763 3597//3597 
f 3622//3622 3597//3597 4734//4734 
f 2427//2427 3622//3622 4734//4734 
f 2427//2427 4734//4734 2428//2428 
f 3555//3555 2427//2427 2428//2428 
f 2428//2428 3554//3554 3555//3555 
f 3554//3554 2428//2428 1770//1770 
f 1770//1770 3618//3618 1776//1776 
f 1770//1770 3617//3617 3618//3618 
f 1770//1770 2428//2428 3617//3617 
f 2428//2428 4734//4734 3617//3617 
f 4734//4734 3599//3599 3617//3617 
f 4734//4734 3597//3597 3599//3599 
f 3597//3597 3611//3611 3599//3599 
f 3599//3599 3611//3611 3612//3612 
f 3612//3612 3598//3598 3599//3599 
f 3617//3617 3599//3599 3598//3598 
f 3618//3618 3617//3617 3598//3598 
f 3618//3618 3598//3598 3609//3609 
f 3618//3618 3609//3609 3619//3619 
f 1776//1776 3618//3618 3619//3619 
f 1776//1776 3619//3619 3945//3945 
f 3945//3945 3561//3561 1776//1776 
f 3574//3574 3575//3575 5044//5044 
f 5021//5021 3581//3581 5023//5023 
f 3581//3581 3574//3574 5023//5023 
f 3581//3581 3584//3584 3574//3574 
f 3584//3584 3575//3575 3574//3574 
f 3584//3584 3556//3556 3575//3575 
f 3556//3556 3561//3561 3575//3575 
f 3556//3556 1776//1776 3561//3561 
f 3556//3556 1770//1770 1776//1776 
f 3556//3556 3554//3554 1770//1770 
f 3556//3556 3584//3584 3554//3554 
f 3568//3568 3554//3554 3584//3584 
f 3584//3584 3581//3581 3568//3568 
f 3577//3577 3568//3568 3581//3581 
f 3581//3581 5021//5021 3577//3577 
f 5024//5024 3577//3577 5021//5021 
f 5021//5021 4981//4981 5024//5024 
f 4981//4981 4989//4989 4995//4995 
f 4981//4981 5021//5021 4989//4989 
f 5021//5021 5023//5023 4989//4989 
f 4989//4989 5023//5023 4991//4991 
f 5023//5023 5041//5041 4991//4991 
f 5023//5023 3574//3574 5041//5041 
f 3574//3574 5044//5044 5041//5041 
f 5044//5044 5027//5027 5041//5041 
f 3576//3576 5027//5027 5044//5044 
f 5044//5044 3570//3570 3576//3576 
f 5044//5044 3575//3575 3570//3570 
f 3575//3575 3561//3561 3570//3570 
f 3557//3557 3570//3570 3561//3561 
f 3561//3561 3945//3945 3557//3557 
f 3944//3944 3557//3557 3945//3945 
f 3945//3945 3615//3615 3944//3944 
f 3945//3945 3619//3619 3615//3615 
f 3619//3619 3603//3603 3615//3615 
f 3619//3619 3609//3609 3603//3603 
f 3609//3609 3590//3590 3603//3603 
f 3609//3609 3605//3605 3590//3590 
f 3609//3609 3598//3598 3605//3605 
f 3598//3598 3612//3612 3605//3605 
f 3605//3605 3612//3612 5006//5006 
f 5006//5006 5007//5007 3605//3605 
f 3590//3590 3605//3605 5007//5007 
f 5008//5008 3590//3590 5007//5007 
f 5007//5007 903//903 5008//5008 
f 903//903 898//898 5008//5008 
f 898//898 5002//5002 5008//5008 
f 5002//5002 3595//3595 5008//5008 
f 3594//3594 3595//3595 5002//5002 
f 3594//3594 5002//5002 5009//5009 
f 5005//5005 5009//5009 5435//5435 
f 5005//5005 3593//3593 5009//5009 
f 3593//3593 3594//3594 5009//5009 
f 3604//3604 3594//3594 3593//3593 
f 3604//3604 3593//3593 3607//3607 
f 3601//3601 3604//3604 3607//3607 
f 3607//3607 3608//3608 3601//3601 
f 3607//3607 4736//4736 3608//3608 
f 3591//3591 4736//4736 3607//3607 
f 3607//3607 3593//3593 3591//3591 
f 3593//3593 5005//5005 3591//3591 
f 3591//3591 5005//5005 4974//4974 
f 3591//3591 4974//4974 3592//3592 
f 3592//3592 4736//4736 3591//3591 
f 3592//3592 3606//3606 4736//4736 
f 4737//4737 3606//3606 3592//3592 
f 4833//4833 5403//5403 4821//4821 
f 5//5 4//4 25//25 
f 5403//5403 5414//5414 5416//5416 
f 5416//5416 5414//5414 4836//4836 
f 5434//5434 4892//4892 4767//4767 
f 4731//4731 5338//5338 3563//3563 
f 5338//5338 4731//4731 4745//4745 
f 4745//4745 4731//4731 4766//4766 
f 1604//1604 1603//1603 5147//5147 
f 1604//1604 5147//5147 4745//4745 
f 4745//4745 4766//4766 1604//1604 
f 4766//4766 4897//4897 1604//1604 
f 5434//5434 4950//4950 4978//4978 
f 4732//4732 4978//4978 5056//5056 
f 4978//4978 4950//4950 5056//5056 
f 5056//5056 4950//4950 4897//4897 
f 1604//1604 4897//4897 4950//4950 
f 4950//4950 1603//1603 1604//1604 
f 4950//4950 5434//5434 1603//1603 
f 5434//5434 4767//4767 1603//1603 
f 4635//4635 1603//1603 4767//4767 
f 5147//5147 1603//1603 4635//4635 
f 4635//4635 4692//4692 5147//5147 
f 4692//4692 5144//5144 5147//5147 
f 5144//5144 4745//4745 5147//5147 
f 5144//5144 5338//5338 4745//4745 
f 5144//5144 26//26 5338//5338 
f 5144//5144 4633//4633 26//26 
f 5144//5144 4692//4692 4633//4633 
f 4692//4692 4637//4637 4633//4633 
f 4637//4637 4412//4412 4633//4633 
f 4412//4412 4637//4637 18//18 
f 4412//4412 18//18 5366//5366 
f 18//18 5365//5365 5366//5366 
f 5366//5366 5365//5365 5398//5398 
f 5398//5398 874//874 5366//5366 
f 5366//5366 874//874 5407//5407 
f 5407//5407 4412//4412 5366//5366 
f 5407//5407 20//20 4412//4412 
f 20//20 4633//4633 4412//4412 
f 4836//4836 4633//4633 20//20 
f 26//26 4633//4633 4836//4836 
f 4836//4836 5414//5414 26//26 
f 26//26 5414//5414 17//17 
f 5338//5338 26//26 17//17 
f 17//17 3563//3563 5338//5338 
f 3563//3563 17//17 5//5 
f 4//4 5//5 17//17 
f 17//17 5414//5414 4//4 
f 5414//5414 5403//5403 4//4 
f 5403//5403 4833//4833 4//4 
f 4833//4833 25//25 4//4 
f 4833//4833 4834//4834 25//25 
f 2419//2419 2212//2212 2350//2350 
f 2212//2212 2419//2419 2032//2032 
f 2279//2279 2032//2032 2419//2419 
f 2155//2155 2032//2032 2279//2279 
f 1845//1845 2155//2155 2279//2279 
f 2214//2214 2155//2155 1845//1845 
f 4835//4835 2214//2214 1845//1845 
f 4835//4835 4834//4834 2214//2214 
f 4834//4834 4835//4835 4812//4812 
f 25//25 4834//4834 4812//4812 
f 4812//4812 4813//4813 25//25 
f 5//5 25//25 4813//4813 
f 4813//4813 4691//4691 5//5 
f 3563//3563 5//5 4691//4691 
f 4691//4691 4578//4578 3563//3563 
f 4731//4731 3563//3563 4578//4578 
f 4578//4578 4577//4577 4731//4731 
f 4766//4766 4731//4731 4577//4577 
f 4577//4577 4768//4768 4766//4766 
f 4897//4897 4766//4766 4768//4768 
f 4768//4768 4885//4885 4897//4897 
f 5056//5056 4897//4897 4885//4885 
f 5056//5056 4885//4885 1790//1790 
f 4732//4732 5056//5056 1790//1790 
f 4738//4738 4732//4732 1790//1790 
f 4737//4737 4732//4732 4738//4738 
f 3614//3614 4737//4737 4738//4738 
f 3606//3606 4737//4737 3614//3614 
f 3606//3606 3614//3614 4744//4744 
f 5159//5159 3606//3606 4744//4744 
f 4744//4744 5156//5156 5159//5159 
f 1771//1771 5159//5159 5156//5156 
f 3565//3565 1771//1771 5156//5156 
f 4729//4729 1771//1771 3565//3565 
f 3579//3579 4729//4729 3565//3565 
f 3572//3572 4729//4729 3579//3579 
f 3578//3578 3572//3572 3579//3579 
f 3573//3573 3572//3572 3578//3578 
f 3578//3578 5025//5025 3573//3573 
f 5030//5030 3573//3573 5025//5025 
f 5025//5025 5037//5037 5030//5030 
f 5037//5037 5038//5038 5030//5030 
f 5037//5037 4966//4966 5038//5038 
f 4966//4966 4931//4931 5038//5038 
f 4966//4966 4794//4794 4931//4931 
f 4794//4794 910//910 4931//4931 
f 4794//4794 888//888 910//910 
f 888//888 1627//1627 910//910 
f 888//888 887//887 1627//1627 
f 887//887 896//896 1627//1627 
f 887//887 909//909 896//896 
f 1611//1611 896//896 909//909 
f 1629//1629 1611//1611 909//909 
f 5404//5404 1611//1611 1629//1629 
f 1636//1636 5404//5404 1629//1629 
f 1628//1628 5060//5060 1636//1636 
f 5404//5404 1636//1636 5060//5060 
f 5060//5060 5408//5408 5404//5404 
f 5417//5417 5404//5404 5408//5408 
f 5417//5417 5408//5408 5418//5418 
f 844//844 5418//5418 894//894 
f 844//844 894//894 892//892 
f 5386//5386 892//892 847//847 
f 5386//5386 844//844 892//892 
f 5386//5386 5357//5357 5422//5422 
f 844//844 5386//5386 5422//5422 
f 5418//5418 844//844 5422//5422 
f 5417//5417 5418//5418 5422//5422 
f 873//873 5417//5417 5422//5422 
f 5422//5422 5357//5357 873//873 
f 158//158 5357//5357 5361//5361 
f 873//873 5357//5357 158//158 
f 896//896 873//873 158//158 
f 158//158 1627//1627 896//896 
f 886//886 1627//1627 158//158 
f 158//158 5361//5361 886//886 
f 5361//5361 848//848 886//886 
f 4932//4932 848//848 5361//5361 
f 4991//4991 848//848 4932//4932 
f 4989//4989 4991//4991 4932//4932 
f 4995//4995 4989//4989 4932//4932 
f 4932//4932 5358//5358 4995//4995 
f 4932//4932 5361//5361 5358//5358 
f 5361//5361 5357//5357 5358//5358 
f 5357//5357 5386//5386 5358//5358 
f 4998//4998 5358//5358 5386//5386 
f 5386//5386 847//847 4998//4998 
f 1626//1626 4998//4998 847//847 
f 1626//1626 849//849 4998//4998 
f 849//849 4995//4995 4998//4998 
f 849//849 4981//4981 4995//4995 
f 849//849 4985//4985 4981//4981 
f 4796//4796 4985//4985 849//849 
f 5032//5032 4985//4985 4796//4796 
f 5032//5032 5036//5036 4985//4985 
f 5036//5036 5032//5032 5029//5029 
f 3582//3582 5036//5036 5029//5029 
f 4987//4987 3582//3582 5029//5029 
f 4987//4987 3571//3571 3582//3582 
f 3571//3571 3583//3583 3582//3582 
f 3571//3571 3558//3558 3583//3583 
f 3583//3583 3558//3558 3562//3562 
f 3562//3562 3580//3580 3583//3583 
f 3555//3555 3580//3580 3562//3562 
f 3562//3562 2427//2427 3555//3555 
f 3562//3562 2424//2424 2427//2427 
f 3562//3562 3558//3558 2424//2424 
f 5158//5158 2424//2424 3558//3558 
f 5158//5158 3623//3623 2424//2424 
f 5158//5158 5160//5160 3623//3623 
f 5158//5158 4746//4746 5160//5160 
f 4746//4746 3624//3624 5160//5160 
f 2425//2425 3624//3624 4746//4746 
f 5130//5130 2425//2425 4746//4746 
f 3559//3559 2425//2425 5130//5130 
f 3559//3559 5130//5130 3588//3588 
f 4971//4971 3559//3559 3588//3588 
f 5352//5352 3559//3559 4971//4971 
f 5352//5352 3560//3560 3559//3559 
f 3560//3560 2425//2425 3559//3559 
f 3560//3560 2426//2426 2425//2425 
f 3560//3560 1772//1772 2426//2426 
f 3625//3625 2426//2426 1772//1772 
f 3435//3435 3625//3625 1772//1772 
f 3209//3209 3625//3625 3435//3435 
f 3209//3209 3435//3435 3503//3503 
f 3287//3287 3209//3209 3503//3503 
f 3503//3503 3502//3502 3287//3287 
f 3502//3502 3438//3438 3287//3287 
f 3433//3433 3438//3438 3502//3502 
f 3502//3502 3365//3365 3433//3433 
f 3365//3365 3437//3437 3433//3433 
f 3282//3282 3437//3437 3365//3365 
f 3282//3282 3207//3207 3437//3437 
f 3436//3436 3437//3437 3207//3207 
f 4838//4838 1957//1957 4826//4826 
f 3143//3143 3010//3010 3145//3145 
f 2905//2905 3143//3143 3145//3145 
f 2905//2905 3145//3145 4827//4827 
f 2911//2911 3294//3294 3372//3372 
f 2909//2909 3294//3294 2911//2911 
f 3294//3294 2909//2909 2919//2919 
f 3294//3294 2919//2919 4827//4827 
f 4827//4827 3145//3145 3294//3294 
f 3372//3372 3294//3294 3145//3145 
f 3145//3145 3010//3010 3372//3372 
f 3074//3074 3372//3372 3010//3010 
f 3374//3374 3074//3074 2782//2782 
f 2782//2782 3074//3074 2858//2858 
f 3074//3074 3010//3010 2858//2858 
f 2858//2858 2784//2784 2859//2859 
f 2858//2858 3010//3010 2784//2784 
f 3010//3010 3143//3143 2784//2784 
f 2784//2784 3143//3143 2984//2984 
f 3143//3143 1959//1959 2984//2984 
f 3143//3143 2905//2905 1959//1959 
f 2905//2905 1957//1957 1959//1959 
f 1957//1957 1961//1961 1959//1959 
f 1957//1957 4838//4838 1961//1961 
f 1961//1961 4838//4838 3214//3214 
f 4838//4838 1970//1970 3214//3214 
f 3133//3133 2362//2362 3050//3050 
f 3132//3132 3133//3133 3050//3050 
f 3133//3133 3132//3132 2049//2049 
f 2052//2052 2049//2049 3132//3132 
f 2049//2049 2052//2052 2104//2104 
f 2173//2173 2104//2104 2052//2052 
f 2107//2107 2104//2104 2173//2173 
f 3138//3138 2107//2107 2173//2173 
f 3138//3138 2101//2101 2107//2107 
f 1919//1919 2101//2101 3138//3138 
f 2046//2046 2101//2101 1919//1919 
f 2048//2048 2046//2046 1919//1919 
f 2164//2164 2046//2046 2048//2048 
f 1966//1966 2164//2164 2048//2048 
f 1970//1970 2164//2164 1966//1966 
f 3214//3214 1970//1970 1966//1966 
f 3214//3214 1966//1966 3058//3058 
f 1920//1920 3058//3058 1966//1966 
f 1966//1966 2048//2048 1920//1920 
f 1918//1918 1920//1920 2048//2048 
f 2048//2048 1919//1919 1918//1918 
f 3504//3504 1918//1918 1919//1919 
f 1919//1919 3138//3138 3504//3504 
f 3136//3136 3504//3504 3138//3138 
f 3138//3138 2173//2173 3136//3136 
f 2578//2578 3136//3136 2173//2173 
f 2173//2173 2052//2052 2578//2578 
f 2578//2578 2052//2052 3288//3288 
f 2052//2052 3132//3132 3288//3288 
f 3288//3288 3132//3132 3166//3166 
f 3132//3132 3050//3050 3166//3166 
f 2509//2509 2434//2434 2508//2508 
f 2434//2434 3166//3166 2508//2508 
f 3166//3166 3050//3050 2508//2508 
f 3050//3050 2435//2435 2508//2508 
f 3050//3050 2362//2362 2435//2435 
f 2435//2435 2362//2362 2358//2358 
f 2435//2435 2358//2358 3243//3243 
f 2435//2435 3243//3243 3394//3394 
f 2508//2508 2435//2435 3394//3394 
f 2509//2509 2508//2508 3394//3394 
f 2509//2509 3394//3394 3274//3274 
f 3274//3274 3354//3354 3202//3202 
f 3274//3274 3394//3394 3354//3354 
f 3394//3394 3243//3243 3354//3354 
f 3243//3243 3317//3317 3354//3354 
f 3243//3243 3397//3397 3317//3317 
f 3243//3243 2358//2358 3397//3397 
f 3397//3397 2358//2358 3207//3207 
f 2358//2358 3436//3436 3207//3207 
f 2358//2358 2362//2362 3436//3436 
f 2362//2362 3056//3056 3436//3436 
f 2362//2362 3133//3133 3056//3056 
f 3367//3367 3056//3056 3133//3133 
f 3133//3133 2049//2049 3367//3367 
f 2824//2824 3367//3367 2049//2049 
f 2049//2049 2104//2104 2824//2824 
f 3366//3366 2824//2824 2104//2104 
f 2104//2104 2107//2107 3366//3366 
f 3139//3139 3366//3366 2107//2107 
f 2107//2107 2101//2101 3139//3139 
f 3142//3142 3139//3139 2101//2101 
f 2101//2101 2046//2046 3142//3142 
f 3216//3216 3142//3142 2046//2046 
f 2046//2046 2164//2164 3216//3216 
f 2608//2608 3216//3216 2164//2164 
f 2164//2164 1970//1970 2608//2608 
f 4822//4822 2608//2608 1970//1970 
f 1970//1970 4838//4838 4822//4822 
f 4838//4838 4826//4826 4822//4822 
f 4826//4826 4841//4841 4822//4822 
f 2785//2785 4822//4822 4841//4841 
f 4841//4841 2936//2936 2785//2785 
f 2539//2539 2785//2785 2936//2936 
f 3011//3011 2539//2539 2936//2936 
f 2936//2936 2634//2634 3011//3011 
f 3011//3011 2634//2634 2713//2713 
f 2935//2935 3011//3011 2713//2713 
f 2713//2713 2714//2714 2935//2935 
f 2995//2995 2714//2714 2713//2713 
f 2995//2995 4730//4730 2714//2714 
f 2995//2995 3621//3621 4730//4730 
f 3621//3621 3620//3620 4730//4730 
f 3620//3620 5014//5014 4730//4730 
f 5014//5014 3620//3620 1619//1619 
f 4735//4735 5014//5014 1619//1619 
f 19//19 4830//4830 165//165 
f 4830//4830 2417//2417 165//165 
f 165//165 1856//1856 1548//1548 
f 165//165 2417//2417 1856//1856 
f 2417//2417 2347//2347 1856//1856 
f 1861//1861 2278//2278 1867//1867 
f 2211//2211 1861//1861 1867//1867 
f 2347//2347 1861//1861 2211//2211 
f 1856//1856 2347//2347 2211//2211 
f 1856//1856 2211//2211 5367//5367 
f 5367//5367 1548//1548 1856//1856 
f 5367//5367 5400//5400 1548//1548 
f 4636//4636 5057//5057 906//906 
f 5400//5400 4636//4636 906//906 
f 906//906 1548//1548 5400//5400 
f 1548//1548 906//906 5399//5399 
f 5399//5399 165//165 1548//1548 
f 19//19 165//165 5399//5399 
f 5399//5399 5363//5363 19//19 
f 5363//5363 5364//5364 166//166 
f 5363//5363 5399//5399 5364//5364 
f 5399//5399 906//906 5364//5364 
f 906//906 5057//5057 5364//5364 
f 5058//5058 4891//4891 5057//5057 
f 5364//5364 5057//5057 4891//4891 
f 5364//5364 4891//4891 4825//4825 
f 4825//4825 166//166 5364//5364 
f 4825//4825 1791//1791 166//166 
f 1791//1791 1619//1619 166//166 
f 4735//4735 1619//1619 1791//1791 
f 1791//1791 4413//4413 4735//4735 
f 4739//4739 4735//4735 4413//4413 
f 3564//3564 4739//4739 4413//4413 
f 5362//5362 4739//4739 3564//3564 
f 167//167 5362//5362 3564//3564 
f 3564//3564 1639//1639 167//167 
f 167//167 1639//1639 4889//4889 
f 4889//4889 4884//4884 167//167 
f 4980//4980 4884//4884 4889//4889 
f 4889//4889 1639//1639 4980//4980 
f 4980//4980 1639//1639 5003//5003 
f 5003//5003 5004//5004 4980//4980 
f 5003//5003 3611//3611 5004//5004 
f 3612//3612 3611//3611 5003//5003 
f 5003//5003 5006//5006 3612//3612 
f 5003//5003 1639//1639 5006//5006 
f 1639//1639 4977//4977 5006//5006 
f 1639//1639 3564//3564 4977//4977 
f 3564//3564 4413//4413 4977//4977 
f 903//903 4977//4977 4413//4413 
f 4413//4413 1791//1791 903//903 
f 1791//1791 4906//4906 903//903 
f 1791//1791 4825//4825 4906//4906 
f 4825//4825 4891//4891 4906//4906 
f 4906//4906 4891//4891 4953//4953 
f 898//898 4906//4906 4953//4953 
f 5002//5002 898//898 4953//4953 
f 4953//4953 5009//5009 5002//5002 
f 5435//5435 5009//5009 4953//4953 
f 4953//4953 4891//4891 5435//5435 
f 4891//4891 5058//5058 5435//5435 
f 4952//4952 5435//5435 5058//5058 
f 5005//5005 5435//5435 4952//4952 
f 4974//4974 5005//5005 4952//4952 
f 4974//4974 4952//4952 4973//4973 
f 4974//4974 4973//4973 4976//4976 
f 3592//3592 4974//4974 4976//4976 
f 4976//4976 4737//4737 3592//3592 
f 4976//4976 4732//4732 4737//4737 
f 4978//4978 4732//4732 4976//4976 
f 4976//4976 4973//4973 4978//4978 
f 4973//4973 5434//5434 4978//4978 
f 4973//4973 4892//4892 5434//5434 
f 4973//4973 4952//4952 4892//4892 
f 4952//4952 5058//5058 4892//4892 
f 4767//4767 4892//4892 5058//5058 
f 5058//5058 5057//5057 4767//4767 
f 5057//5057 4636//4636 4767//4767 
f 4635//4635 4767//4767 4636//4636 
f 4692//4692 4635//4635 4636//4636 
f 4637//4637 4692//4692 4636//4636 
f 4636//4636 5400//5400 4637//4637 
f 18//18 4637//4637 5400//5400 
f 5400//5400 5367//5367 18//18 
f 5367//5367 5365//5365 18//18 
f 5367//5367 2211//2211 5365//5365 
f 2211//2211 1867//1867 5365//5365 
f 5398//5398 5365//5365 1867//1867 
f 1867//1867 4828//4828 5398//5398 
f 1867//1867 2278//2278 4828//4828 
f 2278//2278 1860//1860 4828//4828 
f 4828//4828 1860//1860 4816//4816 
f 1860//1860 1864//1864 4816//4816 
f 1864//1864 1863//1863 4819//4819 
f 4816//4816 1864//1864 4819//4819 
f 4816//4816 4819//4819 2157//2157 
f 5411//5411 4816//4816 2157//2157 
f 4828//4828 4816//4816 5411//5411 
f 5398//5398 4828//4828 5411//5411 
f 5398//5398 5411//5411 5402//5402 
f 874//874 5398//5398 5402//5402 
f 5407//5407 874//874 5402//5402 
f 20//20 5407//5407 5402//5402 
f 5402//5402 4836//4836 20//20 
f 5402//5402 5416//5416 4836//4836 
f 5402//5402 5411//5411 5416//5416 
f 5411//5411 2157//2157 5416//5416 
f 5403//5403 5416//5416 2157//2157 
f 2157//2157 4821//4821 5403//5403 
f 2157//2157 4819//4819 4821//4821 
f 4819//4819 1832//1832 4821//4821 
f 4819//4819 1863//1863 1832//1832 
f 1863//1863 1871//1871 1832//1832 
f 1871//1871 1830//1830 1866//1866 
f 1832//1832 1871//1871 1866//1866 
f 1832//1832 1866//1866 4832//4832 
f 4821//4821 1832//1832 4832//4832 
f 4832//4832 4833//4833 4821//4821 
f 4834//4834 4833//4833 4832//4832 
f 4832//4832 2214//2214 4834//4834 
f 4832//4832 1866//1866 2214//2214 
f 1866//1866 2155//2155 2214//2214 
f 1866//1866 1830//1830 2155//2155 
f 1830//1830 2032//2032 2155//2155 
f 2349//2349 2032//2032 1830//1830 
f 2349//2349 2212//2212 2032//2032 
f 4818//4818 2212//2212 2349//2349 
f 4818//4818 4869//4869 2212//2212 
f 4869//4869 2350//2350 2212//2212 
f 4869//4869 4870//4870 2350//2350 
f 4870//4870 22//22 2350//2350 
f 2419//2419 2350//2350 22//22 
f 22//22 2279//2279 2419//2419 
f 22//22 1845//1845 2279//2279 
f 22//22 4835//4835 1845//1845 
f 22//22 4812//4812 4835//4835 
f 22//22 4813//4813 4812//4812 
f 22//22 4691//4691 4813//4813 
f 22//22 4578//4578 4691//4691 
f 22//22 4577//4577 4578//4578 
f 22//22 4768//4768 4577//4577 
f 22//22 4885//4885 4768//4768 
f 22//22 1790//1790 4885//4885 
f 22//22 4738//4738 1790//1790 
f 22//22 3614//3614 4738//4738 
f 22//22 4744//4744 3614//3614 
f 22//22 5156//5156 4744//4744 
f 3565//3565 5156//5156 22//22 
f 3579//3579 3565//3565 22//22 
f 3578//3578 3579//3579 22//22 
f 5025//5025 3578//3578 22//22 
f 5037//5037 5025//5025 22//22 
f 4966//4966 5037//5037 22//22 
f 4794//4794 4966//4966 22//22 
f 888//888 4794//4794 22//22 
f 887//887 888//888 22//22 
f 909//909 887//887 22//22 
f 1629//1629 909//909 22//22 
f 1636//1636 1629//1629 22//22 
f 1628//1628 1636//1636 22//22 
f 883//883 1628//1628 22//22 
f 883//883 1608//1608 1628//1628 
f 1608//1608 5060//5060 1628//1628 
f 5060//5060 1608//1608 1609//1609 
f 1609//1609 5408//5408 5060//5060 
f 890//890 1637//1637 893//893 
f 1637//1637 890//890 1609//1609 
f 890//890 5408//5408 1609//1609 
f 5418//5418 5408//5408 890//890 
f 890//890 894//894 5418//5418 
f 890//890 893//893 894//894 
f 1635//1635 894//894 893//893 
f 892//892 894//894 1635//1635 
f 1635//1635 5020//5020 892//892 
f 4986//4986 892//892 5020//5020 
f 847//847 892//892 4986//4986 
f 847//847 4986//4986 1633//1633 
f 1626//1626 847//847 1633//1633 
f 1633//1633 849//849 1626//1626 
f 1633//1633 4796//4796 849//849 
f 1633//1633 4986//4986 4796//4796 
f 5032//5032 4796//4796 4986//4986 
f 4986//4986 5020//5020 5032//5032 
f 5032//5032 5020//5020 5019//5019 
f 5029//5029 5032//5032 5019//5019 
f 4982//4982 5029//5029 5019//5019 
f 4982//4982 4987//4987 5029//5029 
f 4987//4987 4982//4982 4749//4749 
f 5063//5063 4987//4987 4749//4749 
f 3571//3571 4987//4987 5063//5063 
f 5131//5131 3571//3571 5063//5063 
f 5131//5131 3558//3558 3571//3571 
f 5131//5131 5158//5158 3558//3558 
f 5131//5131 4746//4746 5158//5158 
f 5130//5130 4746//4746 5131//5131 
f 5131//5131 5063//5063 5130//5130 
f 3588//3588 5130//5130 5063//5063 
f 5063//5063 4749//4749 3588//3588 
f 5132//5132 3588//3588 4749//4749 
f 4971//4971 3588//3588 5132//5132 
f 5132//5132 4984//4984 4971//4971 
f 4971//4971 4984//4984 3587//3587 
f 5352//5352 4971//4971 3587//3587 
f 156//156 5352//5352 3587//3587 
f 5351//5351 5352//5352 156//156 
f 3363//3363 5351//5351 156//156 
f 3206//3206 5351//5351 3363//3363 
f 3206//3206 1772//1772 5351//5351 
f 3435//3435 1772//1772 3206//3206 
f 3435//3435 3206//3206 3364//3364 
f 3503//3503 3435//3435 3364//3364 
f 3364//3364 3284//3284 3503//3503 
f 3284//3284 3502//3502 3503//3503 
f 3365//3365 3502//3502 3284//3284 
f 3284//3284 3204//3204 3365//3365 
f 3204//3204 3282//3282 3365//3365 
f 3203//3203 3282//3282 3204//3204 
f 3203//3203 3134//3134 3282//3282 
f 3207//3207 3282//3282 3134//3134 
f 3397//3397 3207//3207 3134//3134 
f 4799//4799 3397//3397 3134//3134 
f 4799//4799 3317//3317 3397//3397 
f 3317//3317 4799//4799 4788//4788 
f 3317//3317 4788//4788 3356//3356 
f 3354//3354 3317//3317 3356//3356 
f 3202//3202 3354//3354 3356//3356 
f 2289//2289 3202//3202 3356//3356 
f 1801//1801 3202//3202 2289//2289 
f 1801//1801 3274//3274 3202//3202 
f 1801//1801 2509//2509 3274//3274 
f 1801//1801 2434//2434 2509//2509 
f 1801//1801 2982//2982 2434//2434 
f 3166//3166 2434//2434 2982//2982 
f 2982//2982 3288//3288 3166//3166 
f 2982//2982 2432//2432 3288//3288 
f 2432//2432 2578//2578 3288//3288 
f 2432//2432 2579//2579 2578//2578 
f 2579//2579 3136//3136 2578//2578 
f 2579//2579 3135//3135 3136//3136 
f 3135//3135 3504//3504 3136//3136 
f 3135//3135 2047//2047 3504//3504 
f 1918//1918 3504//3504 2047//2047 
f 2047//2047 1990//1990 1918//1918 
f 1920//1920 1918//1918 1990//1990 
f 1990//1990 1921//1921 1920//1920 
f 1921//1921 3058//3058 1920//1920 
f 2898//2898 3058//3058 1921//1921 
f 1921//1921 1801//1801 2898//2898 
f 2898//2898 1801//1801 3211//3211 
f 3211//3211 3140//3140 2898//2898 
f 3140//3140 3058//3058 2898//2898 
f 3140//3140 3214//3214 3058//3058 
f 1961//1961 3214//3214 3140//3140 
f 3140//3140 3443//3443 1961//1961 
f 1959//1959 1961//1961 3443//3443 
f 2984//2984 1959//1959 3443//3443 
f 3443//3443 3371//3371 2984//2984 
f 3443//3443 3211//3211 3371//3371 
f 3211//3211 1801//1801 3371//3371 
f 3371//3371 1801//1801 3063//3063 
f 3063//3063 2984//2984 3371//3371 
f 2784//2784 2984//2984 3063//3063 
f 2859//2859 2784//2784 3063//3063 
f 3063//3063 1801//1801 2859//2859 
f 2859//2859 1801//1801 2635//2635 
f 2635//2635 2858//2858 2859//2859 
f 2782//2782 2858//2858 2635//2635 
f 2635//2635 2857//2857 2782//2782 
f 2635//2635 1801//1801 2857//2857 
f 2857//2857 1801//1801 2856//2856 
f 2912//2912 2761//2761 2837//2837 
f 2837//2837 2856//2856 2912//2912 
f 2856//2856 1801//1801 2912//2912 
f 2912//2912 1801//1801 2759//2759 
f 2761//2761 2912//2912 2759//2759 
f 2759//2759 3293//3293 2761//2761 
f 2507//2507 3293//3293 2759//2759 
f 2759//2759 1801//1801 2507//2507 
f 2510//2510 2507//2507 1801//1801 
f 2172//2172 2507//2507 2510//2510 
f 2183//2183 2172//2172 2510//2510 
f 1907//1907 2183//2183 2510//2510 
f 2510//2510 1801//1801 1907//1907 
f 1801//1801 2026//2026 1907//1907 
f 1801//1801 2027//2027 2026//2026 
f 1801//1801 2024//2024 2027//2027 
f 1801//1801 1839//1839 2024//2024 
f 1801//1801 1837//1837 1839//1839 
f 1801//1801 2303//2303 1837//1837 
f 1801//1801 2373//2373 2303//2303 
f 1801//1801 2021//2021 2373//2373 
f 1801//1801 2652//2652 2021//2021 
f 1801//1801 2506//2506 2652//2652 
f 1801//1801 2675//2675 2506//2506 
f 1801//1801 2360//2360 2675//2675 
f 1801//1801 2289//2289 2360//2360 
f 2289//2289 2361//2361 2360//2360 
f 2289//2289 3356//3356 2361//2361 
f 3356//3356 4788//4788 2361//2361 
f 4788//4788 2359//2359 2361//2361 
f 4788//4788 4800//4800 2359//2359 
f 4788//4788 4799//4799 4800//4800 
f 4800//4800 4799//4799 3210//3210 
f 4799//4799 3134//3134 3210//3210 
f 3134//3134 3203//3203 3210//3210 
f 2826//2826 3210//3210 3203//3203 
f 2826//2826 3062//3062 2983//2983 
f 3210//3210 2826//2826 2983//2983 
f 4800//4800 3210//3210 2983//2983 
f 2983//2983 2433//2433 4800//4800 
f 3242//3242 2433//2433 2983//2983 
f 2983//2983 3062//3062 3242//3242 
f 3062//3062 3241//3241 3242//3242 
f 3399//3399 3398//3398 3241//3241 
f 3241//3241 3398//3398 3318//3318 
f 3242//3242 3241//3241 3318//3318 
f 3318//3318 2720//2720 3242//3242 
f 3318//3318 2575//2575 2720//2720 
f 3315//3315 2575//2575 3318//3318 
f 3318//3318 3398//3398 3315//3315 
f 3398//3398 3396//3396 3315//3315 
f 3357//3357 3174//3174 3244//3244 
f 3244//3244 3174//3174 3396//3396 
f 3396//3396 3174//3174 3429//3429 
f 3315//3315 3396//3396 3429//3429 
f 3429//3429 2577//2577 3315//3315 
f 3429//3429 2449//2449 2577//2577 
f 2241//2241 2577//2577 2449//2449 
f 2449//2449 3488//3488 2241//2241 
f 2374//2374 3488//3488 2449//2449 
f 2374//2374 2306//2306 3488//3488 
f 2234//2234 2306//2306 2374//2374 
f 3127//3127 2234//2234 2374//2374 
f 2722//2722 2234//2234 3127//3127 
f 3127//3127 3049//3049 2722//2722 
f 3049//3049 2721//2721 2722//2722 
f 3049//3049 2788//2788 2721//2721 
f 2493//2493 2721//2721 2788//2788 
f 2788//2788 3430//3430 3124//3124 
f 3124//3124 2493//2493 2788//2788 
f 2493//2493 3124//3124 1877//1877 
f 1877//1877 2747//2747 2493//2493 
f 2747//2747 1877//1877 2568//2568 
f 2568//2568 2526//2526 2747//2747 
f 2526//2526 2568//2568 2748//2748 
f 2748//2748 2120//2120 2526//2526 
f 2120//2120 2307//2307 2526//2526 
f 2670//2670 2526//2526 2307//2307 
f 2670//2670 2307//2307 2238//2238 
f 2673//2673 2670//2670 2238//2238 
f 2238//2238 2444//2444 2673//2673 
f 2238//2238 2370//2370 2444//2444 
f 2524//2524 2370//2370 2238//2238 
f 2238//2238 2307//2307 2524//2524 
f 2307//2307 2115//2115 2524//2524 
f 2307//2307 2120//2120 2115//2115 
f 3526//3526 2115//2115 2120//2120 
f 3528//3528 3527//3527 3526//3526 
f 2115//2115 3526//3526 3527//3527 
f 2115//2115 3527//3527 3492//3492 
f 2524//2524 2115//2115 3492//3492 
f 3492//3492 2061//2061 2524//2524 
f 3492//3492 2062//2062 2061//2061 
f 2153//2153 2061//2061 2062//2062 
f 2001//2001 2153//2153 2062//2062 
f 2001//2001 2062//2062 2186//2186 
f 2247//2247 2001//2001 2186//2186 
f 2186//2186 2121//2121 2247//2247 
f 2247//2247 2121//2121 3215//3215 
f 3293//3293 2247//2247 3215//3215 
f 2761//2761 3293//3293 3215//3215 
f 3218//3218 2761//2761 3215//3215 
f 2837//2837 2761//2761 3218//3218 
f 3218//3218 2758//2758 2837//2837 
f 2837//2837 2758//2758 2934//2934 
f 2856//2856 2837//2837 2934//2934 
f 2857//2857 2856//2856 2934//2934 
f 2934//2934 2782//2782 2857//2857 
f 2934//2934 3374//3374 2782//2782 
f 2934//2934 2758//2758 3374//3374 
f 3374//3374 2758//2758 2833//2833 
f 3217//3217 2833//2833 2758//2758 
f 2758//2758 3218//3218 3217//3217 
f 3217//3217 3218//3218 3373//3373 
f 3218//3218 3215//3215 3373//3373 
f 3215//3215 2121//2121 3373//3373 
f 2121//2121 1808//1808 3373//3373 
f 2121//2121 2122//2122 1808//1808 
f 2122//2122 1809//1809 1808//1808 
f 1893//1893 1809//1809 1812//1812 
f 1808//1808 1809//1809 1893//1893 
f 1808//1808 1893//1893 3376//3376 
f 3373//3373 1808//1808 3376//3376 
f 3217//3217 3373//3373 3376//3376 
f 3146//3146 3217//3217 3376//3376 
f 2833//2833 3217//3217 3146//3146 
f 3146//3146 3066//3066 2833//2833 
f 3075//3075 2833//2833 3066//3066 
f 3374//3374 2833//2833 3075//3075 
f 3075//3075 3074//3074 3374//3374 
f 3075//3075 3372//3372 3074//3074 
f 2911//2911 3372//3372 3075//3075 
f 3075//3075 3066//3066 2911//2911 
f 2911//2911 3066//3066 3067//3067 
f 2909//2909 2911//2911 3067//3067 
f 2909//2909 3067//3067 1960//1960 
f 4791//4791 2909//2909 1960//1960 
f 4791//4791 2919//2919 2909//2909 
f 4842//4842 2919//2919 4791//4791 
f 4798//4798 2919//2919 4842//4842 
f 4798//4798 4827//4827 2919//2919 
f 4798//4798 4784//4784 4827//4827 
f 2905//2905 4827//4827 4784//4784 
f 1957//1957 2905//2905 4784//4784 
f 4784//4784 4826//4826 1957//1957 
f 4784//4784 4792//4792 4826//4826 
f 4841//4841 4826//4826 4792//4792 
f 4792//4792 4837//4837 4841//4841 
f 2936//2936 4841//4841 4837//4837 
f 2634//2634 2936//2936 4837//4837 
f 4837//4837 2920//2920 2634//2634 
f 2634//2634 2920//2920 2996//2996 
f 2713//2713 2634//2634 2996//2996 
f 2996//2996 2995//2995 2713//2713 
f 2985//2985 2995//2995 2996//2996 
f 3621//3621 2995//2995 2985//2985 
f 5401//5401 3621//3621 2985//2985 
f 2985//2985 2835//2835 5401//5401 
f 2835//2835 10//10 5401//5401 
f 2835//2835 3296//3296 10//10 
f 3296//3296 2835//2835 1834//1834 
f 4829//4829 3296//3296 1834//1834 
f 1925//1925 3147//3147 4829//4829 
f 3147//3147 3296//3296 4829//4829 
f 3147//3147 4741//4741 3296//3296 
f 4741//4741 3147//3147 2213//2213 
f 2//2 4741//4741 2213//2213 
f 2//2 5368//5368 4741//4741 
f 5368//5368 2//2 1859//1859 
f 2//2 4733//4733 1859//1859 
f 4733//4733 4831//4831 4814//4814 
f 1859//1859 4733//4733 4814//4814 
f 1859//1859 4814//4814 5369//5369 
f 956//956 5413//5413 163//163 
f 5369//5369 163//163 5413//5413 
f 5413//5413 1859//1859 5369//5369 
f 5368//5368 1859//1859 5413//5413 
f 5415//5415 5368//5368 5413//5413 
f 5413//5413 956//956 5415//5415 
f 5412//5412 5415//5415 956//956 
f 5051//5051 5412//5412 956//956 
f 3620//3620 5412//5412 5051//5051 
f 5051//5051 1619//1619 3620//3620 
f 5051//5051 166//166 1619//1619 
f 5051//5051 956//956 166//166 
f 956//956 163//163 166//166 
f 5363//5363 166//166 163//163 
f 163//163 5369//5369 5363//5363 
f 5369//5369 19//19 5363//5363 
f 5369//5369 4814//4814 19//19 
f 4814//4814 4830//4830 19//19 
f 4814//4814 4831//4831 4830//4830 
f 4831//4831 2156//2156 4830//4830 
f 2156//2156 2417//2417 4830//4830 
f 2156//2156 2216//2216 2417//2417 
f 2216//2216 2347//2347 2417//2417 
f 2216//2216 2280//2280 2347//2347 
f 2280//2280 1861//1861 2347//2347 
f 2280//2280 2640//2640 1861//1861 
f 2640//2640 2278//2278 1861//1861 
f 2640//2640 2570//2570 2278//2278 
f 2570//2570 1860//1860 2278//2278 
f 2570//2570 2571//2571 1860//1860 
f 2571//2571 1864//1864 1860//1860 
f 2571//2571 2496//2496 1864//1864 
f 2496//2496 1863//1863 1864//1864 
f 2496//2496 2495//2495 1863//1863 
f 2495//2495 1871//1871 1863//1863 
f 2495//2495 2420//2420 1871//1871 
f 2420//2420 1830//1830 1871//1871 
f 2420//2420 2349//2349 1830//1830 
f 4817//4817 2349//2349 2420//2420 
f 4817//4817 4818//4818 2349//2349 
f 1544//1544 4818//4818 4817//4817 
f 4817//4817 1090//1090 1544//1544 
f 1090//1090 5163//5163 1544//1544 
f 5163//5163 5050//5050 1544//1544 
f 5163//5163 5436//5436 5050//5050 
f 5163//5163 5015//5015 5436//5436 
f 5015//5015 918//918 5436//5436 
f 918//918 5015//5015 917//917 
f 917//917 5052//5052 918//918 
f 1621//1621 5052//5052 879//879 
f 918//918 5052//5052 1621//1621 
f 916//916 918//918 1621//1621 
f 916//916 1621//1621 902//902 
f 916//916 902//902 1642//1642 
f 1642//1642 5010//5010 916//916 
f 5011//5011 5010//5010 1642//1642 
f 1641//1641 5011//5011 1642//1642 
f 5054//5054 1641//1641 1642//1642 
f 1642//1642 902//902 5054//5054 
f 902//902 881//881 5054//5054 
f 881//881 5055//5055 5061//5061 
f 5061//5061 5055//5055 1612//1612 
f 1613//1613 913//913 1612//1612 
f 5061//5061 1612//1612 913//913 
f 913//913 880//880 5061//5061 
f 880//880 1623//1623 5061//5061 
f 881//881 5061//5061 1623//1623 
f 5054//5054 881//881 1623//1623 
f 1623//1623 4996//4996 5054//5054 
f 4996//4996 1641//1641 5054//5054 
f 4996//4996 987//987 1641//1641 
f 4993//4993 987//987 4996//4996 
f 4994//4994 4993//4993 4996//4996 
f 4996//4996 1623//1623 4994//4994 
f 1623//1623 880//880 4994//4994 
f 880//880 1640//1640 4994//4994 
f 1616//1616 4994//4994 1640//1640 
f 1616//1616 4993//4993 4994//4994 
f 4993//4993 1616//1616 1624//1624 
f 4993//4993 1624//1624 16//16 
f 987//987 4993//4993 16//16 
f 16//16 5350//5350 987//987 
f 22//22 5350//5350 16//16 
f 16//16 1624//1624 22//22 
f 1624//1624 883//883 22//22 
f 1624//1624 1616//1616 883//883 
f 1616//1616 1608//1608 883//883 
f 1616//1616 1640//1640 1608//1608 
f 1609//1609 1608//1608 1640//1640 
f 1640//1640 1637//1637 1609//1609 
f 1640//1640 880//880 1637//1637 
f 880//880 913//913 1637//1637 
f 893//893 1637//1637 913//913 
f 913//913 1613//1613 893//893 
f 1613//1613 1635//1635 893//893 
f 1635//1635 1613//1613 5410//5410 
f 5020//5020 1635//1635 5410//5410 
f 5410//5410 5019//5019 5020//5020 
f 5410//5410 5382//5382 5019//5019 
f 5382//5382 4982//4982 5019//5019 
f 5382//5382 5129//5129 4982//4982 
f 4749//4749 4982//4982 5129//5129 
f 5132//5132 4749//4749 5129//5129 
f 5132//5132 5129//5129 5042//5042 
f 5042//5042 4984//4984 5132//5132 
f 5039//5039 4984//4984 5042//5042 
f 5397//5397 5039//5039 5042//5042 
f 164//164 5039//5039 5397//5397 
f 4983//4983 5039//5039 164//164 
f 4983//4983 5046//5046 5039//5039 
f 5046//5046 4984//4984 5039//5039 
f 5046//5046 3587//3587 4984//4984 
f 3589//3589 3587//3587 5046//5046 
f 3051//3051 3205//3205 3589//3589 
f 3051//3051 2980//2980 3205//3205 
f 2980//2980 3361//3361 3205//3205 
f 3205//3205 3361//3361 3585//3585 
f 3589//3589 3205//3205 3585//3585 
f 3585//3585 3587//3587 3589//3589 
f 3585//3585 156//156 3587//3587 
f 3585//3585 3361//3361 156//156 
f 3361//3361 3363//3363 156//156 
f 3283//3283 3363//3363 3361//3361 
f 3361//3361 2980//2980 3283//3283 
f 3280//3280 3285//3285 3362//3362 
f 3281//3281 3285//3285 3280//3280 
f 3281//3281 3280//3280 2903//2903 
f 2903//2903 3280//3280 2902//2902 
f 2903//2903 2902//2902 3169//3169 
f 3169//3169 2902//2902 3061//3061 
f 3061//3061 2902//2902 2980//2980 
f 2902//2902 3283//3283 2980//2980 
f 2902//2902 3280//3280 3283//3283 
f 3280//3280 3362//3362 3283//3283 
f 3363//3363 3283//3283 3362//3362 
f 3362//3362 3206//3206 3363//3363 
f 3364//3364 3206//3206 3362//3362 
f 3362//3362 3285//3285 3364//3364 
f 3284//3284 3364//3364 3285//3285 
f 3204//3204 3284//3284 3285//3285 
f 3285//3285 3281//3281 3204//3204 
f 3281//3281 3203//3203 3204//3204 
f 2826//2826 3203//3203 3281//3281 
f 3281//3281 2903//2903 2826//2826 
f 2903//2903 3062//3062 2826//2826 
f 2903//2903 3169//3169 3062//3062 
f 3169//3169 3241//3241 3062//3062 
f 3399//3399 3241//3241 3169//3169 
f 3169//3169 3061//3061 3399//3399 
f 3399//3399 3061//3061 3240//3240 
f 3238//3238 3240//3240 3319//3319 
f 3399//3399 3240//3240 3238//3238 
f 3238//3238 3398//3398 3399//3399 
f 3238//3238 3396//3396 3398//3398 
f 3244//3244 3396//3396 3238//3238 
f 3238//3238 3319//3319 3244//3244 
f 3244//3244 3319//3319 3316//3316 
f 3316//3316 3357//3357 3244//3244 
f 3357//3357 3316//3316 3501//3501 
f 3501//3501 3200//3200 3357//3357 
f 3200//3200 3277//3277 3357//3357 
f 3174//3174 3357//3357 3277//3277 
f 3174//3174 3277//3277 3358//3358 
f 3429//3429 3174//3174 3358//3358 
f 3358//3358 2449//2449 3429//3429 
f 3358//3358 2374//2374 2449//2449 
f 3127//3127 2374//2374 3358//3358 
f 3358//3358 3277//3277 3127//3127 
f 3277//3277 3049//3049 3127//3127 
f 3277//3277 3200//3200 3049//3049 
f 2788//2788 3049//3049 3200//3200 
f 3430//3430 2788//2788 3200//3200 
f 3200//3200 3501//3501 3430//3430 
f 3430//3430 3501//3501 3395//3395 
f 3501//3501 3239//3239 3395//3395 
f 3501//3501 3316//3316 3239//3239 
f 3316//3316 3321//3321 3239//3239 
f 3316//3316 3319//3319 3321//3321 
f 3319//3319 3167//3167 3321//3321 
f 3319//3319 3240//3240 3167//3167 
f 3240//3240 2981//2981 3167//3167 
f 3240//3240 3061//3061 2981//2981 
f 3061//3061 2980//2980 2981//2981 
f 2980//2980 3051//3051 2981//2981 
f 3213//3213 2981//2981 3051//3051 
f 3213//3213 3167//3167 2981//2981 
f 3168//3168 3167//3167 3213//3213 
f 3168//3168 3321//3321 3167//3167 
f 3320//3320 3321//3321 3168//3168 
f 3320//3320 3239//3239 3321//3321 
f 3237//3237 3239//3239 3320//3320 
f 3320//3320 4988//4988 3237//3237 
f 3237//3237 4988//4988 5031//5031 
f 3237//3237 5031//5031 3173//3173 
f 3173//3173 3395//3395 3237//3237 
f 3173//3173 3126//3126 3395//3395 
f 3430//3430 3395//3395 3126//3126 
f 3124//3124 3430//3430 3126//3126 
f 3124//3124 3126//3126 3276//3276 
f 1877//1877 3124//3124 3276//3276 
f 3278//3278 3407//3407 3276//3276 
f 1877//1877 3276//3276 3407//3407 
f 2568//2568 1877//1877 3407//3407 
f 2568//2568 3407//3407 2719//2719 
f 2748//2748 2568//2568 2719//2719 
f 2748//2748 2719//2719 2668//2668 
f 2310//2310 2748//2748 2668//2668 
f 2120//2120 2748//2748 2310//2310 
f 2310//2310 3526//3526 2120//2120 
f 3526//3526 2310//2310 2527//2527 
f 2527//2527 3528//3528 3526//3526 
f 3528//3528 2527//2527 3550//3550 
f 3550//3550 3018//3018 3528//3528 
f 3528//3528 3018//3018 3016//3016 
f 3527//3527 3528//3528 3016//3016 
f 3527//3527 3016//3016 2088//2088 
f 3492//3492 3527//3527 2088//2088 
f 2088//2088 2062//2062 3492//3492 
f 2088//2088 2186//2186 2062//2062 
f 2122//2122 2186//2186 2088//2088 
f 2088//2088 3016//3016 2122//2122 
f 3016//3016 1809//1809 2122//2122 
f 3016//3016 3018//3018 1809//1809 
f 3018//3018 1812//1812 1809//1809 
f 3018//3018 2942//2942 1812//1812 
f 1812//1812 2942//2942 1811//1811 
f 1811//1811 1889//1889 1812//1812 
f 1889//1889 1893//1893 1812//1812 
f 1893//1893 1889//1889 3295//3295 
f 3376//3376 1893//1893 3295//3295 
f 3146//3146 3376//3376 3295//3295 
f 3148//3148 3146//3146 3295//3295 
f 3066//3066 3146//3146 3148//3148 
f 3148//3148 3067//3067 3066//3066 
f 3067//3067 3148//3148 2987//2987 
f 2987//2987 1960//1960 3067//3067 
f 2987//2987 2165//2165 1960//1960 
f 1948//1948 1960//1960 2165//2165 
f 4791//4791 1960//1960 1948//1948 
f 4791//4791 1948//1948 4840//4840 
f 4842//4842 4791//4791 4840//4840 
f 4842//4842 4840//4840 2910//2910 
f 2910//2910 4839//4839 4842//4842 
f 4839//4839 4798//4798 4842//4842 
f 4792//4792 4798//4798 4839//4839 
f 4837//4837 4792//4792 4839//4839 
f 2920//2920 4837//4837 4839//4839 
f 4839//4839 2910//2910 2920//2920 
f 2920//2920 2910//2910 2986//2986 
f 2996//2996 2920//2920 2986//2986 
f 2986//2986 2985//2985 2996//2996 
f 2835//2835 2985//2985 2986//2986 
f 1834//1834 2835//2835 2986//2986 
f 2986//2986 2910//2910 1834//1834 
f 2910//2910 4840//4840 1834//1834 
f 4840//4840 4829//4829 1834//1834 
f 4840//4840 1948//1948 4829//4829 
f 1925//1925 4829//4829 1948//1948 
f 1948//1948 2165//2165 1925//1925 
f 1925//1925 2165//2165 2044//2044 
f 2165//2165 3150//3150 2044//2044 
f 2165//2165 2987//2987 3150//3150 
f 3219//3219 3150//3150 2987//2987 
f 2987//2987 3148//3148 3219//3219 
f 3148//3148 3295//3295 3219//3219 
f 3295//3295 1889//1889 3219//3219 
f 1889//1889 1841//1841 3219//3219 
f 1889//1889 1811//1811 1841//1841 
f 1811//1811 1820//1820 1841//1841 
f 1811//1811 3019//3019 1820//1820 
f 1811//1811 2942//2942 3019//3019 
f 2942//2942 3405//3405 3019//3019 
f 2942//2942 3550//3550 3405//3405 
f 3550//3550 2116//2116 3405//3405 
f 3550//3550 2527//2527 2116//2116 
f 2527//2527 2598//2598 2116//2116 
f 2527//2527 2310//2310 2598//2598 
f 2310//2310 2668//2668 2598//2598 
f 2672//2672 2598//2598 2668//2668 
f 2595//2595 2598//2598 2672//2672 
f 5355//5355 2595//2595 2672//2672 
f 5355//5355 2672//2672 5034//5034 
f 5034//5034 151//151 5355//5355 
f 5423//5423 151//151 5034//5034 
f 897//897 5423//5423 5034//5034 
f 897//897 11//11 5423//5423 
f 5378//5378 5423//5423 11//11 
f 1610//1610 5423//5423 5378//5378 
f 12//12 1610//1610 5378//5378 
f 1625//1625 1610//1610 12//12 
f 5059//5059 1625//1625 12//12 
f 872//872 1625//1625 5059//5059 
f 872//872 5388//5388 1625//1625 
f 872//872 5353//5353 5388//5388 
f 875//875 5353//5353 872//872 
f 5033//5033 5353//5353 875//875 
f 5033//5033 5040//5040 5353//5353 
f 5395//5395 5040//5040 5033//5033 
f 5395//5395 5033//5033 5396//5396 
f 5374//5374 5395//5395 5396//5396 
f 5374//5374 5396//5396 5381//5381 
f 5396//5396 5385//5385 5381//5381 
f 5396//5396 5017//5017 5385//5385 
f 5396//5396 5033//5033 5017//5017 
f 5033//5033 875//875 5017//5017 
f 5017//5017 875//875 877//877 
f 877//877 5012//5012 5017//5017 
f 5012//5012 877//877 1618//1618 
f 5018//5018 5012//5012 1618//1618 
f 5018//5018 1618//1618 1617//1617 
f 5018//5018 1617//1617 5016//5016 
f 162//162 5018//5018 5016//5016 
f 162//162 5016//5016 160//160 
f 160//160 5372//5372 162//162 
f 152//152 162//162 5372//5372 
f 5372//5372 2158//2158 2215//2215 
f 2215//2215 152//152 5372//5372 
f 152//152 2215//2215 2282//2282 
f 2282//2282 5383//5383 152//152 
f 5383//5383 2282//2282 2421//2421 
f 2421//2421 5381//5381 5383//5383 
f 5381//5381 2421//2421 2422//2422 
f 2422//2422 5374//5374 5381//5381 
f 5374//5374 2422//2422 4820//4820 
f 4820//4820 5391//5391 5374//5374 
f 5391//5391 4820//4820 2217//2217 
f 2217//2217 5380//5380 5391//5391 
f 5380//5380 2217//2217 2351//2351 
f 2351//2351 5348//5348 5380//5380 
f 5348//5348 2351//2351 2281//2281 
f 2281//2281 5427//5427 5348//5348 
f 5427//5427 2281//2281 4742//4742 
f 4742//4742 5425//5425 5427//5427 
f 5425//5425 5354//5354 5427//5427 
f 154//154 5354//5354 5425//5425 
f 5425//5425 153//153 154//154 
f 153//153 1986//1986 154//154 
f 1817//1817 154//154 1986//1986 
f 1818//1818 1817//1817 1986//1986 
f 1986//1986 2044//2044 1818//1818 
f 1986//1986 1987//1987 2044//2044 
f 1987//1987 1925//1925 2044//2044 
f 1987//1987 3147//3147 1925//1925 
f 2213//2213 3147//3147 1987//1987 
f 1987//1987 153//153 2213//2213 
f 153//153 4743//4743 2213//2213 
f 2//2 2213//2213 4743//4743 
f 4733//4733 2//2 4743//4743 
f 4743//4743 4742//4742 4733//4733 
f 4742//4742 4831//4831 4733//4733 
f 4742//4742 2281//2281 4831//4831 
f 2281//2281 2156//2156 4831//4831 
f 2281//2281 2351//2351 2156//2156 
f 2351//2351 2216//2216 2156//2156 
f 2351//2351 2217//2217 2216//2216 
f 2217//2217 2280//2280 2216//2216 
f 2217//2217 4820//4820 2280//2280 
f 4820//4820 2640//2640 2280//2280 
f 4820//4820 2422//2422 2640//2640 
f 2422//2422 2570//2570 2640//2640 
f 2422//2422 2421//2421 2570//2570 
f 2421//2421 2571//2571 2570//2570 
f 2421//2421 2282//2282 2571//2571 
f 2282//2282 2496//2496 2571//2571 
f 2282//2282 2215//2215 2496//2496 
f 2215//2215 2495//2495 2496//2496 
f 2215//2215 2158//2158 2495//2495 
f 2158//2158 2420//2420 2495//2495 
f 2158//2158 4817//4817 2420//2420 
f 1090//1090 4817//4817 2158//2158 
f 2158//2158 5372//5372 1090//1090 
f 5372//5372 160//160 1090//1090 
f 160//160 5163//5163 1090//1090 
f 160//160 5015//5015 5163//5163 
f 160//160 5016//5016 5015//5015 
f 5016//5016 917//917 5015//5015 
f 5016//5016 1617//1617 917//917 
f 1617//1617 1620//1620 917//917 
f 1620//1620 4972//4972 1614//1614 
f 1620//1620 1617//1617 4972//4972 
f 1617//1617 1618//1618 4972//4972 
f 5048//5048 4972//4972 1618//1618 
f 1618//1618 877//877 5048//5048 
f 5053//5053 5048//5048 877//877 
f 877//877 875//875 5053//5053 
f 875//875 872//872 5053//5053 
f 872//872 5059//5059 5053//5053 
f 885//885 5053//5053 5059//5059 
f 5048//5048 5053//5053 885//885 
f 900//900 5048//5048 885//885 
f 4972//4972 5048//5048 900//900 
f 1614//1614 4972//4972 900//900 
f 900//900 912//912 1614//1614 
f 912//912 911//911 1614//1614 
f 911//911 4771//4771 1615//1615 
f 1614//1614 911//911 1615//1615 
f 1615//1615 1620//1620 1614//1614 
f 1615//1615 5052//5052 1620//1620 
f 879//879 5052//5052 1615//1615 
f 1615//1615 4771//4771 879//879 
f 4771//4771 1638//1638 5047//5047 
f 5047//5047 879//879 4771//4771 
f 5047//5047 914//914 879//879 
f 1621//1621 879//879 914//914 
f 902//902 1621//1621 914//914 
f 881//881 902//902 914//914 
f 914//914 5055//5055 881//881 
f 914//914 5047//5047 5055//5055 
f 5047//5047 1638//1638 5055//5055 
f 1638//1638 1612//1612 5055//5055 
f 1613//1613 1612//1612 1638//1638 
f 5421//5421 1613//1613 1638//1638 
f 5410//5410 1613//1613 5421//5421 
f 5421//5421 5419//5419 5410//5410 
f 5382//5382 5410//5410 5419//5419 
f 5382//5382 5419//5419 4992//4992 
f 5129//5129 5382//5382 4992//4992 
f 5042//5042 5129//5129 4992//4992 
f 4992//4992 5397//5397 5042//5042 
f 4992//4992 5419//5419 5397//5397 
f 5370//5370 5397//5397 5419//5419 
f 5370//5370 164//164 5397//5397 
f 5371//5371 5370//5370 161//161 
f 5371//5371 164//164 5370//5370 
f 5371//5371 4797//4797 164//164 
f 4797//4797 4983//4983 164//164 
f 4797//4797 4965//4965 4983//4983 
f 5045//5045 4983//4983 4965//4965 
f 5045//5045 5046//5046 4983//4983 
f 3589//3589 5046//5046 5045//5045 
f 5045//5045 3051//3051 3589//3589 
f 5045//5045 3213//3213 3051//3051 
f 5045//5045 4965//4965 3213//3213 
f 4965//4965 3168//3168 3213//3213 
f 4965//4965 4795//4795 3168//3168 
f 4795//4795 3320//3320 3168//3168 
f 4795//4795 4988//4988 3320//3320 
f 4795//4795 4990//4990 4988//4988 
f 4990//4990 5376//5376 4988//4988 
f 5376//5376 5031//5031 4988//4988 
f 149//149 5031//5031 5376//5376 
f 149//149 1021//1021 5031//5031 
f 3173//3173 5031//5031 1021//1021 
f 3201//3201 3173//3173 1021//1021 
f 3201//3201 3126//3126 3173//3173 
f 3201//3201 3276//3276 3126//3126 
f 3278//3278 3276//3276 3201//3201 
f 3201//3201 895//895 3278//3278 
f 3201//3201 1021//1021 895//895 
f 1510//1510 895//895 1021//1021 
f 1021//1021 149//149 1510//1510 
f 1510//1510 149//149 5375//5375 
f 5375//5375 5392//5392 1510//1510 
f 5392//5392 5377//5377 1510//1510 
f 895//895 1510//1510 5377//5377 
f 5377//5377 891//891 895//895 
f 891//891 3278//3278 895//895 
f 891//891 3408//3408 3278//3278 
f 3408//3408 3407//3407 3278//3278 
f 3408//3408 2719//2719 3407//3407 
f 2787//2787 2719//2719 3408//3408 
f 2787//2787 2668//2668 2719//2719 
f 2672//2672 2668//2668 2787//2787 
f 2787//2787 5034//5034 2672//2672 
f 897//897 5034//5034 2787//2787 
f 2787//2787 3408//3408 897//897 
f 3408//3408 891//891 897//897 
f 11//11 897//897 891//891 
f 891//891 5377//5377 11//11 
f 5377//5377 5373//5373 11//11 
f 5378//5378 11//11 5373//5373 
f 5373//5373 5420//5420 5378//5378 
f 12//12 5378//5378 5420//5420 
f 5420//5420 899//899 12//12 
f 899//899 884//884 12//12 
f 5059//5059 12//12 884//884 
f 884//884 885//885 5059//5059 
f 884//884 882//882 885//885 
f 882//882 900//900 885//885 
f 882//882 912//912 900//900 
f 882//882 1634//1634 912//912 
f 1634//1634 908//908 912//912 
f 911//911 912//912 908//908 
f 908//908 889//889 911//911 
f 889//889 4771//4771 911//911 
f 889//889 5394//5394 4771//4771 
f 5394//5394 1638//1638 4771//4771 
f 5421//5421 1638//1638 5394//5394 
f 5394//5394 5419//5419 5421//5421 
f 5394//5394 5370//5370 5419//5419 
f 5394//5394 161//161 5370//5370 
f 5394//5394 889//889 161//161 
f 889//889 5393//5393 161//161 
f 5393//5393 5371//5371 161//161 
f 4990//4990 5371//5371 5393//5393 
f 5376//5376 4990//4990 5393//5393 
f 5393//5393 157//157 5376//5376 
f 149//149 5376//5376 157//157 
f 157//157 5375//5375 149//149 
# mm_gid 17
g mmGroup17
f 3149//3149 3378//3378 3069//3069 
f 3303//3303 2620//2620 2403//2403 
f 3300//3300 3149//3149 3298//3298 
f 3149//3149 3299//3299 3298//3298 
f 3149//3149 3379//3379 3299//3299 
f 3299//3299 3379//3379 2613//2613 
f 3071//3071 2473//2473 2481//2481 
f 2989//2989 3220//3220 2988//2988 
f 3220//3220 3222//3222 2988//2988 
f 3220//3220 3151//3151 3222//3222 
f 3220//3220 3071//3071 3151//3151 
f 3071//3071 2481//2481 3151//3151 
f 2481//2481 2551//2551 3151//3151 
f 2551//2551 3222//3222 3151//3151 
f 2551//2551 2618//2618 3222//3222 
f 2618//2618 2988//2988 3222//3222 
f 2618//2618 2705//2705 2988//2988 
f 2705//2705 2989//2989 2988//2988 
f 2704//2704 2989//2989 2705//2705 
f 3070//3070 2989//2989 2704//2704 
f 3220//3220 2989//2989 3070//3070 
f 3070//3070 2990//2990 3220//3220 
f 3220//3220 2990//2990 3379//3379 
f 3068//3068 3379//3379 2990//2990 
f 3068//3068 2990//2990 2702//2702 
f 3068//3068 2702//2702 2623//2623 
f 2549//2549 2623//2623 2482//2482 
f 3068//3068 2623//2623 2549//2549 
f 3379//3379 3068//3068 2549//2549 
f 2913//2913 3379//3379 2549//2549 
f 2549//2549 2482//2482 2913//2913 
f 2913//2913 2482//2482 2555//2555 
f 2555//2555 2851//2851 2544//2544 
f 2913//2913 2555//2555 2544//2544 
f 3379//3379 2913//2913 2544//2544 
f 2613//2613 3379//3379 2544//2544 
f 2544//2544 2851//2851 2613//2613 
f 2851//2851 2557//2557 2613//2613 
f 3299//3299 2613//2613 2557//2557 
f 3299//3299 2557//2557 2548//2548 
f 3298//3298 3299//3299 2548//2548 
f 2480//2480 3298//3298 2548//2548 
f 3300//3300 3298//3298 2480//2480 
f 2480//2480 2620//2620 3300//3300 
f 2620//2620 3303//3303 3300//3300 
f 3149//3149 3300//3300 3303//3303 
f 3378//3378 3149//3149 3303//3303 
f 3303//3303 2403//2403 3378//3378 
f 2402//2402 3378//3378 2403//2403 
f 3069//3069 3378//3378 2402//2402 
f 2402//2402 2475//2475 3069//3069 
f 2475//2475 3221//3221 3069//3069 
f 3221//3221 2475//2475 2401//2401 
f 2556//2556 3454//3454 2621//2621 
f 2556//2556 3450//3450 3454//3454 
f 3450//3450 2556//2556 2334//2334 
f 3510//3510 3450//3450 2334//2334 
f 2334//2334 2330//2330 3510//3510 
f 3382//3382 2552//2552 2478//2478 
f 2626//2626 3302//3302 2477//2477 
f 2626//2626 3375//3375 3302//3302 
f 3375//3375 2626//2626 2471//2471 
f 3377//3377 3375//3375 2471//2471 
f 3377//3377 2471//2471 2474//2474 
f 3377//3377 2474//2474 3225//3225 
f 2474//2474 2553//2553 3225//3225 
f 2479//2479 3152//3152 2622//2622 
f 3451//3451 3223//3223 3511//3511 
f 3511//3511 3223//3223 2554//2554 
f 2479//2479 2554//2554 3223//3223 
f 3152//3152 2479//2479 3223//3223 
f 3223//3223 3451//3451 3152//3152 
f 3451//3451 3224//3224 3152//3152 
f 2622//2622 3152//3152 3224//3224 
f 3224//3224 2553//2553 2622//2622 
f 3224//3224 3225//3225 2553//2553 
f 3224//3224 3451//3451 3225//3225 
f 3451//3451 3377//3377 3225//3225 
f 3451//3451 3297//3297 3377//3377 
f 3297//3297 3375//3375 3377//3377 
f 3297//3297 3302//3302 3375//3375 
f 3297//3297 3383//3383 3302//3302 
f 3383//3383 2477//2477 3302//3302 
f 2478//2478 2477//2477 3383//3383 
f 3383//3383 3382//3382 2478//2478 
f 3383//3383 3297//3297 3382//3382 
f 3297//3297 3456//3456 3382//3382 
f 2552//2552 3382//3382 3456//3456 
f 2552//2552 3456//3456 2330//2330 
f 3510//3510 2330//2330 3456//3456 
f 3456//3456 3297//3297 3510//3510 
f 3452//3452 3510//3510 3297//3297 
f 3452//3452 3450//3450 3510//3510 
f 3452//3452 3454//3454 3450//3450 
f 3452//3452 3301//3301 3455//3455 
f 3454//3454 3452//3452 3455//3455 
f 3455//3455 2621//2621 3454//3454 
f 2768//2768 2621//2621 3455//3455 
f 3455//3455 3301//3301 2768//2768 
f 3301//3301 2766//2766 2768//2768 
f 3380//3380 3381//3381 2698//2698 
f 2698//2698 2766//2766 3380//3380 
f 2766//2766 3301//3301 3380//3380 
f 3301//3301 3452//3452 3380//3380 
f 3452//3452 3381//3381 3380//3380 
f 3381//3381 3452//3452 3221//3221 
f 3221//3221 2401//2401 3381//3381 
f 2698//2698 3381//3381 2401//2401 
f 2698//2698 2401//2401 2400//2400 
f 2400//2400 2766//2766 2698//2698 
f 2768//2768 2766//2766 2400//2400 
f 2400//2400 2621//2621 2768//2768 
f 2556//2556 2621//2621 2400//2400 
f 2400//2400 2334//2334 2556//2556 
f 2400//2400 2330//2330 2334//2334 
f 2400//2400 2397//2397 2330//2330 
f 2552//2552 2330//2330 2397//2397 
f 2397//2397 2478//2478 2552//2552 
f 2477//2477 2478//2478 2397//2397 
f 2397//2397 2626//2626 2477//2477 
f 2397//2397 2471//2471 2626//2626 
f 2474//2474 2471//2471 2397//2397 
f 2472//2472 2474//2474 2397//2397 
f 2472//2472 2553//2553 2474//2474 
f 2622//2622 2553//2553 2472//2472 
f 2472//2472 2479//2479 2622//2622 
f 2554//2554 2479//2479 2472//2472 
f 2472//2472 2398//2398 2554//2554 
f 3511//3511 2554//2554 2398//2398 
f 3511//3511 2398//2398 3449//3449 
f 3451//3451 3511//3511 3449//3449 
f 3451//3451 3449//3449 3220//3220 
f 3071//3071 3220//3220 3449//3449 
f 3449//3449 2473//2473 3071//3071 
f 3449//3449 2398//2398 2473//2473 
f 2398//2398 2472//2472 2473//2473 
f 2472//2472 2476//2476 2473//2473 
f 2481//2481 2473//2473 2476//2476 
f 2476//2476 2551//2551 2481//2481 
f 2476//2476 2618//2618 2551//2551 
f 2476//2476 2705//2705 2618//2618 
f 2704//2704 2705//2705 2476//2476 
f 2476//2476 2703//2703 2704//2704 
f 2703//2703 3070//3070 2704//2704 
f 2990//2990 3070//3070 2703//2703 
f 2702//2702 2990//2990 2703//2703 
f 2703//2703 2476//2476 2702//2702 
f 2476//2476 2550//2550 2702//2702 
f 2623//2623 2702//2702 2550//2550 
f 2550//2550 2482//2482 2623//2623 
f 2555//2555 2482//2482 2550//2550 
f 2550//2550 2851//2851 2555//2555 
f 2557//2557 2851//2851 2550//2550 
f 2548//2548 2557//2557 2550//2550 
f 2331//2331 2548//2548 2550//2550 
f 2331//2331 2480//2480 2548//2548 
f 2620//2620 2480//2480 2331//2331 
f 2331//2331 2403//2403 2620//2620 
f 2402//2402 2403//2403 2331//2331 
f 2331//2331 2475//2475 2402//2402 
f 2331//2331 2401//2401 2475//2475 
f 2331//2331 2400//2400 2401//2401 
f 2400//2400 2331//2331 3149//3149 
f 2331//2331 3379//3379 3149//3149 
f 2331//2331 2550//2550 3379//3379 
f 2550//2550 3220//3220 3379//3379 
f 2550//2550 2476//2476 3220//3220 
f 2476//2476 3451//3451 3220//3220 
f 2476//2476 2472//2472 3451//3451 
f 2472//2472 3297//3297 3451//3451 
f 2472//2472 2397//2397 3297//3297 
f 2397//2397 3452//3452 3297//3297 
f 2397//2397 2400//2400 3452//3452 
f 2400//2400 3149//3149 3452//3452 
f 3149//3149 3221//3221 3452//3452 
f 3149//3149 3069//3069 3221//3221 
# mm_gid 24
g mmGroup24
f 2775//2775 2773//2773 2852//2852 
f 2774//2774 2715//2715 2933//2933 
f 2559//2559 2775//2775 2558//2558 
f 2775//2775 2624//2624 2558//2558 
f 2775//2775 2625//2625 2624//2624 
f 2624//2624 2625//2625 2916//2916 
f 2546//2546 2924//2924 2339//2339 
f 2701//2701 2707//2707 2765//2765 
f 2707//2707 2628//2628 2765//2765 
f 2707//2707 2706//2706 2628//2628 
f 2707//2707 2546//2546 2706//2706 
f 2546//2546 2339//2339 2706//2706 
f 2339//2339 2781//2781 2706//2706 
f 2781//2781 2628//2628 2706//2706 
f 2781//2781 2854//2854 2628//2628 
f 2854//2854 2765//2765 2628//2628 
f 2854//2854 2697//2697 2765//2765 
f 2697//2697 2701//2701 2765//2765 
f 2695//2695 2701//2701 2697//2697 
f 2615//2615 2701//2701 2695//2695 
f 2707//2707 2701//2701 2615//2615 
f 2615//2615 2696//2696 2707//2707 
f 2707//2707 2696//2696 2625//2625 
f 2842//2842 2625//2625 2696//2696 
f 2842//2842 2696//2696 2763//2763 
f 2842//2842 2763//2763 2694//2694 
f 2994//2994 2694//2694 2917//2917 
f 2842//2842 2694//2694 2994//2994 
f 2625//2625 2842//2842 2994//2994 
f 2918//2918 2625//2625 2994//2994 
f 2994//2994 2917//2917 2918//2918 
f 2918//2918 2917//2917 2841//2841 
f 2841//2841 2915//2915 2843//2843 
f 2918//2918 2841//2841 2843//2843 
f 2625//2625 2918//2918 2843//2843 
f 2916//2916 2625//2625 2843//2843 
f 2843//2843 2915//2915 2916//2916 
f 2915//2915 2914//2914 2916//2916 
f 2624//2624 2916//2916 2914//2914 
f 2624//2624 2914//2914 2931//2931 
f 2558//2558 2624//2624 2931//2931 
f 2855//2855 2558//2558 2931//2931 
f 2559//2559 2558//2558 2855//2855 
f 2855//2855 2715//2715 2559//2559 
f 2715//2715 2774//2774 2559//2559 
f 2775//2775 2559//2559 2774//2774 
f 2773//2773 2775//2775 2774//2774 
f 2774//2774 2933//2933 2773//2773 
f 2932//2932 2773//2773 2933//2933 
f 2852//2852 2773//2773 2932//2932 
f 2932//2932 2930//2930 2852//2852 
f 2930//2930 2710//2710 2852//2852 
f 2710//2710 2930//2930 2929//2929 
f 2560//2560 2771//2771 2485//2485 
f 2560//2560 2709//2709 2771//2771 
f 2709//2709 2560//2560 2927//2927 
f 2708//2708 2709//2709 2927//2927 
f 2927//2927 2926//2926 2708//2708 
f 2767//2767 2484//2484 2409//2409 
f 2407//2407 2699//2699 2483//2483 
f 2407//2407 2780//2780 2699//2699 
f 2780//2780 2407//2407 2844//2844 
f 2779//2779 2780//2780 2844//2844 
f 2779//2779 2844//2844 2845//2845 
f 2779//2779 2845//2845 2616//2616 
f 2845//2845 2337//2337 2616//2616 
f 2408//2408 2547//2547 2406//2406 
f 2778//2778 2619//2619 2853//2853 
f 2853//2853 2619//2619 2338//2338 
f 2408//2408 2338//2338 2619//2619 
f 2547//2547 2408//2408 2619//2619 
f 2619//2619 2778//2778 2547//2547 
f 2778//2778 2617//2617 2547//2547 
f 2406//2406 2547//2547 2617//2617 
f 2617//2617 2337//2337 2406//2406 
f 2617//2617 2616//2616 2337//2337 
f 2617//2617 2778//2778 2616//2616 
f 2778//2778 2779//2779 2616//2616 
f 2778//2778 2777//2777 2779//2779 
f 2777//2777 2780//2780 2779//2779 
f 2777//2777 2699//2699 2780//2780 
f 2777//2777 2700//2700 2699//2699 
f 2700//2700 2483//2483 2699//2699 
f 2409//2409 2483//2483 2700//2700 
f 2700//2700 2767//2767 2409//2409 
f 2700//2700 2777//2777 2767//2767 
f 2777//2777 2769//2769 2767//2767 
f 2484//2484 2767//2767 2769//2769 
f 2484//2484 2769//2769 2926//2926 
f 2708//2708 2926//2926 2769//2769 
f 2769//2769 2777//2777 2708//2708 
f 2627//2627 2708//2708 2777//2777 
f 2627//2627 2709//2709 2708//2708 
f 2627//2627 2771//2771 2709//2709 
f 2627//2627 2849//2849 2770//2770 
f 2771//2771 2627//2627 2770//2770 
f 2770//2770 2485//2485 2771//2771 
f 2711//2711 2485//2485 2770//2770 
f 2770//2770 2849//2849 2711//2711 
f 2849//2849 2629//2629 2711//2711 
f 2772//2772 2850//2850 3009//3009 
f 3009//3009 2629//2629 2772//2772 
f 2629//2629 2849//2849 2772//2772 
f 2849//2849 2627//2627 2772//2772 
f 2627//2627 2850//2850 2772//2772 
f 2850//2850 2627//2627 2710//2710 
f 2710//2710 2929//2929 2850//2850 
f 3009//3009 2850//2850 2929//2929 
f 3009//3009 2929//2929 2925//2925 
f 2925//2925 2629//2629 3009//3009 
f 2711//2711 2629//2629 2925//2925 
f 2925//2925 2485//2485 2711//2711 
f 2560//2560 2485//2485 2925//2925 
f 2925//2925 2927//2927 2560//2560 
f 2925//2925 2926//2926 2927//2927 
f 2925//2925 2846//2846 2926//2926 
f 2484//2484 2926//2926 2846//2846 
f 2846//2846 2409//2409 2484//2484 
f 2483//2483 2409//2409 2846//2846 
f 2846//2846 2407//2407 2483//2483 
f 2846//2846 2844//2844 2407//2407 
f 2845//2845 2844//2844 2846//2846 
f 2848//2848 2845//2845 2846//2846 
f 2848//2848 2337//2337 2845//2845 
f 2406//2406 2337//2337 2848//2848 
f 2848//2848 2408//2408 2406//2406 
f 2338//2338 2408//2408 2848//2848 
f 2848//2848 2847//2847 2338//2338 
f 2853//2853 2338//2338 2847//2847 
f 2853//2853 2847//2847 2776//2776 
f 2778//2778 2853//2853 2776//2776 
f 2778//2778 2776//2776 2707//2707 
f 2546//2546 2707//2707 2776//2776 
f 2776//2776 2924//2924 2546//2546 
f 2776//2776 2847//2847 2924//2924 
f 2847//2847 2848//2848 2924//2924 
f 2848//2848 3008//3008 2924//2924 
f 2339//2339 2924//2924 3008//3008 
f 3008//3008 2781//2781 2339//2339 
f 3008//3008 2854//2854 2781//2781 
f 3008//3008 2697//2697 2854//2854 
f 2695//2695 2697//2697 3008//3008 
f 3008//3008 2404//2404 2695//2695 
f 2404//2404 2615//2615 2695//2695 
f 2696//2696 2615//2615 2404//2404 
f 2763//2763 2696//2696 2404//2404 
f 2404//2404 3008//3008 2763//2763 
f 3008//3008 3007//3007 2763//2763 
f 2694//2694 2763//2763 3007//3007 
f 3007//3007 2917//2917 2694//2694 
f 2841//2841 2917//2917 3007//3007 
f 3007//3007 2915//2915 2841//2841 
f 2914//2914 2915//2915 3007//3007 
f 2931//2931 2914//2914 3007//3007 
f 2928//2928 2931//2931 3007//3007 
f 2928//2928 2855//2855 2931//2931 
f 2715//2715 2855//2855 2928//2928 
f 2928//2928 2933//2933 2715//2715 
f 2932//2932 2933//2933 2928//2928 
f 2928//2928 2930//2930 2932//2932 
f 2928//2928 2929//2929 2930//2930 
f 2928//2928 2925//2925 2929//2929 
f 2925//2925 2928//2928 2775//2775 
f 2928//2928 2625//2625 2775//2775 
f 2928//2928 3007//3007 2625//2625 
f 3007//3007 2707//2707 2625//2625 
f 3007//3007 3008//3008 2707//2707 
f 3008//3008 2778//2778 2707//2707 
f 3008//3008 2848//2848 2778//2778 
f 2848//2848 2777//2777 2778//2778 
f 2848//2848 2846//2846 2777//2777 
f 2846//2846 2627//2627 2777//2777 
f 2846//2846 2925//2925 2627//2627 
f 2925//2925 2775//2775 2627//2627 
f 2775//2775 2710//2710 2627//2627 
f 2775//2775 2852//2852 2710//2710 
# mm_gid 32
g mmGroup32
f 3230//3230 3081//3081 3083//3083 
f 3230//3230 3083//3083 3054//3054 
f 3082//3082 3229//3229 3384//3384 
f 3273//3273 3384//3384 3458//3458 
f 3384//3384 3229//3229 3458//3458 
f 3458//3458 3229//3229 3158//3158 
f 3229//3229 2997//2997 3158//3158 
f 3130//3130 3158//3158 2997//2997 
f 2895//2895 3158//3158 3130//3130 
f 2895//2895 3130//3130 2976//2976 
f 2895//2895 2976//2976 3054//3054 
f 3230//3230 3054//3054 2976//2976 
f 3512//3512 2972//2972 3085//3085 
f 3512//3512 3549//3549 2972//2972 
f 3512//3512 2894//2894 3549//3549 
f 2894//2894 3359//3359 3549//3549 
f 3279//3279 3245//3245 3509//3509 
f 2938//2938 3279//3279 3509//3509 
f 3129//3129 3279//3279 2938//2938 
f 3129//3129 3131//3131 3279//3279 
f 3279//3279 3131//3131 3312//3312 
f 3312//3312 3359//3359 3279//3279 
f 3359//3359 2894//2894 3279//3279 
f 3309//3309 3513//3513 3463//3463 
f 3313//3313 3463//3463 3513//3513 
f 3233//3233 3313//3313 3513//3513 
f 3234//3234 3313//3313 3233//3233 
f 3231//3231 3234//3234 3233//3233 
f 3231//3231 3052//3052 3234//3234 
f 3231//3231 3360//3360 3052//3052 
f 3048//3048 3052//3052 3360//3360 
f 3052//3052 3048//3048 3517//3517 
f 3095//3095 3230//3230 3305//3305 
f 2742//2742 3232//3232 2888//2888 
f 3128//3128 3052//3052 3453//3453 
f 3453//3453 3514//3514 3128//3128 
f 3514//3514 2738//2738 3279//3279 
f 3514//3514 3453//3453 2738//2738 
f 2738//2738 3453//3453 3120//3120 
f 3453//3453 3448//3448 3120//3120 
f 2887//2887 3446//3446 3388//3388 
f 2887//2887 3388//3388 3387//3387 
f 2891//2891 3387//3387 3388//3388 
f 3080//3080 3079//3079 2939//2939 
f 3014//3014 3079//3079 3080//3080 
f 2971//2971 3079//3079 3014//3014 
f 3079//3079 2971//2971 2999//2999 
f 2999//2999 2971//2971 2394//2394 
f 2970//2970 2999//2999 2394//2394 
f 3388//3388 2999//2999 2970//2970 
f 3044//3044 3388//3388 2970//2970 
f 3044//3044 2891//2891 3388//3388 
f 3044//3044 3385//3385 2891//2891 
f 3385//3385 3044//3044 2739//2739 
f 3385//3385 2739//2739 2892//2892 
f 2969//2969 2892//2892 2739//2739 
f 2969//2969 3047//3047 2892//2892 
f 2815//2815 3047//3047 2969//2969 
f 2815//2815 3518//3518 3047//3047 
f 2815//2815 3307//3307 3518//3518 
f 2326//2326 3518//3518 3307//3307 
f 2811//2811 3518//3518 2326//2326 
f 3518//3518 2811//2811 3308//3308 
f 3518//3518 3308//3308 3013//3013 
f 3013//3013 2752//2752 3518//3518 
f 3518//3518 2752//2752 2257//2257 
f 3448//3448 3518//3518 2257//2257 
f 3228//3228 3448//3448 2257//2257 
f 3228//3228 2753//2753 3448//3448 
f 3448//3448 2753//2753 2682//2682 
f 2682//2682 2750//2750 3448//3448 
f 3448//3448 2750//2750 3172//3172 
f 3172//3172 3246//3246 3448//3448 
f 3448//3448 3246//3246 2764//2764 
f 2764//2764 2922//2922 3448//3448 
f 3448//3448 2922//2922 3177//3177 
f 3177//3177 2693//2693 3448//3448 
f 3448//3448 2693//2693 3096//3096 
f 3096//3096 3120//3120 3448//3448 
f 3120//3120 3096//3096 3001//3001 
f 3120//3120 3001//3001 2786//2786 
f 2786//2786 3002//3002 3120//3120 
f 3120//3120 3002//3002 2860//2860 
f 3120//3120 2860//2860 2742//2742 
f 3093//3093 2742//2742 2860//2860 
f 3093//3093 3227//3227 2742//2742 
f 3232//3232 2742//2742 3227//3227 
f 2840//2840 3232//3232 3227//3227 
f 3232//3232 2840//2840 2923//2923 
f 3000//3000 3232//3232 2923//2923 
f 3232//3232 3000//3000 2864//2864 
f 2393//2393 3232//3232 2864//2864 
f 3015//3015 2393//2393 2864//2864 
f 2468//2468 2393//2393 3015//3015 
f 2393//2393 2468//2468 2941//2941 
f 2393//2393 2941//2941 3389//3389 
f 2393//2393 3389//3389 2399//2399 
f 3389//3389 2964//2964 2399//2399 
f 2964//2964 3389//3389 3310//3310 
f 3389//3389 3076//3076 3310//3310 
f 3072//3072 3154//3154 3153//3153 
f 3153//3153 3122//3122 3072//3072 
f 3459//3459 3072//3072 3122//3122 
f 3459//3459 3306//3306 3072//3072 
f 3072//3072 3306//3306 3157//3157 
f 3072//3072 3157//3157 3076//3076 
f 3076//3076 3389//3389 3072//3072 
f 2998//2998 3072//3072 3389//3389 
f 2998//2998 3390//3390 3072//3072 
f 3390//3390 2861//2861 3072//3072 
f 2968//2968 2861//2861 3390//3390 
f 3322//3322 2861//2861 2968//2968 
f 2606//2606 3431//3431 2259//2259 
f 3352//3352 2267//2267 2831//2831 
f 3352//3352 3431//3431 2267//2267 
f 3431//3431 2606//2606 2267//2267 
f 3053//3053 2194//2194 2413//2413 
f 2194//2194 3053//3053 2487//2487 
f 2743//2743 3462//3462 3461//3461 
f 2812//2812 2743//2743 3226//3226 
f 2743//2743 3461//3461 3226//3226 
f 3226//3226 2198//2198 2270//2270 
f 3226//3226 3461//3461 2198//2198 
f 3461//3461 2197//2197 2198//2198 
f 3461//3461 3462//3462 2197//2197 
f 3462//3462 2196//2196 2197//2197 
f 3462//3462 2743//2743 2196//2196 
f 2743//2743 2614//2614 2196//2196 
f 2743//2743 2812//2812 2614//2614 
f 2812//2812 2692//2692 2614//2614 
f 2692//2692 2812//2812 2686//2686 
f 3322//3322 2322//2322 2271//2271 
f 3322//3322 2968//2968 2322//2322 
f 2968//2968 2396//2396 2322//2322 
f 2968//2968 3390//3390 2396//2396 
f 3390//3390 2838//2838 2396//2396 
f 3390//3390 2998//2998 2838//2838 
f 2998//2998 2258//2258 2838//2838 
f 2998//2998 3389//3389 2258//2258 
f 3389//3389 2193//2193 2258//2258 
f 3389//3389 2941//2941 2193//2193 
f 2941//2941 2828//2828 2193//2193 
f 2941//2941 2468//2468 2828//2828 
f 2468//2468 2906//2906 2828//2828 
f 2468//2468 3015//3015 2906//2906 
f 3015//3015 2991//2991 2906//2906 
f 3015//3015 2864//2864 2991//2991 
f 2864//2864 2265//2265 2991//2991 
f 2864//2864 3000//3000 2265//2265 
f 3000//3000 2541//2541 2265//2265 
f 3000//3000 2923//2923 2541//2541 
f 2923//2923 2266//2266 2541//2541 
f 2923//2923 2840//2840 2266//2266 
f 2840//2840 2687//2687 2266//2266 
f 2840//2840 3227//3227 2687//2687 
f 3227//3227 2200//2200 2687//2687 
f 3227//3227 3093//3093 2200//2200 
f 3093//3093 2390//2390 2200//2200 
f 3093//3093 2860//2860 2390//2390 
f 2860//2860 2325//2325 2390//2390 
f 2860//2860 3002//3002 2325//2325 
f 3002//3002 2203//2203 2325//2325 
f 3002//3002 2786//2786 2203//2203 
f 2786//2786 2204//2204 2203//2203 
f 2786//2786 3001//3001 2204//2204 
f 3001//3001 2680//2680 2204//2204 
f 3001//3001 3096//3096 2680//2680 
f 3096//3096 2921//2921 2680//2680 
f 3096//3096 2693//2693 2921//2921 
f 2693//2693 3073//3073 2921//2921 
f 2693//2693 3177//3177 3073//3073 
f 3177//3177 2822//2822 3073//3073 
f 3177//3177 2922//2922 2822//2822 
f 2922//2922 2825//2825 2822//2822 
f 2922//2922 2764//2764 2825//2825 
f 2764//2764 2834//2834 2825//2825 
f 2764//2764 3246//3246 2834//2834 
f 3246//3246 2681//2681 2834//2834 
f 3246//3246 3172//3172 2681//2681 
f 3172//3172 2908//2908 2681//2681 
f 3172//3172 2750//2750 2908//2908 
f 2750//2750 2688//2688 2908//2908 
f 2750//2750 2682//2682 2688//2688 
f 2682//2682 2827//2827 2688//2688 
f 2682//2682 2753//2753 2827//2827 
f 2753//2753 3091//3091 2827//2827 
f 2753//2753 3228//3228 3091//3091 
f 3228//3228 2324//2324 3091//3091 
f 3228//3228 2257//2257 2324//2324 
f 2257//2257 3445//3445 2324//2324 
f 2257//2257 2752//2752 3445//3445 
f 2752//2752 2829//2829 3445//3445 
f 2752//2752 3013//3013 2829//2829 
f 3013//3013 2751//2751 2829//2829 
f 3013//3013 3308//3308 2751//2751 
f 3308//3308 2630//2630 2751//2751 
f 3308//3308 2811//2811 2630//2630 
f 2811//2811 2264//2264 2630//2630 
f 2811//2811 2326//2326 2264//2264 
f 2326//2326 2632//2632 2264//2264 
f 2326//2326 3307//3307 2632//2632 
f 3307//3307 2336//2336 2632//2632 
f 3307//3307 2815//2815 2336//2336 
f 2815//2815 2261//2261 2336//2336 
f 2815//2815 2969//2969 2261//2261 
f 2969//2969 2565//2565 2261//2261 
f 2969//2969 2739//2739 2565//2565 
f 2739//2739 2412//2412 2565//2565 
f 2739//2739 3044//3044 2412//2412 
f 3044//3044 2411//2411 2412//2412 
f 3044//3044 2970//2970 2411//2411 
f 2970//2970 2899//2899 2411//2411 
f 2970//2970 2394//2394 2899//2899 
f 2394//2394 2684//2684 2899//2899 
f 2394//2394 2971//2971 2684//2684 
f 2971//2971 2754//2754 2684//2684 
f 2971//2971 3014//3014 2754//2754 
f 3014//3014 2268//2268 2754//2754 
f 3014//3014 3080//3080 2268//2268 
f 3080//3080 2271//2271 2268//2268 
f 3080//3080 3322//3322 2271//2271 
f 3080//3080 2939//2939 3322//3322 
f 2939//2939 2861//2861 3322//3322 
f 3386//3386 2861//2861 2939//2939 
f 2861//2861 3386//3386 3305//3305 
f 3386//3386 3045//3045 3305//3305 
f 3045//3045 3447//3447 3305//3305 
f 3095//3095 3305//3305 3447//3447 
f 3095//3095 3447//3447 3155//3155 
f 3095//3095 3155//3155 2816//2816 
f 2965//2965 3155//3155 3156//3156 
f 3155//3155 2965//2965 3123//3123 
f 3123//3123 2816//2816 3155//3155 
f 3466//3466 2816//2816 3123//3123 
f 2897//2897 2816//2816 3466//3466 
f 2897//2897 3304//3304 2816//2816 
f 2816//2816 3304//3304 3311//3311 
f 3040//3040 2816//2816 3311//3311 
f 2974//2974 2816//2816 3040//3040 
f 2937//2937 3052//3052 3432//3432 
f 2937//2937 2974//2974 3052//3052 
f 2974//2974 3040//3040 3052//3052 
f 3453//3453 3052//3052 3040//3040 
f 3453//3453 3040//3040 2341//2341 
f 3040//3040 2272//2272 2341//2341 
f 3040//3040 3311//3311 2272//2272 
f 3311//3311 2206//2206 2272//2272 
f 3311//3311 3304//3304 2206//2206 
f 3304//3304 3003//3003 2206//2206 
f 3304//3304 2897//2897 3003//3003 
f 2897//2897 2637//2637 3003//3003 
f 2897//2897 3466//3466 2637//2637 
f 3466//3466 2343//2343 2637//2637 
f 3466//3466 3123//3123 2343//2343 
f 3123//3123 2636//2636 2343//2343 
f 3123//3123 2965//2965 2636//2636 
f 2965//2965 3175//3175 2636//2636 
f 2965//2965 3156//3156 3175//3175 
f 3156//3156 2342//2342 3175//3175 
f 3156//3156 3155//3155 2342//2342 
f 3155//3155 2467//2467 2342//2342 
f 3155//3155 3447//3447 2467//2467 
f 3447//3447 2535//2535 2467//2467 
f 3447//3447 3045//3045 2535//2535 
f 3045//3045 2760//2760 2535//2535 
f 3045//3045 3386//3386 2760//2760 
f 3386//3386 2190//2190 2760//2760 
f 3386//3386 2939//2939 2190//2190 
f 2939//2939 3006//3006 2190//2190 
f 2939//2939 3079//3079 3006//3006 
f 3079//3079 2757//2757 3006//3006 
f 3079//3079 2999//2999 2757//2757 
f 2999//2999 3005//3005 2757//2757 
f 2999//2999 3388//3388 3005//3005 
f 3388//3388 2993//2993 3005//3005 
f 3388//3388 3446//3446 2993//2993 
f 3446//3446 3004//3004 2993//2993 
f 3446//3446 2887//2887 3004//3004 
f 2887//2887 3387//3387 3004//3004 
f 2205//2205 3004//3004 3387//3387 
f 3387//3387 3094//3094 2205//2205 
f 3387//3387 2891//2891 3094//3094 
f 2891//2891 3092//3092 3094//3094 
f 2891//2891 3385//3385 3092//3092 
f 3385//3385 2263//2263 3092//3092 
f 3385//3385 2892//2892 2263//2263 
f 2892//2892 2262//2262 2263//2263 
f 2892//2892 3047//3047 2262//2262 
f 3047//3047 2329//2329 2262//2262 
f 3047//3047 3518//3518 2329//2329 
f 3518//3518 2562//2562 2329//2329 
f 3518//3518 3448//3448 2562//2562 
f 3448//3448 2207//2207 2562//2562 
f 3448//3448 3453//3453 2207//2207 
f 3453//3453 2341//2341 2207//2207 
f 3517//3517 2323//2323 2256//2256 
f 3517//3517 3048//3048 2323//2323 
f 3048//3048 2631//2631 2323//2323 
f 3048//3048 3360//3360 2631//2631 
f 3360//3360 2543//2543 2631//2631 
f 3360//3360 3231//3231 2543//2543 
f 3231//3231 2633//2633 2543//2543 
f 3231//3231 3233//3233 2633//2633 
f 3233//3233 2712//2712 2633//2633 
f 3233//3233 3513//3513 2712//2712 
f 3513//3513 3089//3089 2712//2712 
f 3513//3513 3309//3309 3089//3089 
f 3309//3309 2269//2269 3089//3089 
f 3309//3309 3463//3463 2269//2269 
f 3463//3463 2691//2691 2269//2269 
f 3463//3463 3313//3313 2691//2691 
f 3313//3313 3087//3087 2691//2691 
f 3313//3313 3234//3234 3087//3087 
f 3234//3234 2678//2678 3087//3087 
f 3234//3234 3052//3052 2678//2678 
f 3052//3052 3088//3088 2678//2678 
f 3052//3052 3128//3128 3088//3088 
f 3128//3128 2832//2832 3088//3088 
f 3128//3128 3514//3514 2832//2832 
f 3514//3514 2328//2328 2832//2832 
f 3514//3514 3279//3279 2328//2328 
f 3279//3279 2332//2332 2328//2328 
f 3279//3279 2894//2894 2332//2332 
f 2894//2894 2611//2611 2332//2332 
f 2894//2894 3512//3512 2611//2611 
f 3512//3512 2685//2685 2611//2611 
f 3512//3512 3085//3085 2685//2685 
f 3085//3085 2907//2907 2685//2685 
f 3085//3085 2972//2972 2907//2907 
f 2972//2972 3086//3086 2907//2907 
f 2972//2972 3549//3549 3086//3086 
f 3549//3549 2542//2542 3086//3086 
f 3549//3549 3359//3359 2542//2542 
f 3359//3359 2612//2612 2542//2542 
f 3359//3359 3312//3312 2612//2612 
f 3312//3312 3170//3170 2612//2612 
f 3312//3312 3131//3131 3170//3170 
f 3131//3131 3171//3171 3170//3170 
f 3131//3131 3129//3129 3171//3171 
f 3129//3129 2405//2405 3171//3171 
f 3129//3129 2938//2938 2405//2405 
f 2938//2938 2333//2333 2405//2405 
f 2938//2938 3509//3509 2333//2333 
f 3509//3509 2335//2335 2333//2333 
f 3509//3509 3245//3245 2335//2335 
f 3245//3245 2413//2413 2335//2335 
f 3245//3245 3053//3053 2413//2413 
f 3245//3245 3279//3279 3053//3053 
f 3279//3279 2738//2738 3053//3053 
f 2738//2738 3235//3235 3053//3053 
f 3235//3235 2487//2487 3053//3053 
f 3235//3235 2738//2738 2487//2487 
f 2738//2738 3090//3090 2487//2487 
f 2738//2738 3120//3120 3090//3090 
f 3120//3120 2561//2561 3090//3090 
f 3120//3120 2742//2742 2561//2561 
f 2742//2742 2270//2270 2561//2561 
f 2742//2742 3226//3226 2270//2270 
f 2812//2812 3226//3226 2742//2742 
f 2742//2742 2888//2888 2812//2812 
f 2888//2888 2686//2686 2812//2812 
f 2888//2888 3232//3232 2686//2686 
f 3232//3232 2839//2839 2686//2686 
f 3232//3232 2393//2393 2839//2839 
f 2393//2393 2486//2486 2839//2839 
f 2393//2393 2399//2399 2486//2486 
f 2399//2399 2756//2756 2486//2486 
f 2399//2399 2964//2964 2756//2756 
f 2964//2964 2904//2904 2756//2756 
f 2964//2964 3310//3310 2904//2904 
f 3310//3310 2199//2199 2904//2904 
f 3310//3310 3076//3076 2199//2199 
f 3076//3076 2762//2762 2199//2199 
f 3076//3076 3157//3157 2762//2762 
f 3157//3157 2604//2604 2762//2762 
f 3157//3157 3306//3306 2604//2604 
f 3306//3306 2537//2537 2604//2604 
f 3306//3306 3459//3459 2537//2537 
f 3459//3459 2253//2253 2537//2537 
f 3459//3459 3122//3122 2253//2253 
f 3122//3122 2070//2070 2253//2253 
f 3122//3122 3153//3153 2070//2070 
f 3153//3153 2138//2138 2070//2070 
f 3153//3153 3154//3154 2138//2138 
f 3154//3154 2395//2395 2138//2138 
f 3154//3154 3072//3072 2395//2395 
f 3072//3072 2191//2191 2395//2395 
f 3072//3072 2861//2861 2191//2191 
f 2861//2861 2690//2690 2191//2191 
f 2861//2861 3305//3305 2690//2690 
f 3305//3305 2254//2254 2690//2690 
f 3305//3305 3230//3230 2254//2254 
f 3230//3230 2992//2992 2254//2254 
f 3230//3230 2976//2976 2992//2992 
f 2976//2976 2133//2133 2992//2992 
f 2976//2976 3130//3130 2133//2133 
f 3130//3130 2466//2466 2133//2133 
f 3130//3130 2997//2997 2466//2466 
f 2997//2997 2540//2540 2466//2466 
f 2997//2997 3229//3229 2540//2540 
f 3229//3229 2545//2545 2540//2540 
f 3229//3229 3082//3082 2545//2545 
f 3082//3082 2689//2689 2545//2545 
f 3082//3082 3384//3384 2689//2689 
f 3384//3384 2410//2410 2689//2689 
f 3384//3384 3273//3273 2410//2410 
f 3273//3273 2609//2609 2410//2410 
f 3273//3273 3458//3458 2609//2609 
f 3458//3458 2137//2137 2609//2609 
f 3458//3458 3158//3158 2137//2137 
f 3158//3158 2340//2340 2137//2137 
f 3158//3158 2895//2895 2340//2340 
f 2895//2895 2132//2132 2340//2340 
f 2895//2895 3054//3054 2132//2132 
f 3054//3054 2836//2836 2132//2132 
f 3054//3054 3083//3083 2836//2836 
f 3083//3083 2470//2470 2836//2836 
f 3083//3083 3081//3081 2470//2470 
f 3081//3081 2831//2831 2470//2470 
f 3081//3081 3352//3352 2831//2831 
f 3081//3081 3230//3230 3352//3352 
f 3431//3431 3352//3352 3230//3230 
f 3230//3230 3095//3095 3431//3431 
f 3084//3084 3431//3431 3095//3095 
f 3084//3084 2259//2259 3431//3431 
f 3084//3084 3095//3095 2259//2259 
f 3095//3095 2469//2469 2259//2259 
f 3095//3095 2816//2816 2469//2469 
f 2816//2816 2718//2718 2469//2469 
f 2816//2816 2974//2974 2718//2718 
f 2974//2974 2327//2327 2718//2718 
f 2974//2974 2937//2937 2327//2327 
f 2937//2937 2260//2260 2327//2327 
f 2937//2937 3432//3432 2260//2260 
f 3432//3432 2256//2256 2260//2260 
f 3432//3432 3517//3517 2256//2256 
f 3432//3432 3052//3052 3517//3517 
# mm_gid 35
g mmGroup35
f 2340//2340 2609//2609 2137//2137 
f 2340//2340 2410//2410 2609//2609 
f 2132//2132 2410//2410 2340//2340 
f 2836//2836 2410//2410 2132//2132 
f 2470//2470 2410//2410 2836//2836 
f 2470//2470 2689//2689 2410//2410 
f 2470//2470 2545//2545 2689//2689 
f 2831//2831 2545//2545 2470//2470 
f 2831//2831 2540//2540 2545//2545 
f 2267//2267 2540//2540 2831//2831 
f 2606//2606 2540//2540 2267//2267 
f 2807//2807 3500//3500 3193//3193 
f 2807//2807 3349//3349 3500//3500 
f 3349//3349 3339//3339 3500//3500 
f 3339//3339 3349//3349 2883//2883 
f 3424//3424 3423//3423 2883//2883 
f 3339//3339 2883//2883 3423//3423 
f 2809//2809 3423//3423 4917//4917 
f 2886//2886 2690//2690 3195//3195 
f 2690//2690 2254//2254 3195//3195 
f 2809//2809 3195//3195 2254//2254 
f 3423//3423 2809//2809 2254//2254 
f 3339//3339 3423//3423 2254//2254 
f 2254//2254 2992//2992 3339//3339 
f 2992//2992 3500//3500 3339//3339 
f 2992//2992 3193//3193 3500//3500 
f 2466//2466 2540//2540 2133//2133 
f 2133//2133 2540//2540 2992//2992 
f 2540//2540 3193//3193 2992//2992 
f 2540//2540 2606//2606 3193//3193 
f 2807//2807 3193//3193 2606//2606 
f 2606//2606 2259//2259 2807//2807 
f 2469//2469 2807//2807 2259//2259 
f 2469//2469 3441//3441 2807//2807 
f 3349//3349 2807//2807 3441//3441 
f 3441//3441 2883//2883 3349//3349 
f 3441//3441 3424//3424 2883//2883 
f 3441//3441 4912//4912 3424//3424 
f 3441//3441 2469//2469 4912//4912 
f 2272//2272 3347//3347 2341//2341 
f 2272//2272 2206//2206 3347//3347 
f 2206//2206 3003//3003 3347//3347 
f 3003//3003 2637//2637 3347//3347 
f 2959//2959 3353//3353 3340//3340 
f 3340//3340 3031//3031 2959//2959 
f 2959//2959 3031//3031 2879//2879 
f 2718//2718 2879//2879 2469//2469 
f 2718//2718 3426//3426 2879//2879 
f 2959//2959 2879//2879 3426//3426 
f 3426//3426 3353//3353 2959//2959 
f 3426//3426 3347//3347 3353//3353 
f 3347//3347 2637//2637 3353//3353 
f 2637//2637 2343//2343 3353//3353 
f 3340//3340 3353//3353 2343//2343 
f 3340//3340 2343//2343 2636//2636 
f 2636//2636 3175//3175 3340//3340 
f 2342//2342 3036//3036 3175//3175 
f 3340//3340 3175//3175 3036//3036 
f 3031//3031 3340//3340 3036//3036 
f 3036//3036 2961//2961 3031//3031 
f 3036//3036 2342//2342 2961//2961 
f 2961//2961 2342//2342 3111//3111 
f 2467//2467 3111//3111 2342//2342 
f 2467//2467 3269//3269 3111//3111 
f 3269//3269 2805//2805 3111//3111 
f 2961//2961 3111//3111 2805//2805 
f 3031//3031 2961//2961 2805//2805 
f 2805//2805 2879//2879 3031//3031 
f 2805//2805 2469//2469 2879//2879 
f 2805//2805 4912//4912 2469//2469 
f 2805//2805 3424//3424 4912//4912 
f 2805//2805 3269//3269 3424//3424 
f 3423//3423 3424//3424 3269//3269 
f 3269//3269 4917//4917 3423//3423 
f 3269//3269 2467//2467 4917//4917 
f 2467//2467 2535//2535 4917//4917 
f 2809//2809 4917//4917 2535//2535 
f 3195//3195 2809//2809 2535//2535 
f 2535//2535 2760//2760 3195//3195 
f 2886//2886 3195//3195 2760//2760 
f 2760//2760 2190//2190 2886//2886 
f 2966//2966 3114//3114 3506//3506 
f 2271//2271 3114//3114 2966//2966 
f 3042//3042 2412//2412 2411//2411 
f 3042//3042 3038//3038 2412//2412 
f 2565//2565 2412//2412 3038//3038 
f 2261//2261 2565//2565 3038//3038 
f 2740//2740 3112//3112 3268//3268 
f 3118//3118 3189//3189 3034//3034 
f 3189//3189 3118//3118 3346//3346 
f 2808//2808 3260//3260 3346//3346 
f 3189//3189 3346//3346 3260//3260 
f 2757//2757 3125//3125 3006//3006 
f 3125//3125 2757//2757 3270//3270 
f 2757//2757 3005//3005 3267//3267 
f 3267//3267 3270//3270 2757//2757 
f 3267//3267 3264//3264 3270//3270 
f 3264//3264 3267//3267 3260//3260 
f 3267//3267 3189//3189 3260//3260 
f 3267//3267 3005//3005 3189//3189 
f 3005//3005 3034//3034 3189//3189 
f 3005//3005 2993//2993 3034//3034 
f 3118//3118 3034//3034 2993//2993 
f 3004//3004 3118//3118 2993//2993 
f 2329//2329 2885//2885 2262//2262 
f 2262//2262 2885//2885 2263//2263 
f 2263//2263 2885//2885 3092//3092 
f 3115//3115 3116//3116 2734//2734 
f 2885//2885 3115//3115 2734//2734 
f 2734//2734 3092//3092 2885//2885 
f 3092//3092 2734//2734 3094//3094 
f 2205//2205 3094//3094 2734//2734 
f 2205//2205 2734//2734 3004//3004 
f 2734//2734 3116//3116 3004//3004 
f 3118//3118 3004//3004 3116//3116 
f 3346//3346 3118//3118 3116//3116 
f 3116//3116 2808//2808 3346//3346 
f 3116//3116 3115//3115 2808//2808 
f 2808//2808 3115//3115 4913//4913 
f 3115//3115 3268//3268 4913//4913 
f 3115//3115 2885//2885 3268//3268 
f 2740//2740 3268//3268 2885//2885 
f 2885//2885 2329//2329 2740//2740 
f 2324//2324 3445//3445 2735//2735 
f 3091//3091 2324//2324 2735//2735 
f 2827//2827 3091//3091 2735//2735 
f 3419//3419 3262//3262 3043//3043 
f 3262//3262 3419//3419 2810//2810 
f 3110//3110 3262//3262 2810//2810 
f 3262//3262 3110//3110 2735//2735 
f 2827//2827 2735//2735 3110//3110 
f 2688//2688 2827//2827 3110//3110 
f 2688//2688 3110//3110 2908//2908 
f 3037//3037 3194//3194 3444//3444 
f 3037//3037 3444//3444 2881//2881 
f 3355//3355 3037//3037 2881//2881 
f 3342//3342 3355//3355 2562//2562 
f 3342//3342 3037//3037 3355//3355 
f 3342//3342 2562//2562 3037//3037 
f 2884//2884 3046//3046 2889//2889 
f 3046//3046 3197//3197 2889//2889 
f 3348//3348 3197//3197 3265//3265 
f 3265//3265 3197//3197 3190//3190 
f 3197//3197 3046//3046 3190//3190 
f 3421//3421 3190//3190 3046//3046 
f 3508//3508 3421//3421 3046//3046 
f 2328//2328 3350//3350 2832//2832 
f 2328//2328 3427//3427 3350//3350 
f 3196//3196 3350//3350 3427//3427 
f 3196//3196 2832//2832 3350//3350 
f 3508//3508 2207//2207 3188//3188 
f 2958//2958 3188//3188 2207//2207 
f 2958//2958 2207//2207 2736//2736 
f 2736//2736 3351//3351 3266//3266 
f 2958//2958 2736//2736 3266//3266 
f 2958//2958 3266//3266 3418//3418 
f 3041//3041 3418//3418 3266//3266 
f 3088//3088 3418//3418 3041//3041 
f 3088//3088 2832//2832 3418//3418 
f 2958//2958 3418//3418 2832//2832 
f 2832//2832 3188//3188 2958//2958 
f 2832//2832 3196//3196 3188//3188 
f 3508//3508 3188//3188 3196//3196 
f 3196//3196 3427//3427 3508//3508 
f 3421//3421 3508//3508 3427//3427 
f 3427//3427 2328//2328 3421//3421 
f 3190//3190 3421//3421 2328//2328 
f 2328//2328 3265//3265 3190//3190 
f 2328//2328 2332//2332 3265//3265 
f 2956//2956 3265//3265 2332//2332 
f 3348//3348 3265//3265 2956//2956 
f 2956//2956 3271//3271 3348//3348 
f 3271//3271 2956//2956 3425//3425 
f 2956//2956 2332//2332 3425//3425 
f 2612//2612 3086//3086 2542//2542 
f 3170//3170 3086//3086 2612//2612 
f 3171//3171 3086//3086 3170//3170 
f 3171//3171 2907//2907 3086//3086 
f 3171//3171 2685//2685 2907//2907 
f 2405//2405 2685//2685 3171//3171 
f 2405//2405 2611//2611 2685//2685 
f 2333//2333 2611//2611 2405//2405 
f 2333//2333 2332//2332 2611//2611 
f 2335//2335 2332//2332 2333//2333 
f 2413//2413 2332//2332 2335//2335 
f 3425//3425 2332//2332 2413//2413 
f 3425//3425 2413//2413 2194//2194 
f 3090//3090 2737//2737 2487//2487 
f 2194//2194 2487//2487 2737//2737 
f 2737//2737 3425//3425 2194//2194 
f 2737//2737 3271//3271 3425//3425 
f 2737//2737 3348//3348 3271//3271 
f 2737//2737 3090//3090 3348//3348 
f 3197//3197 3348//3348 3090//3090 
f 3090//3090 2889//2889 3197//3197 
f 3090//3090 2884//2884 2889//2889 
f 3090//3090 2561//2561 2884//2884 
f 2806//2806 2884//2884 2561//2561 
f 2806//2806 2561//2561 2803//2803 
f 2270//2270 2803//2803 2561//2561 
f 2191//2191 2690//2690 3119//3119 
f 3119//3119 2838//2838 2258//2258 
f 2258//2258 2193//2193 3119//3119 
f 2828//2828 2906//2906 3420//3420 
f 2828//2828 3420//3420 2193//2193 
f 3119//3119 2193//2193 3420//3420 
f 3420//3420 2191//2191 3119//3119 
f 3420//3420 2395//2395 2191//2191 
f 2692//2692 2198//2198 2614//2614 
f 2614//2614 2197//2197 2196//2196 
f 2614//2614 2198//2198 2197//2197 
f 2686//2686 2198//2198 2692//2692 
f 2686//2686 2270//2270 2198//2198 
f 2839//2839 2270//2270 2686//2686 
f 2270//2270 2839//2839 2962//2962 
f 3345//3345 3499//3499 3507//3507 
f 3507//3507 3499//3499 3422//3422 
f 3507//3507 3422//3422 2962//2962 
f 2962//2962 2839//2839 3507//3507 
f 2839//2839 2486//2486 3507//3507 
f 3345//3345 3507//3507 2486//2486 
f 3345//3345 2486//2486 4927//4927 
f 2199//2199 2756//2756 2904//2904 
f 2604//2604 2199//2199 2762//2762 
f 2253//2253 2604//2604 2537//2537 
f 2070//2070 2604//2604 2253//2253 
f 2070//2070 2199//2199 2604//2604 
f 2070//2070 2756//2756 2199//2199 
f 2138//2138 2756//2756 2070//2070 
f 2395//2395 2756//2756 2138//2138 
f 2395//2395 2486//2486 2756//2756 
f 2395//2395 4927//4927 2486//2486 
f 2395//2395 3420//3420 4927//4927 
f 3345//3345 4927//4927 3420//3420 
f 3420//3420 2906//2906 3345//3345 
f 2906//2906 3499//3499 3345//3345 
f 3499//3499 2906//2906 2991//2991 
f 2991//2991 2265//2265 3499//3499 
f 2265//2265 2541//2541 3499//3499 
f 2541//2541 3422//3422 3499//3499 
f 2266//2266 3422//3422 2541//2541 
f 2687//2687 3422//3422 2266//2266 
f 2390//2390 2963//2963 2200//2200 
f 2200//2200 2963//2963 2687//2687 
f 3422//3422 2687//2687 2963//2963 
f 2963//2963 2962//2962 3422//3422 
f 2963//2963 2270//2270 2962//2962 
f 2963//2963 2803//2803 2270//2270 
f 2963//2963 2390//2390 2803//2803 
f 3263//3263 2803//2803 2390//2390 
f 2390//2390 2325//2325 3263//3263 
f 2325//2325 2203//2203 3263//3263 
f 2203//2203 2204//2204 3263//3263 
f 3113//3113 3263//3263 2204//2204 
f 2680//2680 3113//3113 2204//2204 
f 2680//2680 2921//2921 3113//3113 
f 2921//2921 3073//3073 3113//3113 
f 3343//3343 3440//3440 3553//3553 
f 3198//3198 3553//3553 3440//3440 
f 3440//3440 3030//3030 3198//3198 
f 3033//3033 3198//3198 3030//3030 
f 2908//2908 3121//3121 2681//2681 
f 2681//2681 3121//3121 2834//2834 
f 2834//2834 3121//3121 2825//2825 
f 3121//3121 3033//3033 2825//2825 
f 2822//2822 2825//2825 3033//3033 
f 3033//3033 3030//3030 2822//2822 
f 3073//3073 2822//2822 3030//3030 
f 3030//3030 3440//3440 3073//3073 
f 3113//3113 3073//3073 3440//3440 
f 3440//3440 3343//3343 3113//3113 
f 3263//3263 3113//3113 3343//3343 
f 3343//3343 3272//3272 3263//3263 
f 3272//3272 2803//2803 3263//3263 
f 2806//2806 2803//2803 3272//3272 
f 3272//3272 3343//3343 2806//2806 
f 2884//2884 2806//2806 3343//3343 
f 3343//3343 3553//3553 2884//2884 
f 3046//3046 2884//2884 3553//3553 
f 3553//3553 3508//3508 3046//3046 
f 3553//3553 2207//2207 3508//3508 
f 2562//2562 2207//2207 3553//3553 
f 3553//3553 3198//3198 2562//2562 
f 3037//3037 2562//2562 3198//3198 
f 3194//3194 3037//3037 3198//3198 
f 3198//3198 3033//3033 3194//3194 
f 3033//3033 3121//3121 3194//3194 
f 3121//3121 2908//2908 3194//3194 
f 2908//2908 3444//3444 3194//3194 
f 2908//2908 3110//3110 3444//3444 
f 2881//2881 3444//3444 3110//3110 
f 3110//3110 2810//2810 2881//2881 
f 2810//2810 3419//3419 2881//2881 
f 3355//3355 2881//2881 3419//3419 
f 3419//3419 2562//2562 3355//3355 
f 2329//2329 2562//2562 3419//3419 
f 3419//3419 3043//3043 2329//2329 
f 3191//3191 2329//2329 3043//3043 
f 3191//3191 3043//3043 3344//3344 
f 3043//3043 3341//3341 3344//3344 
f 3043//3043 3262//3262 3341//3341 
f 3262//3262 2735//2735 3341//3341 
f 2735//2735 3445//3445 3341//3341 
f 2829//2829 3341//3341 3445//3445 
f 2829//2829 3344//3344 3341//3341 
f 2829//2829 2751//2751 3344//3344 
f 3275//3275 3259//3259 2632//2632 
f 2632//2632 3259//3259 2264//2264 
f 2264//2264 3259//3259 2630//2630 
f 2630//2630 3259//3259 2751//2751 
f 3259//3259 3344//3344 2751//2751 
f 3259//3259 3191//3191 3344//3344 
f 3259//3259 3275//3275 3191//3191 
f 3275//3275 2329//2329 3191//3191 
f 3275//3275 2740//2740 2329//2329 
f 3275//3275 3112//3112 2740//2740 
f 3275//3275 2632//2632 3112//3112 
f 2336//2336 3112//3112 2632//2632 
f 2336//2336 2261//2261 3112//3112 
f 2261//2261 3038//3038 3112//3112 
f 3038//3038 3268//3268 3112//3112 
f 3038//3038 4913//4913 3268//3268 
f 3038//3038 3042//3042 4913//4913 
f 2808//2808 4913//4913 3042//3042 
f 3260//3260 2808//2808 3042//3042 
f 3042//3042 3264//3264 3260//3260 
f 3042//3042 2411//2411 3264//3264 
f 2899//2899 3264//3264 2411//2411 
f 2754//2754 2268//2268 3117//3117 
f 2754//2754 3117//3117 2684//2684 
f 2684//2684 3117//3117 2899//2899 
f 3264//3264 2899//2899 3117//3117 
f 3117//3117 3270//3270 3264//3264 
f 3125//3125 3270//3270 3117//3117 
f 3117//3117 2268//2268 3125//3125 
f 2271//2271 3125//3125 2268//2268 
f 2271//2271 2966//2966 3125//3125 
f 3006//3006 3125//3125 2966//2966 
f 2190//2190 3006//3006 2966//2966 
f 2966//2966 3506//3506 2190//2190 
f 2886//2886 2190//2190 3506//3506 
f 3506//3506 2690//2690 2886//2886 
f 3506//3506 3119//3119 2690//2690 
f 3506//3506 2838//2838 3119//3119 
f 3506//3506 3114//3114 2838//2838 
f 3114//3114 2396//2396 2838//2838 
f 2396//2396 3114//3114 2322//2322 
f 3114//3114 2271//2271 2322//2322 
f 2341//2341 2736//2736 2207//2207 
f 2736//2736 2341//2341 2960//2960 
f 2882//2882 2960//2960 2341//2341 
f 2341//2341 3347//3347 2882//2882 
f 3347//3347 3426//3426 2882//2882 
f 2882//2882 3426//3426 3199//3199 
f 3426//3426 2718//2718 3199//3199 
f 2327//2327 3192//3192 2718//2718 
f 3192//3192 3199//3199 2718//2718 
f 2882//2882 3199//3199 3192//3192 
f 3192//3192 2960//2960 2882//2882 
f 3192//3192 3428//3428 2960//2960 
f 2736//2736 2960//2960 3428//3428 
f 3428//3428 3351//3351 2736//2736 
f 2733//2733 3351//3351 3428//3428 
f 2733//2733 3266//3266 3351//3351 
f 3041//3041 3266//3266 2733//2733 
f 2733//2733 3417//3417 3041//3041 
f 2733//2733 2813//2813 3417//3417 
f 2733//2733 3428//3428 2813//2813 
f 3428//3428 3192//3192 2813//2813 
f 3192//3192 2327//2327 2813//2813 
f 3417//3417 2813//2813 2327//2327 
f 3041//3041 3417//3417 2327//2327 
f 2260//2260 3041//3041 2327//2327 
f 3088//3088 3041//3041 2260//2260 
f 3088//3088 2260//2260 2256//2256 
f 2691//2691 3089//3089 2269//2269 
f 2691//2691 2712//2712 3089//3089 
f 2691//2691 2633//2633 2712//2712 
f 3087//3087 2633//2633 2691//2691 
f 3087//3087 2543//2543 2633//2633 
f 2678//2678 2543//2543 3087//3087 
f 2678//2678 2631//2631 2543//2543 
f 2678//2678 2323//2323 2631//2631 
f 3088//3088 2323//2323 2678//2678 
f 3088//3088 2256//2256 2323//2323 
# mm_gid 43
g mmGroup43
f 2491//2491 3491//3491 2414//2414 
f 2940//2940 2414//2414 3491//3491 
f 2940//2940 3491//3491 2488//2488 
f 2488//2488 3409//3409 2940//2940 
f 3493//3493 3409//3409 2488//2488 
f 3493//3493 2273//2273 3409//3409 
f 2273//2273 3493//3493 3529//3529 
f 3529//3529 3412//3412 2273//2273 
f 3017//3017 3412//3412 3529//3529 
f 2152//2152 3412//3412 3017//3017 
f 3496//3496 2152//2152 3017//3017 
f 3324//3324 3323//3323 3325//3325 
f 2344//2344 3410//3410 2564//2564 
f 2564//2564 3413//3413 2344//2344 
f 3323//3323 3413//3413 2564//2564 
f 3323//3323 3324//3324 3413//3413 
f 3324//3324 2563//2563 3413//3413 
f 2563//2563 3411//3411 3413//3413 
f 3178//3178 3411//3411 2563//2563 
f 3411//3411 3178//3178 3161//3161 
f 3179//3179 3161//3161 3178//3178 
f 3179//3179 2274//2274 3161//3161 
f 2274//2274 3331//3331 3161//3161 
f 3331//3331 2274//2274 2566//2566 
f 2208//2208 3331//3331 2566//2566 
f 4918//4918 2946//2946 4919//4919 
f 2148//2148 2946//2946 4918//4918 
f 4918//4918 3022//3022 2148//2148 
f 3551//3551 3022//3022 4918//4918 
f 4935//4935 3551//3551 4918//4918 
f 3551//3551 4935//4935 3102//3102 
f 3102//3102 4935//4935 4933//4933 
f 4933//4933 3183//3183 3102//3102 
f 4933//4933 3406//3406 3183//3183 
f 2149//2149 3183//3183 3406//3406 
f 2151//2151 2149//2149 3406//3406 
f 2149//2149 2151//2151 3489//3489 
f 3489//3489 2151//2151 2275//2275 
f 2275//2275 2566//2566 3489//3489 
f 2869//2869 3490//3490 2863//2863 
f 3490//3490 2869//2869 2870//2870 
f 2869//2869 3457//3457 2870//2870 
f 2869//2869 2147//2147 3457//3457 
f 2147//2147 3515//3515 3457//3457 
f 3495//3495 3457//3457 3515//3515 
f 3460//3460 3495//3495 3515//3515 
f 2871//2871 3460//3460 3515//3515 
f 2795//2795 3460//3460 2871//2871 
f 2795//2795 2871//2871 4916//4916 
f 3516//3516 2795//2795 4916//4916 
f 2795//2795 3516//3516 3464//3464 
f 3464//3464 3516//3516 3176//3176 
f 3464//3464 3176//3176 2275//2275 
f 3176//3176 2566//2566 2275//2275 
f 2208//2208 2566//2566 3176//3176 
f 2638//2638 2208//2208 3176//3176 
f 3496//3496 2208//2208 2638//2638 
f 2638//2638 2152//2152 3496//3496 
f 2152//2152 3164//3164 3253//3253 
f 2152//2152 2638//2638 3164//3164 
f 2638//2638 3326//3326 3164//3164 
f 2638//2638 3176//3176 3326//3326 
f 3176//3176 3250//3250 3326//3326 
f 3176//3176 3516//3516 3250//3250 
f 3516//3516 3249//3249 3250//3250 
f 3516//3516 4916//4916 3249//3249 
f 4916//4916 3247//3247 3249//3249 
f 4916//4916 2871//2871 3247//3247 
f 2871//2871 2150//2150 3247//3247 
f 2871//2871 3515//3515 2150//2150 
f 3515//3515 3101//3101 2150//2150 
f 3515//3515 2147//2147 3101//3101 
f 2147//2147 2726//2726 3101//3101 
f 2147//2147 2869//2869 2726//2726 
f 2869//2869 3472//3472 2726//2726 
f 2869//2869 2863//2863 3472//3472 
f 2863//2863 2792//2792 3472//3472 
f 2863//2863 3490//3490 2792//2792 
f 3490//3490 3328//3328 2792//2792 
f 3490//3490 2870//2870 3328//3328 
f 2870//2870 1887//1887 3328//3328 
f 2870//2870 3457//3457 1887//1887 
f 3457//3457 3478//3478 1887//1887 
f 3457//3457 3495//3495 3478//3478 
f 3495//3495 3401//3401 3478//3478 
f 3495//3495 3460//3460 3401//3401 
f 3460//3460 3024//3024 3401//3401 
f 3460//3460 2795//2795 3024//3024 
f 2795//2795 3021//3021 3024//3024 
f 2795//2795 3464//3464 3021//3021 
f 3464//3464 3023//3023 3021//3021 
f 3464//3464 2275//2275 3023//3023 
f 2275//2275 3473//3473 3023//3023 
f 2275//2275 2151//2151 3473//3473 
f 2151//2151 3477//3477 3473//3473 
f 2151//2151 3406//3406 3477//3477 
f 3406//3406 3403//3403 3477//3477 
f 3406//3406 4933//4933 3403//3403 
f 4933//4933 3103//3103 3403//3403 
f 4933//4933 4935//4935 3103//3103 
f 4935//4935 3487//3487 3103//3103 
f 4935//4935 4918//4918 3487//3487 
f 4918//4918 3104//3104 3487//3487 
f 4918//4918 4919//4919 3104//3104 
f 4919//4919 3402//3402 3104//3104 
f 4919//4919 2946//2946 3402//3402 
f 2946//2946 3400//3400 3402//3402 
f 2946//2946 2148//2148 3400//3400 
f 2148//2148 3474//3474 3400//3400 
f 2148//2148 3022//3022 3474//3474 
f 3022//3022 2944//2944 3474//3474 
f 3022//3022 3551//3551 2944//2944 
f 3551//3551 3078//3078 2944//2944 
f 3551//3551 3102//3102 3078//3078 
f 3102//3102 3160//3160 3078//3078 
f 3102//3102 3183//3183 3160//3160 
f 3183//3183 3181//3181 3160//3160 
f 3183//3183 2149//2149 3181//3181 
f 2149//2149 3159//3159 3181//3181 
f 2149//2149 3489//3489 3159//3159 
f 3489//3489 3392//3392 3159//3159 
f 3489//3489 2566//2566 3392//3392 
f 2566//2566 2725//2725 3392//3392 
f 2566//2566 2274//2274 2725//2725 
f 2274//2274 3475//3475 2725//2725 
f 2274//2274 3179//3179 3475//3475 
f 3179//3179 3393//3393 3475//3475 
f 3179//3179 3178//3178 3393//3393 
f 3178//3178 3254//3254 3393//3393 
f 3178//3178 2563//2563 3254//3254 
f 2563//2563 3468//3468 3254//3254 
f 2563//2563 3324//3324 3468//3468 
f 3324//3324 3020//3020 3468//3468 
f 3324//3324 3325//3325 3020//3020 
f 3325//3325 3105//3105 3020//3020 
f 3325//3325 3323//3323 3105//3105 
f 3323//3323 3077//3077 3105//3105 
f 3323//3323 2564//2564 3077//3077 
f 2564//2564 3476//3476 3077//3077 
f 2564//2564 3410//3410 3476//3476 
f 3410//3410 3330//3330 3476//3476 
f 3410//3410 2344//2344 3330//3330 
f 2344//2344 3404//3404 3330//3330 
f 2344//2344 3413//3413 3404//3404 
f 3413//3413 3391//3391 3404//3404 
f 3413//3413 3411//3411 3391//3391 
f 3411//3411 2947//2947 3391//3391 
f 3411//3411 3161//3161 2947//2947 
f 3161//3161 3100//3100 2947//2947 
f 3161//3161 3331//3331 3100//3100 
f 3331//3331 3248//3248 3100//3100 
f 3331//3331 2208//2208 3248//3248 
f 2208//2208 3162//3162 3248//3248 
f 2208//2208 3496//3496 3162//3162 
f 3496//3496 3163//3163 3162//3162 
f 3496//3496 3017//3017 3163//3163 
f 3017//3017 3252//3252 3163//3163 
f 3017//3017 3529//3529 3252//3252 
f 3529//3529 3329//3329 3252//3252 
f 3529//3529 3493//3493 3329//3329 
f 3493//3493 3182//3182 3329//3329 
f 3493//3493 2488//2488 3182//3182 
f 2488//2488 3236//3236 3182//3182 
f 2488//2488 3491//3491 3236//3236 
f 3491//3491 3314//3314 3236//3236 
f 3491//3491 2491//2491 3314//3314 
f 2491//2491 3332//3332 3314//3314 
f 2491//2491 2414//2414 3332//3332 
f 2414//2414 3414//3414 3332//3332 
f 2414//2414 2940//2940 3414//3414 
f 2940//2940 3465//3465 3414//3414 
f 2940//2940 3409//3409 3465//3465 
f 3409//3409 1884//1884 3465//3465 
f 3409//3409 2273//2273 1884//1884 
f 2273//2273 3165//3165 1884//1884 
f 2273//2273 3412//3412 3165//3165 
f 3412//3412 3253//3253 3165//3165 
f 3412//3412 2152//2152 3253//3253 
# mm_gid 47
g mmGroup47
f 3236//3236 3314//3314 3332//3332 
f 3332//3332 3414//3414 3465//3465 
f 3465//3465 3236//3236 3332//3332 
f 3163//3163 3252//3252 3329//3329 
f 3163//3163 3329//3329 3182//3182 
f 3162//3162 3163//3163 3182//3182 
f 3162//3162 3182//3182 3236//3236 
f 3404//3404 3391//3391 2947//2947 
f 3404//3404 2947//2947 3100//3100 
f 3330//3330 3404//3404 3100//3100 
f 3330//3330 3100//3100 3248//3248 
f 3401//3401 3024//3024 3021//3021 
f 3478//3478 3401//3401 3021//3021 
f 3478//3478 3021//3021 3023//3023 
f 3478//3478 3023//3023 3473//3473 
f 3403//3403 3103//3103 3487//3487 
f 3477//3477 3403//3403 3487//3487 
f 3477//3477 3487//3487 3104//3104 
f 3477//3477 3104//3104 3402//3402 
f 3402//3402 2201//2201 3477//3477 
f 3477//3477 2201//2201 3473//3473 
f 3478//3478 3473//3473 2201//2201 
f 2144//2144 2139//2139 2013//2013 
f 2150//2150 3101//3101 3247//3247 
f 2726//2726 3247//3247 3101//3101 
f 3472//3472 3247//3247 2726//2726 
f 3249//3249 3247//3247 3250//3250 
f 3250//3250 3247//3247 3326//3326 
f 2142//2142 2145//2145 2074//2074 
f 2142//2142 2074//2074 2075//2075 
f 2075//2075 2014//2014 2142//2142 
f 2014//2014 2075//2075 2073//2073 
f 2014//2014 2073//2073 2140//2140 
f 2195//2195 2014//2014 2140//2140 
f 3164//3164 3326//3326 2140//2140 
f 3326//3326 2195//2195 2140//2140 
f 3326//3326 3247//3247 2195//2195 
f 3247//3247 2013//2013 2195//2195 
f 3247//3247 3472//3472 2013//2013 
f 2144//2144 2013//2013 3472//3472 
f 2792//2792 2144//2144 3472//3472 
f 3328//3328 2144//2144 2792//2792 
f 1887//1887 2144//2144 3328//3328 
f 3478//3478 2144//2144 1887//1887 
f 3478//3478 2201//2201 2144//2144 
f 2139//2139 2144//2144 2201//2201 
f 2201//2201 1894//1894 2139//2139 
f 2201//2201 3402//3402 1894//1894 
f 3400//3400 3474//3474 3402//3402 
f 3474//3474 2944//2944 3402//3402 
f 2944//2944 3078//3078 3402//3402 
f 3078//3078 3160//3160 3402//3402 
f 3160//3160 1894//1894 3402//3402 
f 3160//3160 2202//2202 1894//1894 
f 3181//3181 2202//2202 3160//3160 
f 3159//3159 2202//2202 3181//3181 
f 3159//3159 3392//3392 2202//2202 
f 3392//3392 2725//2725 2202//2202 
f 3254//3254 3468//3468 3393//3393 
f 3393//3393 3468//3468 3475//3475 
f 3475//3475 3468//3468 2725//2725 
f 3468//3468 2141//2141 2725//2725 
f 2202//2202 2725//2725 2141//2141 
f 2143//2143 2202//2202 2141//2141 
f 2143//2143 1894//1894 2202//2202 
f 2143//2143 2139//2139 1894//1894 
f 2143//2143 2013//2013 2139//2139 
f 2143//2143 2195//2195 2013//2013 
f 2143//2143 2014//2014 2195//2195 
f 2143//2143 2142//2142 2014//2014 
f 2143//2143 2141//2141 2142//2142 
f 2141//2141 2145//2145 2142//2142 
f 2141//2141 3468//3468 2145//2145 
f 3468//3468 3020//3020 2145//2145 
f 3105//3105 2145//2145 3020//3020 
f 3077//3077 2145//2145 3105//3105 
f 3476//3476 2145//2145 3077//3077 
f 2145//2145 3476//3476 3330//3330 
f 3330//3330 2074//2074 2145//2145 
f 3330//3330 3248//3248 2074//2074 
f 2075//2075 2074//2074 3248//3248 
f 2075//2075 3248//3248 3162//3162 
f 3162//3162 3236//3236 2075//2075 
f 3236//3236 2073//2073 2075//2075 
f 3236//3236 3465//3465 2073//2073 
f 3465//3465 2140//2140 2073//2073 
f 3465//3465 1884//1884 2140//2140 
f 3165//3165 2140//2140 1884//1884 
f 3165//3165 3253//3253 2140//2140 
f 3253//3253 3164//3164 2140//2140 
# mm_gid 55
g mmGroup55
f 2723//2723 2377//2377 2731//2731 
f 1890//1890 2878//2878 2802//2802 
f 2723//2723 2878//2878 1890//1890 
f 2057//2057 2723//2723 1890//1890 
f 2057//2057 2377//2377 2723//2723 
f 2161//2161 1996//1996 2288//2288 
f 1996//1996 2161//2161 2874//2874 
f 1996//1996 2874//2874 2462//2462 
f 2462//2462 3416//3416 1996//1996 
f 1996//1996 3416//3416 3336//3336 
f 3336//3336 2536//2536 1996//1996 
f 1996//1996 2536//2536 3481//3481 
f 3481//3481 2314//2314 1996//1996 
f 1996//1996 2314//2314 3522//3522 
f 3522//3522 3479//3479 1996//1996 
f 1996//1996 3479//3479 2111//2111 
f 2111//2111 2236//2236 1996//1996 
f 4938//4938 2821//2821 2823//2823 
f 2821//2821 2973//2973 2823//2823 
f 1870//1870 1879//1879 1847//1847 
f 1870//1870 1857//1857 1879//1879 
f 1879//1879 1857//1857 1869//1869 
f 2218//2218 1879//1879 1869//1869 
f 3494//3494 1879//1879 2218//2218 
f 3494//3494 1872//1872 1879//1879 
f 1873//1873 2865//2865 2451//2451 
f 1872//1872 2451//2451 2865//2865 
f 1879//1879 1872//1872 2865//2865 
f 2749//2749 1879//1879 2865//2865 
f 3467//3467 1879//1879 2749//2749 
f 3467//3467 2749//2749 2456//2456 
f 3552//3552 3524//3524 1816//1816 
f 2600//2600 3524//3524 3552//3552 
f 3552//3552 1941//1941 2600//2600 
f 2600//2600 1941//1941 2730//2730 
f 2730//2730 1941//1941 3039//3039 
f 3039//3039 2646//2646 2730//2730 
f 2646//2646 3039//3039 2028//2028 
f 3039//3039 3467//3467 2028//2028 
f 3467//3467 2456//2456 2028//2028 
f 2456//2456 2429//2429 2028//2028 
f 2028//2028 2429//2429 1891//1891 
f 2429//2429 1892//1892 1891//1891 
f 1891//1891 1892//1892 2079//2079 
f 2804//2804 1943//1943 1939//1939 
f 2804//2804 2528//2528 1943//1943 
f 2453//2453 2528//2528 2804//2804 
f 2453//2453 2677//2677 2528//2528 
f 2453//2453 1880//1880 2677//2677 
f 2084//2084 2277//2277 2036//2036 
f 2160//2160 2084//2084 2036//2036 
f 2160//2160 2036//2036 2089//2089 
f 2089//2089 2036//2036 2649//2649 
f 2220//2220 2416//2416 2095//2095 
f 2220//2220 2017//2017 2416//2416 
f 2017//2017 2220//2220 2078//2078 
f 2017//2017 2078//2078 2041//2041 
f 2017//2017 2041//2041 2036//2036 
f 2649//2649 2036//2036 2041//2041 
f 2649//2649 2041//2041 2097//2097 
f 2041//2041 2096//2096 2097//2097 
f 2096//2096 2041//2041 1842//1842 
f 1912//1912 1842//1842 2041//2041 
f 1912//1912 2041//2041 2677//2677 
f 1913//1913 1912//1912 2677//2677 
f 1876//1876 1913//1913 2677//2677 
f 2677//2677 4920//4920 1876//1876 
f 2677//2677 4930//4930 4920//4920 
f 2677//2677 1880//1880 4930//4930 
f 4930//4930 1880//1880 1874//1874 
f 1874//1874 1880//1880 2744//2744 
f 1880//1880 2016//2016 2744//2744 
f 1891//1891 2016//2016 1880//1880 
f 2287//2287 2016//2016 1891//1891 
f 1891//1891 2123//2123 2287//2287 
f 1891//1891 2079//2079 2123//2123 
f 2079//2079 2059//2059 2123//2123 
f 2379//2379 2123//2123 2059//2059 
f 2379//2379 2059//2059 2820//2820 
f 2823//2823 2820//2820 2059//2059 
f 2654//2654 2820//2820 2823//2823 
f 2823//2823 2973//2973 2654//2654 
f 2654//2654 2973//2973 1810//1810 
f 1810//1810 2973//2973 2018//2018 
f 2018//2018 2077//2077 1810//1810 
f 2077//2077 2018//2018 3523//3523 
f 2077//2077 3523//3523 2311//2311 
f 3523//3523 2382//2382 2311//2311 
f 2311//2311 2382//2382 1940//1940 
f 1940//1940 1982//1982 2311//2311 
f 1940//1940 4924//4924 1982//1982 
f 1821//1821 1982//1982 4924//4924 
f 4924//4924 1815//1815 1821//1821 
f 2037//2037 1815//1815 4924//4924 
f 4924//4924 1813//1813 2037//2037 
f 1814//1814 1813//1813 4924//4924 
f 4924//4924 1942//1942 1814//1814 
f 2236//2236 1942//1942 4924//4924 
f 1996//1996 2236//2236 4924//4924 
f 1846//1846 2313//2313 2009//2009 
f 1846//1846 1996//1996 2313//2313 
f 1996//1996 2457//2457 2313//2313 
f 1996//1996 4924//4924 2457//2457 
f 4924//4924 1900//1900 2457//2457 
f 4924//4924 1940//1940 1900//1900 
f 1940//1940 2315//2315 1900//1900 
f 1940//1940 2382//2382 2315//2315 
f 2382//2382 2385//2385 2315//2315 
f 2382//2382 3523//3523 2385//2385 
f 3523//3523 3548//3548 2385//2385 
f 3523//3523 2018//2018 3548//3548 
f 2018//2018 2035//2035 3548//3548 
f 2018//2018 2973//2973 2035//2035 
f 2973//2973 2069//2069 2035//2035 
f 2973//2973 2821//2821 2069//2069 
f 2821//2821 1787//1787 2069//2069 
f 2821//2821 4938//4938 1787//1787 
f 4938//4938 2034//2034 1787//1787 
f 4938//4938 2823//2823 2034//2034 
f 2823//2823 2597//2597 2034//2034 
f 2823//2823 2059//2059 2597//2597 
f 2059//2059 3258//3258 2597//2597 
f 2059//2059 2079//2079 3258//3258 
f 2079//2079 2745//2745 3258//3258 
f 2079//2079 1892//1892 2745//2745 
f 1892//1892 2819//2819 2745//2745 
f 1892//1892 2429//2429 2819//2819 
f 2429//2429 4936//4936 2819//2819 
f 2429//2429 2456//2456 4936//4936 
f 2456//2456 2082//2082 4936//4936 
f 2456//2456 2749//2749 2082//2082 
f 2749//2749 2489//2489 2082//2082 
f 2749//2749 2865//2865 2489//2489 
f 2865//2865 2583//2583 2489//2489 
f 2865//2865 1873//1873 2583//2583 
f 1873//1873 2957//2957 2583//2583 
f 1873//1873 2451//2451 2957//2957 
f 2451//2451 1872//1872 2957//2957 
f 2880//2880 2957//2957 1872//1872 
f 1872//1872 2455//2455 2880//2880 
f 1872//1872 3494//3494 2455//2455 
f 3494//3494 2381//2381 2455//2455 
f 3494//3494 2218//2218 2381//2381 
f 2218//2218 2458//2458 2381//2381 
f 2218//2218 1869//1869 2458//2458 
f 1869//1869 2877//2877 2458//2458 
f 1869//1869 1857//1857 2877//2877 
f 1857//1857 2801//2801 2877//2877 
f 1857//1857 1870//1870 2801//2801 
f 1870//1870 2009//2009 2801//2801 
f 1870//1870 1846//1846 2009//2009 
f 1870//1870 1847//1847 1846//1846 
f 1868//1868 1855//1855 2068//2068 
f 2276//2276 2068//2068 1855//1855 
f 2276//2276 2663//2663 2068//2068 
f 2662//2662 2663//2663 2276//2276 
f 2355//2355 2663//2663 2662//2662 
f 2663//2663 2355//2355 2591//2591 
f 2430//2430 2663//2663 2591//2591 
f 2430//2430 2647//2647 2663//2663 
f 2086//2086 2647//2647 2430//2430 
f 2588//2588 2647//2647 2086//2086 
f 2588//2588 2209//2209 2647//2647 
f 2647//2647 2209//2209 2085//2085 
f 2085//2085 2531//2531 2647//2647 
f 2531//2531 2085//2085 3471//3471 
f 3469//3469 2039//2039 1953//1953 
f 1953//1953 2015//2015 3469//3469 
f 3469//3469 2015//2015 2531//2531 
f 3519//3519 3469//3469 2531//2531 
f 2531//2531 3471//3471 3519//3519 
f 3519//3519 3471//3471 3470//3470 
f 1825//1825 3470//3470 3471//3471 
f 1825//1825 3471//3471 1984//1984 
f 1984//1984 3471//3471 2007//2007 
f 2007//2007 3471//3471 2665//2665 
f 3471//3471 2732//2732 2665//2665 
f 2732//2732 3471//3471 2418//2418 
f 3471//3471 1806//1806 2418//2418 
f 2090//2090 2418//2418 1806//1806 
f 1806//1806 2667//2667 2090//2090 
f 1806//1806 2574//2574 2667//2667 
f 1806//1806 1929//1929 2574//2574 
f 1806//1806 2093//2093 1929//1929 
f 2093//2093 1806//1806 2504//2504 
f 2504//2504 1806//1806 1805//1805 
f 1930//1930 1805//1805 1806//1806 
f 2029//2029 1930//1930 1806//1806 
f 1806//1806 2502//2502 2029//2029 
f 2029//2029 2502//2502 1847//1847 
f 2502//2502 1846//1846 1847//1847 
f 2651//2651 1965//1965 1975//1975 
f 1975//1975 1965//1965 2650//2650 
f 1895//1895 1975//1975 2650//2650 
f 2650//2650 2011//2011 1895//1895 
f 1895//1895 2011//2011 2031//2031 
f 2011//2011 1973//1973 2031//2031 
f 2081//2081 2352//2352 2019//2019 
f 2490//2490 2019//2019 2352//2352 
f 2490//2490 2492//2492 2019//2019 
f 2492//2492 2490//2490 2283//2283 
f 2283//2283 1983//1983 2492//2492 
f 2283//2283 2080//2080 1983//1983 
f 2080//2080 2283//2283 2664//2664 
f 2664//2664 2283//2283 2012//2012 
f 2072//2072 2012//2012 2283//2283 
f 2072//2072 1933//1933 2012//2012 
f 1804//1804 1933//1933 2072//2072 
f 1804//1804 2072//2072 1803//1803 
f 2503//2503 1803//1803 2072//2072 
f 2072//2072 2031//2031 2503//2503 
f 2503//2503 2031//2031 1896//1896 
f 2031//2031 1973//1973 1896//1896 
f 1973//1973 2502//2502 1896//1896 
f 1973//1973 1846//1846 2502//2502 
f 1846//1846 1973//1973 1854//1854 
f 1854//1854 2666//2666 1846//1846 
f 2666//2666 2731//2731 2146//2146 
f 2666//2666 2146//2146 2353//2353 
f 1846//1846 2666//2666 2353//2353 
f 2353//2353 1996//1996 1846//1846 
f 2277//2277 1996//1996 2353//2353 
f 2277//2277 2288//2288 1996//1996 
f 1956//1956 2288//2288 2277//2277 
f 1956//1956 2277//2277 1951//1951 
f 2277//2277 2084//2084 1951//1951 
f 1951//1951 2084//2084 3028//3028 
f 2084//2084 2242//2242 3028//3028 
f 2084//2084 2160//2160 2242//2242 
f 2160//2160 2181//2181 2242//2242 
f 2160//2160 2089//2089 2181//2181 
f 2089//2089 2245//2245 2181//2181 
f 2089//2089 2649//2649 2245//2245 
f 2649//2649 2727//2727 2245//2245 
f 2649//2649 2097//2097 2727//2727 
f 2097//2097 4872//4872 2727//2727 
f 2097//2097 2096//2096 4872//4872 
f 2096//2096 2593//2593 4872//4872 
f 2096//2096 1842//1842 2593//2593 
f 1842//1842 2452//2452 2593//2593 
f 1842//1842 1912//1912 2452//2452 
f 1912//1912 2592//2592 2452//2452 
f 1912//1912 1913//1913 2592//2592 
f 1913//1913 2890//2890 2592//2592 
f 1913//1913 1876//1876 2890//2890 
f 1876//1876 2791//2791 2890//2890 
f 1876//1876 4920//4920 2791//2791 
f 4920//4920 1881//1881 2791//2791 
f 4920//4920 4930//4930 1881//1881 
f 4930//4930 3480//3480 1881//1881 
f 4930//4930 1874//1874 3480//3480 
f 1874//1874 2380//2380 3480//3480 
f 1874//1874 2744//2744 2380//2380 
f 2744//2744 2348//2348 2380//2380 
f 2744//2744 2016//2016 2348//2348 
f 2016//2016 2661//2661 2348//2348 
f 2016//2016 2287//2287 2661//2661 
f 2287//2287 2796//2796 2661//2661 
f 2287//2287 2123//2123 2796//2796 
f 2123//2123 3025//3025 2796//2796 
f 2123//2123 2379//2379 3025//3025 
f 2379//2379 2243//2243 3025//3025 
f 2379//2379 2820//2820 2243//2243 
f 2820//2820 2967//2967 2243//2243 
f 2820//2820 2654//2654 2967//2967 
f 2654//2654 1858//1858 2967//2967 
f 2654//2654 1810//1810 1858//1858 
f 1810//1810 2346//2346 1858//1858 
f 1810//1810 2077//2077 2346//2346 
f 2077//2077 2094//2094 2346//2346 
f 2077//2077 2311//2311 2094//2094 
f 2311//2311 2284//2284 2094//2094 
f 2311//2311 1982//1982 2284//2284 
f 1982//1982 2669//2669 2284//2284 
f 1982//1982 1821//1821 2669//2669 
f 1821//1821 2415//2415 2669//2669 
f 1821//1821 1815//1815 2415//2415 
f 1815//1815 2163//2163 2415//2415 
f 1815//1815 2037//2037 2163//2163 
f 2037//2037 2030//2030 2163//2163 
f 2037//2037 1813//1813 2030//2030 
f 1813//1813 1865//1865 2030//2030 
f 1813//1813 1814//1814 1865//1865 
f 1814//1814 2955//2955 1865//1865 
f 1814//1814 1942//1942 2955//2955 
f 1942//1942 2660//2660 2955//2955 
f 1942//1942 2236//2236 2660//2660 
f 2236//2236 2659//2659 2660//2660 
f 2236//2236 2111//2111 2659//2659 
f 2111//2111 2162//2162 2659//2659 
f 2111//2111 3479//3479 2162//2162 
f 3479//3479 2286//2286 2162//2162 
f 3479//3479 3522//3522 2286//2286 
f 3522//3522 3026//3026 2286//2286 
f 3522//3522 2314//2314 3026//3026 
f 2314//2314 2505//2505 3026//3026 
f 2314//2314 3481//3481 2505//2505 
f 3481//3481 2658//2658 2505//2505 
f 3481//3481 2536//2536 2658//2658 
f 2536//2536 2356//2356 2658//2658 
f 2536//2536 3336//3336 2356//2356 
f 3336//3336 2872//2872 2356//2356 
f 3336//3336 3416//3416 2872//2872 
f 3416//3416 2797//2797 2872//2872 
f 3416//3416 2462//2462 2797//2797 
f 2462//2462 2952//2952 2797//2797 
f 2462//2462 2874//2874 2952//2952 
f 2874//2874 4907//4907 2952//2952 
f 2874//2874 2161//2161 4907//4907 
f 2161//2161 4908//4908 4907//4907 
f 2161//2161 2288//2288 4908//4908 
f 2288//2288 3187//3187 4908//4908 
f 2288//2288 1956//1956 3187//3187 
f 1956//1956 2948//2948 3187//3187 
f 1956//1956 1951//1951 2948//2948 
f 1951//1951 3028//3028 2948//2948 
f 2377//2377 2728//2728 2954//2954 
f 2377//2377 2057//2057 2728//2728 
f 2057//2057 2729//2729 2728//2728 
f 2057//2057 1890//1890 2729//2729 
f 1890//1890 3032//3032 2729//2729 
f 1890//1890 2802//2802 3032//3032 
f 2802//2802 4934//4934 3032//3032 
f 2802//2802 2878//2878 4934//4934 
f 2878//2878 4921//4921 4934//4934 
f 2878//2878 2723//2723 4921//4921 
f 2723//2723 2459//2459 4921//4921 
f 2723//2723 2731//2731 2459//2459 
f 2731//2731 2601//2601 2459//2459 
f 2731//2731 2666//2666 2601//2601 
f 2666//2666 2248//2248 2601//2601 
f 2666//2666 1854//1854 2248//2248 
f 1854//1854 2246//2246 2248//2248 
f 1854//1854 1973//1973 2246//2246 
f 1973//1973 1786//1786 2246//2246 
f 1973//1973 2011//2011 1786//1786 
f 2011//2011 2184//2184 1786//1786 
f 2011//2011 2650//2650 2184//2184 
f 2650//2650 1971//1971 2184//2184 
f 2650//2650 1965//1965 1971//1971 
f 1965//1965 4914//4914 1971//1971 
f 1965//1965 2651//2651 4914//4914 
f 2651//2651 4928//4928 4914//4914 
f 2651//2651 1975//1975 4928//4928 
f 1975//1975 2118//2118 4928//4928 
f 1975//1975 1895//1895 2118//2118 
f 1895//1895 2461//2461 2118//2118 
f 1895//1895 2031//2031 2461//2461 
f 2031//2031 2383//2383 2461//2461 
f 2031//2031 2072//2072 2383//2383 
f 2072//2072 2875//2875 2383//2383 
f 2072//2072 2283//2283 2875//2875 
f 2283//2283 3337//3337 2875//2875 
f 2283//2283 2490//2490 3337//3337 
f 2490//2490 2124//2124 3337//3337 
f 2490//2490 2352//2352 2124//2124 
f 2352//2352 2818//2818 2124//2124 
f 2352//2352 2081//2081 2818//2818 
f 2081//2081 2320//2320 2818//2818 
f 2081//2081 2019//2019 2320//2320 
f 2019//2019 4922//4922 2320//2320 
f 2019//2019 2492//2492 4922//4922 
f 2492//2492 2182//2182 4922//4922 
f 2492//2492 1983//1983 2182//2182 
f 1983//1983 2119//2119 2182//2182 
f 1983//1983 2080//2080 2119//2119 
f 2080//2080 2117//2117 2119//2119 
f 2080//2080 2664//2664 2117//2117 
f 2664//2664 1976//1976 2117//2117 
f 2664//2664 2012//2012 1976//1976 
f 2012//2012 4937//4937 1976//1976 
f 2012//2012 1933//1933 4937//4937 
f 1933//1933 3108//3108 4937//4937 
f 1933//1933 1804//1804 3108//3108 
f 1804//1804 2648//2648 3108//3108 
f 1804//1804 1803//1803 2648//2648 
f 1803//1803 2010//2010 2648//2648 
f 1803//1803 2503//2503 2010//2010 
f 2503//2503 1898//1898 2010//2010 
f 2503//2503 1896//1896 1898//1898 
f 1896//1896 2873//2873 1898//1898 
f 1896//1896 2502//2502 2873//2873 
f 2502//2502 3029//3029 2873//2873 
f 2502//2502 1806//1806 3029//3029 
f 1806//1806 1979//1979 3029//3029 
f 1806//1806 3471//3471 1979//1979 
f 3471//3471 3109//3109 1979//1979 
f 3471//3471 2085//2085 3109//3109 
f 2085//2085 3186//3186 3109//3109 
f 2085//2085 2209//2209 3186//3186 
f 2209//2209 2950//2950 3186//3186 
f 2209//2209 2588//2588 2950//2950 
f 2588//2588 2949//2949 2950//2950 
f 2588//2588 2086//2086 2949//2949 
f 2086//2086 2180//2180 2949//2949 
f 2086//2086 2430//2430 2180//2180 
f 2430//2430 2240//2240 2180//2180 
f 2430//2430 2591//2591 2240//2240 
f 2591//2591 2674//2674 2240//2240 
f 2591//2591 2355//2355 2674//2674 
f 2355//2355 4909//4909 2674//2674 
f 2355//2355 2662//2662 4909//4909 
f 2662//2662 4871//4871 4909//4909 
f 2662//2662 2276//2276 4871//4871 
f 2276//2276 2192//2192 4871//4871 
f 2276//2276 1855//1855 2192//2192 
f 1855//1855 4926//4926 2192//2192 
f 1855//1855 1868//1868 4926//4926 
f 1868//1868 4925//4925 4926//4926 
f 1868//1868 2068//2068 4925//4925 
f 2068//2068 2318//2318 4925//4925 
f 2068//2068 2663//2663 2318//2318 
f 2663//2663 3338//3338 2318//2318 
f 2663//2663 2647//2647 3338//3338 
f 2647//2647 1978//1978 3338//3338 
f 2647//2647 2531//2531 1978//1978 
f 2531//2531 1974//1974 1978//1978 
f 2531//2531 2015//2015 1974//1974 
f 2015//2015 2893//2893 1974//1974 
f 2015//2015 1953//1953 2893//2893 
f 1953//1953 2817//2817 2893//2893 
f 1953//1953 2039//2039 2817//2817 
f 2039//2039 2309//2309 2817//2817 
f 2039//2039 3469//3469 2309//2309 
f 3469//3469 2187//2187 2309//2309 
f 3469//3469 3519//3519 2187//2187 
f 3519//3519 2255//2255 2187//2187 
f 3519//3519 3470//3470 2255//2255 
f 3470//3470 2185//2185 2255//2255 
f 3470//3470 1825//1825 2185//2185 
f 1825//1825 1901//1901 2185//2185 
f 1825//1825 1984//1984 1901//1901 
f 1984//1984 2249//2249 1901//1901 
f 1984//1984 2007//2007 2249//2249 
f 2007//2007 2008//2008 2249//2249 
f 2007//2007 2665//2665 2008//2008 
f 2665//2665 2896//2896 2008//2008 
f 2665//2665 2732//2732 2896//2896 
f 2732//2732 2388//2388 2896//2896 
f 2732//2732 2418//2418 2388//2388 
f 2418//2418 3027//3027 2388//2388 
f 2418//2418 2090//2090 3027//3027 
f 2090//2090 1980//1980 3027//3027 
f 2090//2090 2667//2667 1980//1980 
f 2667//2667 2798//2798 1980//1980 
f 2667//2667 2574//2574 2798//2798 
f 2574//2574 3107//3107 2798//2798 
f 2574//2574 1929//1929 3107//3107 
f 1929//1929 2083//2083 3107//3107 
f 1929//1929 2093//2093 2083//2083 
f 2093//2093 2533//2533 2083//2083 
f 2093//2093 2504//2504 2533//2533 
f 2504//2504 2876//2876 2533//2533 
f 2504//2504 1805//1805 2876//2876 
f 1805//1805 2800//2800 2876//2876 
f 1805//1805 1930//1930 2800//2800 
f 1930//1930 2071//2071 2800//2800 
f 1930//1930 2029//2029 2071//2071 
f 2029//2029 1897//1897 2071//2071 
f 2029//2029 1847//1847 1897//1897 
f 1847//1847 1972//1972 1897//1897 
f 1847//1847 1879//1879 1972//1972 
f 1879//1879 2250//2250 1972//1972 
f 1879//1879 3467//3467 2250//2250 
f 3467//3467 2951//2951 2250//2250 
f 3467//3467 3039//3039 2951//2951 
f 3039//3039 4910//4910 2951//2951 
f 3039//3039 1941//1941 4910//4910 
f 1941//1941 2251//2251 4910//4910 
f 1941//1941 3552//3552 2251//2251 
f 3552//3552 2602//2602 2251//2251 
f 3552//3552 1816//1816 2602//2602 
f 1816//1816 3261//3261 2602//2602 
f 1816//1816 3524//3524 3261//3261 
f 3524//3524 4923//4923 3261//3261 
f 3524//3524 2600//2600 4923//4923 
f 2600//2600 2530//2530 4923//4923 
f 2600//2600 2730//2730 2530//2530 
f 2730//2730 2954//2954 2530//2530 
f 2730//2730 2377//2377 2954//2954 
f 2730//2730 2646//2646 2377//2377 
f 1862//1862 3530//3530 1851//1851 
f 2641//2641 3530//3530 1862//1862 
f 3530//3530 2641//2641 2569//2569 
f 2569//2569 1878//1878 3530//3530 
f 2789//2789 1950//1950 1828//1828 
f 1949//1949 1950//1950 2789//2789 
f 1950//1950 1949//1949 1954//1954 
f 1954//1954 1949//1949 2790//2790 
f 1954//1954 2790//2790 1829//1829 
f 1954//1954 1829//1829 1853//1853 
f 1844//1844 1954//1954 1853//1853 
f 1844//1844 2038//2038 1954//1954 
f 1844//1844 3251//3251 2038//2038 
f 2500//2500 2038//2038 3251//3251 
f 2500//2500 1843//1843 2038//2038 
f 1955//1955 2038//2038 1843//1843 
f 1955//1955 2569//2569 2038//2038 
f 2569//2569 1955//1955 2159//2159 
f 1878//1878 2569//2569 2159//2159 
f 2159//2159 2501//2501 1878//1878 
f 2501//2501 2159//2159 2210//2210 
f 2210//2210 2159//2159 2643//2643 
f 2159//2159 2154//2154 2643//2643 
f 2154//2154 2159//2159 2345//2345 
f 2159//2159 2724//2724 2345//2345 
f 2724//2724 2159//2159 2354//2354 
f 2159//2159 1823//1823 2354//2354 
f 2219//2219 2354//2354 1823//1823 
f 1823//1823 1850//1850 2219//2219 
f 1875//1875 1850//1850 1823//1823 
f 3180//3180 1875//1875 1823//1823 
f 3180//3180 1823//1823 2285//2285 
f 2285//2285 1823//1823 2868//2868 
f 1823//1823 1826//1826 2868//2868 
f 1826//1826 1823//1823 1848//1848 
f 1823//1823 2794//2794 1848//1848 
f 1823//1823 3099//3099 2794//2794 
f 3099//3099 2646//2646 2794//2794 
f 3099//3099 2377//2377 2646//2646 
f 2731//2731 2377//2377 3099//3099 
f 3099//3099 2146//2146 2731//2731 
f 2221//2221 1952//1952 1944//1944 
f 1952//1952 2494//2494 1944//1944 
f 1981//1981 1944//1944 2494//2494 
f 2494//2494 1852//1852 1981//1981 
f 1981//1981 1852//1852 1945//1945 
f 1852//1852 2146//2146 1945//1945 
f 1807//1807 2040//2040 3035//3035 
f 2040//2040 1964//1964 3035//3035 
f 1831//1831 3035//3035 1964//1964 
f 1831//1831 1964//1964 2076//2076 
f 2042//2042 1831//1831 2076//2076 
f 1822//1822 2042//2042 2076//2076 
f 1822//1822 2076//2076 1958//1958 
f 2639//2639 1958//1958 2076//2076 
f 2076//2076 1824//1824 2639//2639 
f 2092//2092 2639//2639 1824//1824 
f 2092//2092 1824//1824 1947//1947 
f 1849//1849 1947//1947 1824//1824 
f 1849//1849 1824//1824 1827//1827 
f 1827//1827 1824//1824 1945//1945 
f 1945//1945 2573//2573 1827//1827 
f 1945//1945 2146//2146 2573//2573 
f 2146//2146 3099//3099 2573//2573 
f 2573//2573 3099//3099 2521//2521 
f 3099//3099 2387//2387 2521//2521 
f 3099//3099 1823//1823 2387//2387 
f 1823//1823 3257//3257 2387//2387 
f 1823//1823 2159//2159 3257//3257 
f 2159//2159 2319//2319 3257//3257 
f 2159//2159 1955//1955 2319//2319 
f 1955//1955 2683//2683 2319//2319 
f 1955//1955 1843//1843 2683//2683 
f 1843//1843 2603//2603 2683//2683 
f 1843//1843 2500//2500 2603//2603 
f 2500//2500 2607//2607 2603//2603 
f 2500//2500 3251//3251 2607//2607 
f 3251//3251 2755//2755 2607//2607 
f 3251//3251 1844//1844 2755//2755 
f 1844//1844 1885//1885 2755//2755 
f 1844//1844 1853//1853 1885//1885 
f 1853//1853 2384//2384 1885//1885 
f 1853//1853 1829//1829 2384//2384 
f 1829//1829 2056//2056 2384//2384 
f 1829//1829 2790//2790 2056//2056 
f 2790//2790 3531//3531 2056//2056 
f 2790//2790 1949//1949 3531//3531 
f 1949//1949 2572//2572 3531//3531 
f 1949//1949 2789//2789 2572//2572 
f 2789//2789 2112//2112 2572//2572 
f 2789//2789 1828//1828 2112//2112 
f 1828//1828 3498//3498 2112//2112 
f 1828//1828 1950//1950 3498//3498 
f 1950//1950 2534//2534 3498//3498 
f 1950//1950 1954//1954 2534//2534 
f 1954//1954 2423//2423 2534//2534 
f 1954//1954 2038//2038 2423//2423 
f 2038//2038 2463//2463 2423//2423 
f 2038//2038 2569//2569 2463//2463 
f 2569//2569 2830//2830 2463//2463 
f 2569//2569 2641//2641 2830//2830 
f 2641//2641 1997//1997 2830//2830 
f 2641//2641 1862//1862 1997//1997 
f 1862//1862 1914//1914 1997//1997 
f 1862//1862 1851//1851 1914//1914 
f 1851//1851 2497//2497 1914//1914 
f 1851//1851 3530//3530 2497//2497 
f 3530//3530 2679//2679 2497//2497 
f 3530//3530 1878//1878 2679//2679 
f 1878//1878 2454//2454 2679//2679 
f 1878//1878 2501//2501 2454//2454 
f 2501//2501 3184//3184 2454//2454 
f 2501//2501 2210//2210 3184//3184 
f 2210//2210 2317//2317 3184//3184 
f 2210//2210 2643//2643 2317//2317 
f 2643//2643 3256//3256 2317//2317 
f 2643//2643 2154//2154 3256//3256 
f 2154//2154 2131//2131 3256//3256 
f 2154//2154 2345//2345 2131//2131 
f 2345//2345 2130//2130 2131//2131 
f 2345//2345 2724//2724 2130//2130 
f 2724//2724 3482//3482 2130//2130 
f 2724//2724 2354//2354 3482//3482 
f 2354//2354 4915//4915 3482//3482 
f 2354//2354 2219//2219 4915//4915 
f 2219//2219 2244//2244 4915//4915 
f 2219//2219 1850//1850 2244//2244 
f 1850//1850 3484//3484 2244//2244 
f 1850//1850 1875//1875 3484//3484 
f 1875//1875 2599//2599 3484//3484 
f 1875//1875 3180//3180 2599//2599 
f 3180//3180 2866//2866 2599//2599 
f 3180//3180 2285//2285 2866//2866 
f 2285//2285 3335//3335 2866//2866 
f 2285//2285 2868//2868 3335//3335 
f 2868//2868 2605//2605 3335//3335 
f 2868//2868 1826//1826 2605//2605 
f 1826//1826 3486//3486 2605//2605 
f 1826//1826 1848//1848 3486//3486 
f 1848//1848 4929//4929 3486//3486 
f 1848//1848 2794//2794 4929//4929 
f 2794//2794 3106//3106 4929//4929 
f 2794//2794 2646//2646 3106//3106 
f 2646//2646 1977//1977 3106//3106 
f 2646//2646 2028//2028 1977//1977 
f 2028//2028 2645//2645 1977//1977 
f 2028//2028 1891//1891 2645//2645 
f 1891//1891 2644//2644 2645//2645 
f 1891//1891 1880//1880 2644//2644 
f 1880//1880 2642//2642 2644//2644 
f 1880//1880 2453//2453 2642//2642 
f 2453//2453 3520//3520 2642//2642 
f 2453//2453 2804//2804 3520//3520 
f 2804//2804 2375//2375 3520//3520 
f 2804//2804 1939//1939 2375//2375 
f 1939//1939 2305//2305 2375//2375 
f 1939//1939 1943//1943 2305//2305 
f 1943//1943 2793//2793 2305//2305 
f 1943//1943 2528//2528 2793//2793 
f 2528//2528 2525//2525 2793//2793 
f 2528//2528 2677//2677 2525//2525 
f 2677//2677 2529//2529 2525//2525 
f 2677//2677 2041//2041 2529//2529 
f 2041//2041 1883//1883 2529//2529 
f 2041//2041 2078//2078 1883//1883 
f 2078//2078 2671//2671 1883//1883 
f 2078//2078 2220//2220 2671//2671 
f 2220//2220 3255//3255 2671//2671 
f 2220//2220 2095//2095 3255//3255 
f 2095//2095 3497//3497 3255//3255 
f 2095//2095 2416//2416 3497//3497 
f 2416//2416 3525//3525 3497//3497 
f 2416//2416 2017//2017 3525//3525 
f 2017//2017 3485//3485 3525//3525 
f 2017//2017 2036//2036 3485//3485 
f 2036//2036 2953//2953 3485//3485 
f 2036//2036 2277//2277 2953//2953 
f 2277//2277 2799//2799 2953//2953 
f 2277//2277 2353//2353 2799//2799 
f 2353//2353 3483//3483 2799//2799 
f 2353//2353 2146//2146 3483//3483 
f 2146//2146 2943//2943 3483//3483 
f 2146//2146 1852//1852 2943//2943 
f 1852//1852 2596//2596 2943//2943 
f 1852//1852 2494//2494 2596//2596 
f 2494//2494 2136//2136 2596//2596 
f 2494//2494 1952//1952 2136//2136 
f 1952//1952 2312//2312 2136//2136 
f 1952//1952 2221//2221 2312//2312 
f 2221//2221 2135//2135 2312//2312 
f 2221//2221 1944//1944 2135//2135 
f 1944//1944 2746//2746 2135//2135 
f 1944//1944 1981//1981 2746//2746 
f 1981//1981 3521//3521 2746//2746 
f 1981//1981 1945//1945 3521//3521 
f 1945//1945 1882//1882 3521//3521 
f 1945//1945 1824//1824 1882//1882 
f 1824//1824 2499//2499 1882//1882 
f 1824//1824 2076//2076 2499//2499 
f 2076//2076 3415//3415 2499//2499 
f 2076//2076 1964//1964 3415//3415 
f 1964//1964 3185//3185 3415//3415 
f 1964//1964 2040//2040 3185//3185 
f 2040//2040 1915//1915 3185//3185 
f 2040//2040 1807//1807 1915//1915 
f 1807//1807 2945//2945 1915//1915 
f 1807//1807 3035//3035 2945//2945 
f 3035//3035 2055//2055 2945//2945 
f 3035//3035 1831//1831 2055//2055 
f 1831//1831 2867//2867 2055//2055 
f 1831//1831 2042//2042 2867//2867 
f 2042//2042 3333//3333 2867//2867 
f 2042//2042 1822//1822 3333//3333 
f 1822//1822 3334//3334 3333//3333 
f 1822//1822 1958//1958 3334//3334 
f 1958//1958 2389//2389 3334//3334 
f 1958//1958 2639//2639 2389//2389 
f 2639//2639 1886//1886 2389//2389 
f 2639//2639 2092//2092 1886//1886 
f 2092//2092 2538//2538 1886//1886 
f 2092//2092 1947//1947 2538//2538 
f 1947//1947 2498//2498 2538//2538 
f 1947//1947 1849//1849 2498//2498 
f 1849//1849 2814//2814 2498//2498 
f 1849//1849 1827//1827 2814//2814 
f 1827//1827 2741//2741 2814//2814 
f 1827//1827 2573//2573 2741//2741 
f 2573//2573 2521//2521 2741//2741 
# mm_gid 56
g mmGroup56
f 2248//2248 2589//2589 2656//2656 
f 1800//1800 1904//1904 1795//1795 
f 2943//2943 1998//1998 3483//3483 
f 1998//1998 2065//2065 3483//3483 
f 3483//3483 1794//1794 2799//2799 
f 3483//3483 2005//2005 1794//1794 
f 2391//2391 1794//1794 2005//2005 
f 2391//2391 2799//2799 1794//1794 
f 2582//2582 1793//1793 2445//2445 
f 2582//2582 2457//2457 1992//1992 
f 3258//3258 2239//2239 2597//2597 
f 2239//2239 3258//3258 2363//2363 
f 2366//2366 1905//1905 1802//1802 
f 1902//1902 1905//1905 2366//2366 
f 2129//2129 1905//1905 1902//1902 
f 2745//2745 2129//2129 1902//1902 
f 2819//2819 2129//2129 2745//2745 
f 2819//2819 1905//1905 2129//2129 
f 2819//2819 1802//1802 1905//1905 
f 2819//2819 4936//4936 1802//1802 
f 2530//2530 3261//3261 4923//4923 
f 2530//2530 2602//2602 3261//3261 
f 2954//2954 2602//2602 2530//2530 
f 2954//2954 2251//2251 2602//2602 
f 2954//2954 4910//4910 2251//2251 
f 2954//2954 2232//2232 2321//2321 
f 1977//1977 2321//2321 2232//2232 
f 1977//1977 2645//2645 2321//2321 
f 2954//2954 2321//2321 2645//2645 
f 2645//2645 4910//4910 2954//2954 
f 4910//4910 2645//2645 2951//2951 
f 2002//2002 2105//2105 2106//2106 
f 2517//2517 1796//1796 2174//2174 
f 2517//2517 2174//2174 2009//2009 
f 2009//2009 2174//2174 2106//2106 
f 2002//2002 2106//2106 2174//2174 
f 2174//2174 1796//1796 2002//2002 
f 1796//1796 2442//2442 2002//2002 
f 2002//2002 2442//2442 2066//2066 
f 2248//2248 2246//2246 2177//2177 
f 2246//2246 2442//2442 2177//2177 
f 2246//2246 2066//2066 2442//2442 
f 1786//1786 2066//2066 2246//2246 
f 2118//2118 4914//4914 4928//4928 
f 2461//2461 4914//4914 2118//2118 
f 2461//2461 1971//1971 4914//4914 
f 2383//2383 1971//1971 2461//2461 
f 2383//2383 2184//2184 1971//1971 
f 2383//2383 1786//1786 2184//2184 
f 1786//1786 2383//2383 2657//2657 
f 2117//2117 2182//2182 2119//2119 
f 1976//1976 2182//2182 2117//2117 
f 1976//1976 4922//4922 2182//2182 
f 1976//1976 2320//2320 4922//4922 
f 1976//1976 2818//2818 2320//2320 
f 4937//4937 2818//2818 1976//1976 
f 4937//4937 2124//2124 2818//2818 
f 3108//3108 2124//2124 4937//4937 
f 3108//3108 3337//3337 2124//2124 
f 2648//2648 2010//2010 3108//3108 
f 2010//2010 1898//1898 3108//3108 
f 2113//2113 2006//2006 2126//2126 
f 3029//3029 2126//2126 2006//2006 
f 3029//3029 1799//1799 2126//2126 
f 3029//3029 1979//1979 1799//1799 
f 2950//2950 2949//2949 3186//3186 
f 4871//4871 2674//2674 4909//4909 
f 4926//4926 4871//4871 2192//2192 
f 4926//4926 2674//2674 4871//4871 
f 4926//4926 2240//2240 2674//2674 
f 4925//4925 2240//2240 4926//4926 
f 4925//4925 2180//2180 2240//2240 
f 2318//2318 2180//2180 4925//4925 
f 3338//3338 2180//2180 2318//2318 
f 3338//3338 2949//2949 2180//2180 
f 2309//2309 2893//2893 2817//2817 
f 2309//2309 1974//1974 2893//2893 
f 2187//2187 1974//1974 2309//2309 
f 2297//2297 2255//2255 2185//2185 
f 2297//2297 2187//2187 2255//2255 
f 2297//2297 1974//1974 2187//2187 
f 1974//1974 2297//2297 2516//2516 
f 1974//1974 2516//2516 1978//1978 
f 1978//1978 2516//2516 3338//3338 
f 2516//2516 2949//2949 3338//3338 
f 2516//2516 3186//3186 2949//2949 
f 2516//2516 2297//2297 3186//3186 
f 3109//3109 3186//3186 2297//2297 
f 2297//2297 2185//2185 3109//3109 
f 1901//1901 3109//3109 2185//2185 
f 2249//2249 3109//3109 1901//1901 
f 2008//2008 3109//3109 2249//2249 
f 2008//2008 1979//1979 3109//3109 
f 2896//2896 1979//1979 2008//2008 
f 2388//2388 1979//1979 2896//2896 
f 3027//3027 1979//1979 2388//2388 
f 1980//1980 1979//1979 3027//3027 
f 2798//2798 1979//1979 1980//1980 
f 3107//3107 1979//1979 2798//2798 
f 2083//2083 1979//1979 3107//3107 
f 2533//2533 1979//1979 2083//2083 
f 2876//2876 1979//1979 2533//2533 
f 2800//2800 1979//1979 2876//2876 
f 2071//2071 1979//1979 2800//2800 
f 2071//2071 1897//1897 1979//1979 
f 1897//1897 1799//1799 1979//1979 
f 1897//1897 1972//1972 1799//1799 
f 1972//1972 2003//2003 1799//1799 
f 2126//2126 1799//1799 2003//2003 
f 2113//2113 2126//2126 2003//2003 
f 2003//2003 2585//2585 2113//2113 
f 2006//2006 2113//2113 2585//2585 
f 2520//2520 2585//2585 1995//1995 
f 2006//2006 2585//2585 2520//2520 
f 2006//2006 2520//2520 2576//2576 
f 2576//2576 3029//3029 2006//2006 
f 2873//2873 3029//3029 2576//2576 
f 2371//2371 2873//2873 2576//2576 
f 2873//2873 2371//2371 1898//1898 
f 2110//2110 1898//1898 2371//2371 
f 2110//2110 3108//3108 1898//1898 
f 2110//2110 3337//3337 3108//3108 
f 3337//3337 2110//2110 2875//2875 
f 2383//2383 2875//2875 2110//2110 
f 2110//2110 2657//2657 2383//2383 
f 2110//2110 2371//2371 2657//2657 
f 1786//1786 2657//2657 2371//2371 
f 2371//2371 2576//2576 1786//1786 
f 2066//2066 1786//1786 2576//2576 
f 2576//2576 2520//2520 2066//2066 
f 2520//2520 1995//1995 2066//2066 
f 2002//2002 2066//2066 1995//1995 
f 1995//1995 2105//2105 2002//2002 
f 1995//1995 2585//2585 2105//2105 
f 2585//2585 2003//2003 2105//2105 
f 2003//2003 2106//2106 2105//2105 
f 2003//2003 2009//2009 2106//2106 
f 2009//2009 2003//2003 2801//2801 
f 2003//2003 1972//1972 2801//2801 
f 2250//2250 2801//2801 1972//1972 
f 2801//2801 2250//2250 2877//2877 
f 2877//2877 2250//2250 2458//2458 
f 2458//2458 2250//2250 2381//2381 
f 2381//2381 2250//2250 2455//2455 
f 2455//2455 2250//2250 2880//2880 
f 2064//2064 2367//2367 2228//2228 
f 2367//2367 2064//2064 1798//1798 
f 2064//2064 2298//2298 1798//1798 
f 2064//2064 2228//2228 2298//2298 
f 2188//2188 2298//2298 2228//2228 
f 2957//2957 2231//2231 2583//2583 
f 1899//1899 2583//2583 2231//2231 
f 2489//2489 2583//2583 1899//1899 
f 1899//1899 2515//2515 2489//2489 
f 2082//2082 2489//2489 2513//2513 
f 2489//2489 2515//2515 2513//2513 
f 2515//2515 2293//2293 2513//2513 
f 2515//2515 2188//2188 2293//2293 
f 2515//2515 1899//1899 2188//2188 
f 2298//2298 2188//2188 1899//1899 
f 1899//1899 2231//2231 2298//2298 
f 2231//2231 1798//1798 2298//2298 
f 2231//2231 2957//2957 1798//1798 
f 2880//2880 1798//1798 2957//2957 
f 2880//2880 2250//2250 1798//1798 
f 2367//2367 1798//1798 2250//2250 
f 2951//2951 2450//2450 2250//2250 
f 2450//2450 2367//2367 2250//2250 
f 2228//2228 2367//2367 2450//2450 
f 2188//2188 2228//2228 2450//2450 
f 2450//2450 2293//2293 2188//2188 
f 2176//2176 2293//2293 2450//2450 
f 2450//2450 2951//2951 2176//2176 
f 2178//2178 2176//2176 2951//2951 
f 2512//2512 2178//2178 2951//2951 
f 2951//2951 2645//2645 2512//2512 
f 2300//2300 2512//2512 2645//2645 
f 2300//2300 2440//2440 2512//2512 
f 2440//2440 2386//2386 2512//2512 
f 2386//2386 2178//2178 2512//2512 
f 2386//2386 2176//2176 2178//2178 
f 2386//2386 2293//2293 2176//2176 
f 2386//2386 2513//2513 2293//2293 
f 2082//2082 2513//2513 2386//2386 
f 2386//2386 2440//2440 2082//2082 
f 4936//4936 2082//2082 2440//2440 
f 2440//2440 2300//2300 4936//4936 
f 1802//1802 4936//4936 2300//2300 
f 2366//2366 1802//1802 2300//2300 
f 2300//2300 2645//2645 2366//2366 
f 2645//2645 2644//2644 2366//2366 
f 1902//1902 2366//2366 2644//2644 
f 2372//2372 1902//1902 2644//2644 
f 2745//2745 1902//1902 2372//2372 
f 3258//3258 2745//2745 2372//2372 
f 2372//2372 2363//2363 3258//3258 
f 2372//2372 2644//2644 2363//2363 
f 2642//2642 2581//2581 2644//2644 
f 2525//2525 2305//2305 2793//2793 
f 2525//2525 2375//2375 2305//2305 
f 2525//2525 2529//2529 2375//2375 
f 2375//2375 2529//2529 3520//3520 
f 3520//3520 2529//2529 2642//2642 
f 2642//2642 2529//2529 2125//2125 
f 3497//3497 2671//2671 3255//3255 
f 3525//3525 2671//2671 3497//3497 
f 3525//3525 1883//1883 2671//2671 
f 3485//3485 1883//1883 3525//3525 
f 2953//2953 1883//1883 3485//3485 
f 2953//2953 2511//2511 1883//1883 
f 2953//2953 2237//2237 2511//2511 
f 2953//2953 2799//2799 2580//2580 
f 2242//2242 2316//2316 3028//3028 
f 2242//2242 2181//2181 2316//2316 
f 2580//2580 2316//2316 2181//2181 
f 2245//2245 2580//2580 2181//2181 
f 2245//2245 2953//2953 2580//2580 
f 2245//2245 2237//2237 2953//2953 
f 2245//2245 2727//2727 2237//2237 
f 2727//2727 4872//4872 2237//2237 
f 4872//4872 2593//2593 2237//2237 
f 2592//2592 2890//2890 2109//2109 
f 1881//1881 2523//2523 2791//2791 
f 2791//2791 2523//2523 2890//2890 
f 2523//2523 2109//2109 2890//2890 
f 2308//2308 2109//2109 2523//2523 
f 2004//2004 2109//2109 2308//2308 
f 2592//2592 2109//2109 2004//2004 
f 2592//2592 2004//2004 2452//2452 
f 2593//2593 2452//2452 2004//2004 
f 2004//2004 2237//2237 2593//2593 
f 2004//2004 2511//2511 2237//2237 
f 2004//2004 1883//1883 2511//2511 
f 2004//2004 2308//2308 1883//1883 
f 2529//2529 1883//1883 2308//2308 
f 2125//2125 2529//2529 2308//2308 
f 2308//2308 2523//2523 2125//2125 
f 2523//2523 1881//1881 2125//2125 
f 3480//3480 2125//2125 1881//1881 
f 2380//2380 2125//2125 3480//3480 
f 2380//2380 2642//2642 2125//2125 
f 2380//2380 2581//2581 2642//2642 
f 2380//2380 2348//2348 2581//2581 
f 2348//2348 2661//2661 2581//2581 
f 2447//2447 2581//2581 2661//2661 
f 2447//2447 2644//2644 2581//2581 
f 2447//2447 2363//2363 2644//2644 
f 2239//2239 2363//2363 2447//2447 
f 2447//2447 2050//2050 2239//2239 
f 2447//2447 2661//2661 2050//2050 
f 2796//2796 2050//2050 2661//2661 
f 2796//2796 3025//3025 2050//2050 
f 2378//2378 2050//2050 3025//3025 
f 3025//3025 2243//2243 2378//2378 
f 2243//2243 2967//2967 2378//2378 
f 1858//1858 2346//2346 2514//2514 
f 2346//2346 2094//2094 2514//2514 
f 2094//2094 2299//2299 2514//2514 
f 2094//2094 2284//2284 2299//2299 
f 2443//2443 2669//2669 2415//2415 
f 2669//2669 2443//2443 2284//2284 
f 2443//2443 2299//2299 2284//2284 
f 2252//2252 2587//2587 2443//2443 
f 2587//2587 2299//2299 2443//2443 
f 2587//2587 2514//2514 2299//2299 
f 2587//2587 2128//2128 2514//2514 
f 2060//2060 2514//2514 2128//2128 
f 1858//1858 2514//2514 2060//2060 
f 2967//2967 1858//1858 2060//2060 
f 2060//2060 2378//2378 2967//2967 
f 2378//2378 2060//2060 2532//2532 
f 2532//2532 2050//2050 2378//2378 
f 2532//2532 2239//2239 2050//2050 
f 2532//2532 2597//2597 2239//2239 
f 1910//1910 2439//2439 2441//2441 
f 2034//2034 2179//2179 1787//1787 
f 2069//2069 1787//1787 2179//2179 
f 2179//2179 2301//2301 2069//2069 
f 2439//2439 2301//2301 2179//2179 
f 2179//2179 2441//2441 2439//2439 
f 2179//2179 2034//2034 2441//2441 
f 1910//1910 2441//2441 2034//2034 
f 1910//1910 2034//2034 2108//2108 
f 2597//2597 2108//2108 2034//2034 
f 2597//2597 2532//2532 2108//2108 
f 1910//1910 2108//2108 2532//2532 
f 2532//2532 2060//2060 1910//1910 
f 2060//2060 2128//2128 1910//1910 
f 2439//2439 1910//1910 2128//2128 
f 2301//2301 2439//2439 2128//2128 
f 2128//2128 2587//2587 2301//2301 
f 2587//2587 2252//2252 2301//2301 
f 2252//2252 2069//2069 2301//2301 
f 2035//2035 2069//2069 2252//2252 
f 2035//2035 2252//2252 3548//3548 
f 2252//2252 2443//2443 3548//3548 
f 2385//2385 3548//3548 2443//2443 
f 2315//2315 2385//2385 2443//2443 
f 1900//1900 2315//2315 2443//2443 
f 2443//2443 2415//2415 1900//1900 
f 1900//1900 2415//2415 2457//2457 
f 2457//2457 2415//2415 2163//2163 
f 2457//2457 2163//2163 2030//2030 
f 2030//2030 1992//1992 2457//2457 
f 2030//2030 1865//1865 1992//1992 
f 1865//1865 2955//2955 1992//1992 
f 2582//2582 1992//1992 2955//2955 
f 2955//2955 2660//2660 2582//2582 
f 1793//1793 2582//2582 2660//2660 
f 1793//1793 2660//2660 2659//2659 
f 2659//2659 2162//2162 1793//1793 
f 2445//2445 1793//1793 2162//2162 
f 2162//2162 2286//2286 2445//2445 
f 2286//2286 3026//3026 2445//2445 
f 2519//2519 2134//2134 2235//2235 
f 3187//3187 2948//2948 2189//2189 
f 2872//2872 1909//1909 2356//2356 
f 2063//2063 1909//1909 2872//2872 
f 2872//2872 2797//2797 2063//2063 
f 2797//2797 2952//2952 2063//2063 
f 2952//2952 4907//4907 2063//2063 
f 2063//2063 4907//4907 2067//2067 
f 4908//4908 2067//2067 4907//4907 
f 3187//3187 2067//2067 4908//4908 
f 3187//3187 2189//2189 2067//2067 
f 2189//2189 2304//2304 2067//2067 
f 2127//2127 1999//1999 2304//2304 
f 1999//1999 2067//2067 2304//2304 
f 2063//2063 2067//2067 1999//1999 
f 1909//1909 2063//2063 1999//1999 
f 1999//1999 2127//2127 1909//1909 
f 1908//1908 1909//1909 2127//2127 
f 1908//1908 2127//2127 2313//2313 
f 1908//1908 2313//2313 2519//2519 
f 2519//2519 2235//2235 1908//1908 
f 1909//1909 1908//1908 2235//2235 
f 2235//2235 2356//2356 1909//1909 
f 2235//2235 2134//2134 2356//2356 
f 2658//2658 2356//2356 2134//2134 
f 2505//2505 2658//2658 2134//2134 
f 2505//2505 2134//2134 3026//3026 
f 2134//2134 2445//2445 3026//3026 
f 2134//2134 2519//2519 2445//2445 
f 2519//2519 2582//2582 2445//2445 
f 2519//2519 2313//2313 2582//2582 
f 2457//2457 2582//2582 2313//2313 
f 3028//3028 2316//2316 2948//2948 
f 2316//2316 2189//2189 2948//2948 
f 2316//2316 2054//2054 2189//2189 
f 2316//2316 2580//2580 2054//2054 
f 2437//2437 2054//2054 2580//2580 
f 2580//2580 2799//2799 2437//2437 
f 2799//2799 2391//2391 2437//2437 
f 2391//2391 2584//2584 2437//2437 
f 2054//2054 2437//2437 2584//2584 
f 2584//2584 2175//2175 2054//2054 
f 2189//2189 2054//2054 2175//2175 
f 2304//2304 2189//2189 2175//2175 
f 2175//2175 2127//2127 2304//2304 
f 2175//2175 2313//2313 2127//2127 
f 2009//2009 2313//2313 2175//2175 
f 2175//2175 2517//2517 2009//2009 
f 2175//2175 2302//2302 2517//2517 
f 2175//2175 2584//2584 2302//2302 
f 2584//2584 2391//2391 2302//2302 
f 2391//2391 2005//2005 2302//2302 
f 2005//2005 3483//3483 2302//2302 
f 3483//3483 2065//2065 2302//2302 
f 1904//1904 2302//2302 2065//2065 
f 2517//2517 2302//2302 1904//1904 
f 1904//1904 1800//1800 2517//2517 
f 1796//1796 2517//2517 1800//1800 
f 2442//2442 1796//1796 1800//1800 
f 1800//1800 2177//2177 2442//2442 
f 1800//1800 1795//1795 2177//2177 
f 2248//2248 2177//2177 1795//1795 
f 1795//1795 2589//2589 2248//2248 
f 1795//1795 1904//1904 2589//2589 
f 1904//1904 2656//2656 2589//2589 
f 1904//1904 2065//2065 2656//2656 
f 2065//2065 1998//1998 2656//2656 
f 2248//2248 2656//2656 1998//1998 
f 2248//2248 1998//1998 2601//2601 
f 2586//2586 2522//2522 1917//1917 
f 2522//2522 1993//1993 1917//1917 
f 2233//2233 1993//1993 2522//2522 
f 2233//2233 2728//2728 1993//1993 
f 4934//4934 2729//2729 3032//3032 
f 4921//4921 2729//2729 4934//4934 
f 4921//4921 2728//2728 2729//2729 
f 2459//2459 2728//2728 4921//4921 
f 2601//2601 2728//2728 2459//2459 
f 2601//2601 1993//1993 2728//2728 
f 2601//2601 1917//1917 1993//1993 
f 2601//2601 1998//1998 1917//1917 
f 2586//2586 1917//1917 1998//1998 
f 1998//1998 2943//2943 2586//2586 
f 2498//2498 2814//2814 2538//2538 
f 2814//2814 2741//2741 2538//2538 
f 2521//2521 2538//2538 2741//2741 
f 2499//2499 2051//2051 1882//1882 
f 2499//2499 2518//2518 2051//2051 
f 3415//3415 2518//2518 2499//2499 
f 3334//3334 2867//2867 3333//3333 
f 2389//2389 2867//2867 3334//3334 
f 2389//2389 2055//2055 2867//2867 
f 2389//2389 2945//2945 2055//2055 
f 2389//2389 1915//1915 2945//2945 
f 1886//1886 1915//1915 2389//2389 
f 1886//1886 3185//3185 1915//1915 
f 2538//2538 3185//3185 1886//1886 
f 2538//2538 3415//3415 3185//3185 
f 2538//2538 2518//2518 3415//3415 
f 2538//2538 2521//2521 2518//2518 
f 2368//2368 2518//2518 2521//2521 
f 2368//2368 2051//2051 2518//2518 
f 2368//2368 1882//1882 2051//2051 
f 2746//2746 2312//2312 2135//2135 
f 3521//3521 2312//2312 2746//2746 
f 3521//3521 2136//2136 2312//2312 
f 1882//1882 2136//2136 3521//3521 
f 1882//1882 2596//2596 2136//2136 
f 1882//1882 2943//2943 2596//2596 
f 1882//1882 2368//2368 2943//2943 
f 2368//2368 2586//2586 2943//2943 
f 2368//2368 2521//2521 2586//2586 
f 2387//2387 2586//2586 2521//2521 
f 2522//2522 2586//2586 2387//2387 
f 2387//2387 2058//2058 2522//2522 
f 1906//1906 2522//2522 2058//2058 
f 2233//2233 2522//2522 1906//1906 
f 2233//2233 1906//1906 1903//1903 
f 1906//1906 2058//2058 1903//1903 
f 2460//2460 1903//1903 2058//2058 
f 2058//2058 1916//1916 2460//2460 
f 2058//2058 2387//2387 1916//1916 
f 3257//3257 1916//1916 2387//2387 
f 2603//2603 2607//2607 2683//2683 
f 3531//3531 2384//2384 2056//2056 
f 2112//2112 3531//3531 2572//2572 
f 2112//2112 2384//2384 3531//3531 
f 2112//2112 1885//1885 2384//2384 
f 3498//3498 1885//1885 2112//2112 
f 3498//3498 2755//2755 1885//1885 
f 2534//2534 2755//2755 3498//3498 
f 2423//2423 2755//2755 2534//2534 
f 2423//2423 2607//2607 2755//2755 
f 2497//2497 1997//1997 1914//1914 
f 2497//2497 2830//2830 1997//1997 
f 2679//2679 2830//2830 2497//2497 
f 2369//2369 2454//2454 3184//3184 
f 2369//2369 2679//2679 2454//2454 
f 2369//2369 2830//2830 2679//2679 
f 2830//2830 2369//2369 1911//1911 
f 2830//2830 1911//1911 2463//2463 
f 2463//2463 1911//1911 2423//2423 
f 1911//1911 2607//2607 2423//2423 
f 1911//1911 2683//2683 2607//2607 
f 1911//1911 2369//2369 2683//2683 
f 2319//2319 2683//2683 2369//2369 
f 2369//2369 3184//3184 2319//2319 
f 2317//2317 2319//2319 3184//3184 
f 3256//3256 2319//2319 2317//2317 
f 2131//2131 2319//2319 3256//3256 
f 2131//2131 3257//3257 2319//2319 
f 2130//2130 3257//3257 2131//2131 
f 3482//3482 3257//3257 2130//2130 
f 4915//4915 3257//3257 3482//3482 
f 2244//2244 3257//3257 4915//4915 
f 3484//3484 3257//3257 2244//2244 
f 2599//2599 3257//3257 3484//3484 
f 2866//2866 3257//3257 2599//2599 
f 3335//3335 3257//3257 2866//2866 
f 2605//2605 3257//3257 3335//3335 
f 3486//3486 3257//3257 2605//2605 
f 4929//4929 3257//3257 3486//3486 
f 3106//3106 3257//3257 4929//4929 
f 3106//3106 1916//1916 3257//3257 
f 3106//3106 2460//2460 1916//1916 
f 3106//3106 1903//1903 2460//2460 
f 1977//1977 1903//1903 3106//3106 
f 1977//1977 2232//2232 1903//1903 
f 2232//2232 2233//2233 1903//1903 
f 2232//2232 2954//2954 2233//2233 
f 2728//2728 2233//2233 2954//2954 
# mm_gid 64
g mmGroup64
f 4789//4789 4178//4178 4793//4793 
f 4948//4948 1963//1963 1833//1833 
f 1833//1833 4232//4232 4948//4948 
f 4178//4178 4232//4232 1833//1833 
f 4178//4178 4789//4789 4232//4232 
f 4789//4789 4231//4231 4232//4232 
f 4231//4231 4858//4858 4232//4232 
f 1835//1835 4858//4858 4231//4231 
f 4858//4858 1835//1835 1926//1926 
f 1962//1962 1926//1926 1835//1835 
f 1962//1962 4951//4951 1926//1926 
f 4951//4951 4956//4956 1926//1926 
f 4956//4956 4951//4951 1928//1928 
f 4287//4287 4956//4956 1928//1928 
f 4957//4957 4409//4409 4863//4863 
f 1769//1769 4863//4863 4409//4409 
f 1769//1769 4409//4409 4964//4964 
f 4964//4964 2100//2100 1769//1769 
f 4955//4955 2100//2100 4964//4964 
f 4955//4955 4954//4954 2100//2100 
f 4954//4954 4955//4955 1969//1969 
f 1969//1969 1968//1968 4954//4954 
f 4939//4939 1968//1968 1969//1969 
f 1967//1967 1968//1968 4939//4939 
f 1989//1989 1967//1967 4939//4939 
f 4963//4963 1967//1967 1989//1989 
f 1989//1989 4287//4287 4963//4963 
f 4963//4963 4287//4287 4288//4288 
f 4287//4287 1928//1928 4288//4288 
f 2292//2292 2294//2294 1780//1780 
f 2294//2294 2292//2292 4949//4949 
f 2292//2292 4962//4962 4949//4949 
f 2292//2292 2225//2225 4962//4962 
f 2225//2225 2223//2223 4962//4962 
f 2043//2043 4962//4962 2223//2223 
f 4961//4961 2043//2043 2223//2223 
f 1985//1985 4961//4961 2223//2223 
f 4959//4959 4961//4961 1985//1985 
f 4959//4959 1985//1985 4960//4960 
f 2045//2045 4959//4959 4960//4960 
f 4959//4959 2045//2045 4905//4905 
f 4905//4905 2045//2045 4288//4288 
f 4905//4905 4288//4288 1946//1946 
f 4288//4288 1928//1928 1946//1946 
f 1946//1946 1928//1928 4942//4942 
f 4942//4942 1931//1931 1946//1946 
f 2431//2431 1931//1931 4942//4942 
f 1931//1931 2431//2431 4864//4864 
f 2431//2431 4233//4233 4864//4864 
f 1927//1927 4864//4864 4233//4233 
f 1927//1927 4233//4233 1932//1932 
f 1932//1932 2357//2357 1927//1927 
f 1783//1783 2357//2357 1932//1932 
f 2357//2357 1783//1783 4782//4782 
f 1783//1783 1775//1775 4782//4782 
f 4782//4782 1775//1775 4947//4947 
f 4947//4947 4783//4783 4782//4782 
f 4782//4782 4783//4783 4824//4824 
f 4782//4782 4824//4824 1991//1991 
f 4824//4824 1922//1922 1991//1991 
f 4824//4824 4783//4783 1922//1922 
f 4783//4783 2226//2226 1922//1922 
f 4783//4783 4947//4947 2226//2226 
f 4947//4947 1988//1988 2226//2226 
f 4947//4947 1775//1775 1988//1988 
f 1775//1775 4523//4523 1988//1988 
f 1775//1775 1783//1783 4523//4523 
f 1783//1783 2102//2102 4523//4523 
f 1783//1783 1932//1932 2102//2102 
f 1932//1932 2103//2103 2102//2102 
f 1932//1932 4233//4233 2103//2103 
f 4233//4233 1777//1777 2103//2103 
f 4233//4233 2431//2431 1777//1777 
f 2431//2431 1994//1994 1777//1777 
f 2431//2431 4942//4942 1994//1994 
f 4942//4942 2053//2053 1994//1994 
f 4942//4942 1928//1928 2053//2053 
f 1928//1928 4349//4349 2053//2053 
f 1928//1928 4951//4951 4349//4349 
f 4951//4951 2295//2295 4349//4349 
f 4951//4951 1962//1962 2295//2295 
f 1962//1962 1778//1778 2295//2295 
f 1962//1962 1835//1835 1778//1778 
f 1835//1835 4576//4576 1778//1778 
f 1835//1835 4231//4231 4576//4576 
f 4231//4231 1923//1923 4576//4576 
f 4231//4231 4789//4789 1923//1923 
f 4789//4789 2171//2171 1923//1923 
f 4789//4789 4793//4793 2171//2171 
f 4793//4793 2230//2230 2171//2171 
f 4793//4793 4178//4178 2230//2230 
f 4178//4178 2229//2229 2230//2230 
f 4178//4178 1833//1833 2229//2229 
f 1833//1833 4787//4787 2229//2229 
f 1833//1833 1963//1963 4787//4787 
f 1963//1963 1782//1782 4787//4787 
f 1963//1963 4948//4948 1782//1782 
f 4948//4948 1781//1781 1782//1782 
f 4948//4948 4232//4232 1781//1781 
f 4232//4232 2224//2224 1781//1781 
f 4232//4232 4858//4858 2224//2224 
f 4858//4858 4348//4348 2224//2224 
f 4858//4858 1926//1926 4348//4348 
f 1926//1926 2365//2365 4348//4348 
f 1926//1926 4956//4956 2365//2365 
f 4956//4956 1779//1779 2365//2365 
f 4956//4956 4287//4287 1779//1779 
f 4287//4287 1934//1934 1779//1779 
f 4287//4287 1989//1989 1934//1934 
f 1989//1989 2436//2436 1934//1934 
f 1989//1989 4939//4939 2436//2436 
f 4939//4939 2438//2438 2436//2436 
f 4939//4939 1969//1969 2438//2438 
f 1969//1969 2364//2364 2438//2438 
f 1969//1969 4955//4955 2364//2364 
f 4955//4955 2099//2099 2364//2364 
f 4955//4955 4964//4964 2099//2099 
f 4964//4964 1936//1936 2099//2099 
f 4964//4964 4409//4409 1936//1936 
f 4409//4409 1935//1935 1936//1936 
f 4409//4409 4957//4957 1935//1935 
f 4957//4957 2033//2033 1935//1935 
f 4957//4957 4863//4863 2033//2033 
f 4863//4863 4790//4790 2033//2033 
f 4863//4863 1769//1769 4790//4790 
f 1769//1769 4786//4786 4790//4790 
f 1769//1769 2100//2100 4786//4786 
f 2100//2100 2169//2169 4786//4786 
f 2100//2100 4954//4954 2169//2169 
f 4954//4954 1938//1938 2169//2169 
f 4954//4954 1968//1968 1938//1938 
f 1968//1968 4634//4634 1938//1938 
f 1968//1968 1967//1967 4634//4634 
f 1967//1967 4785//4785 4634//4634 
f 1967//1967 4963//4963 4785//4785 
f 4963//4963 2091//2091 4785//4785 
f 4963//4963 4288//4288 2091//2091 
f 4288//4288 4347//4347 2091//2091 
f 4288//4288 2045//2045 4347//4347 
f 2045//2045 2222//2222 4347//4347 
f 2045//2045 4960//4960 2222//2222 
f 4960//4960 2166//2166 2222//2222 
f 4960//4960 1985//1985 2166//2166 
f 1985//1985 2168//2168 2166//2166 
f 1985//1985 2223//2223 2168//2168 
f 2223//2223 1785//1785 2168//2168 
f 2223//2223 2225//2225 1785//1785 
f 2225//2225 2291//2291 1785//1785 
f 2225//2225 2292//2292 2291//2291 
f 2292//2292 2170//2170 2291//2291 
f 2292//2292 1780//1780 2170//2170 
f 1780//1780 4289//4289 2170//2170 
f 1780//1780 2294//2294 4289//4289 
f 2294//2294 2290//2290 4289//4289 
f 2294//2294 4949//4949 2290//2290 
f 4949//4949 4823//4823 2290//2290 
f 4949//4949 4962//4962 4823//4823 
f 4962//4962 2098//2098 4823//4823 
f 4962//4962 2043//2043 2098//2098 
f 2043//2043 1924//1924 2098//2098 
f 2043//2043 4961//4961 1924//1924 
f 4961//4961 1784//1784 1924//1924 
f 4961//4961 4959//4959 1784//1784 
f 4959//4959 4350//4350 1784//1784 
f 4959//4959 4905//4905 4350//4350 
f 4905//4905 2296//2296 4350//4350 
f 4905//4905 1946//1946 2296//2296 
f 1946//1946 1937//1937 2296//2296 
f 1946//1946 1931//1931 1937//1937 
f 1931//1931 2227//2227 1937//1937 
f 1931//1931 4864//4864 2227//2227 
f 4864//4864 2167//2167 2227//2227 
f 4864//4864 1927//1927 2167//2167 
f 1927//1927 4410//4410 2167//2167 
f 1927//1927 2357//2357 4410//4410 
f 2357//2357 4411//4411 4410//4410 
f 2357//2357 4782//4782 4411//4411 
f 4782//4782 1991//1991 4411//4411 
# mm_gid 66
g mmGroup66
f 2167//2167 4410//4410 4411//4411 
f 2227//2227 2167//2167 4411//4411 
f 2227//2227 4411//4411 1991//1991 
f 4289//4289 2290//2290 2170//2170 
f 2170//2170 2290//2290 2291//2291 
f 4823//4823 2098//2098 2290//2290 
f 2291//2291 2290//2290 2098//2098 
f 4902//4902 4865//4865 4895//4895 
f 4898//4898 4895//4895 4865//4865 
f 4895//4895 4861//4861 4877//4877 
f 4895//4895 4898//4898 4861//4861 
f 4904//4904 4861//4861 4898//4898 
f 4904//4904 4868//4868 4861//4861 
f 4868//4868 4877//4877 4861//4861 
f 1922//1922 2226//2226 4894//4894 
f 2226//2226 1988//1988 4894//4894 
f 4894//4894 4903//4903 4868//4868 
f 4894//4894 1988//1988 4903//4903 
f 2102//2102 1988//1988 4523//4523 
f 2102//2102 2103//2103 1988//1988 
f 2103//2103 1777//1777 1988//1988 
f 1777//1777 1994//1994 1988//1988 
f 1994//1994 4903//4903 1988//1988 
f 1994//1994 4868//4868 4903//4903 
f 4877//4877 4868//4868 1994//1994 
f 2053//2053 4877//4877 1994//1994 
f 4349//4349 4877//4877 2053//2053 
f 2295//2295 4877//4877 4349//4349 
f 2295//2295 1778//1778 4877//4877 
f 1778//1778 4576//4576 4877//4877 
f 4576//4576 4895//4895 4877//4877 
f 4576//4576 4902//4902 4895//4895 
f 1923//1923 4902//4902 4576//4576 
f 2171//2171 4902//4902 1923//1923 
f 2230//2230 4902//4902 2171//2171 
f 2229//2229 4902//4902 2230//2230 
f 4787//4787 4902//4902 2229//2229 
f 4902//4902 4787//4787 1782//1782 
f 4865//4865 4902//4902 1782//1782 
f 1781//1781 2224//2224 4348//4348 
f 1781//1781 4348//4348 2365//2365 
f 1782//1782 1781//1781 2365//2365 
f 1782//1782 2365//2365 1779//1779 
f 4865//4865 1782//1782 1779//1779 
f 1936//1936 1935//1935 2033//2033 
f 2091//2091 4347//4347 4785//4785 
f 4785//4785 4347//4347 4634//4634 
f 4634//4634 4347//4347 1938//1938 
f 1938//1938 4347//4347 4899//4899 
f 4790//4790 4786//4786 2033//2033 
f 4786//4786 2169//2169 2033//2033 
f 2169//2169 1938//1938 2033//2033 
f 1938//1938 4899//4899 2033//2033 
f 4881//4881 2033//2033 4899//4899 
f 4900//4900 2033//2033 4881//4881 
f 1936//1936 2033//2033 4900//4900 
f 2436//2436 2438//2438 2364//2364 
f 2436//2436 2364//2364 2099//2099 
f 1934//1934 2436//2436 2099//2099 
f 1934//1934 2099//2099 1936//1936 
f 1936//1936 4900//4900 1934//1934 
f 1934//1934 4900//4900 1779//1779 
f 4865//4865 1779//1779 4900//4900 
f 4900//4900 4881//4881 4865//4865 
f 4898//4898 4865//4865 4881//4881 
f 4881//4881 4899//4899 4898//4898 
f 4899//4899 4904//4904 4898//4898 
f 4899//4899 4896//4896 4904//4904 
f 4899//4899 4347//4347 4896//4896 
f 2166//2166 4347//4347 2222//2222 
f 2168//2168 4347//4347 2166//2166 
f 2168//2168 4896//4896 4347//4347 
f 2168//2168 4904//4904 4896//4896 
f 4882//4882 4904//4904 2168//2168 
f 4882//4882 4868//4868 4904//4904 
f 4882//4882 4894//4894 4868//4868 
f 4882//4882 4866//4866 4894//4894 
f 4866//4866 4882//4882 4883//4883 
f 4882//4882 2168//2168 4883//4883 
f 1785//1785 2291//2291 2168//2168 
f 2291//2291 4883//4883 2168//2168 
f 2291//2291 2098//2098 4883//4883 
f 4866//4866 4883//4883 2098//2098 
f 1924//1924 1784//1784 4350//4350 
f 2098//2098 1924//1924 4350//4350 
f 2098//2098 4350//4350 2296//2296 
f 2098//2098 2296//2296 1937//1937 
f 1937//1937 4866//4866 2098//2098 
f 1937//1937 2227//2227 4866//4866 
f 4894//4894 4866//4866 2227//2227 
f 2227//2227 1922//1922 4894//4894 
f 2227//2227 1991//1991 1922//1922 
# mm_gid 74
g mmGroup74
f 4678//4678 3892//3892 3923//3923 
f 4678//4678 4679//4679 3892//3892 
f 4521//4521 4628//4628 4009//4009 
f 4628//4628 3925//3925 4537//4537 
f 4628//4628 4521//4521 3925//3925 
f 3703//3703 4537//4537 3929//3929 
f 3703//3703 4628//4628 4537//4537 
f 4541//4541 3927//3927 4595//4595 
f 4541//4541 4625//4625 3927//3927 
f 4602//4602 3970//3970 4627//4627 
f 3750//3750 4146//4146 4094//4094 
f 3659//3659 4090//4090 4654//4654 
f 3659//3659 3750//3750 4090//4090 
f 3659//3659 4146//4146 3750//3750 
f 3751//3751 4146//4146 3659//3659 
f 3751//3751 4654//4654 4592//4592 
f 3751//3751 3659//3659 4654//4654 
f 3662//3662 3647//3647 3995//3995 
f 3647//3647 4651//4651 3959//3959 
f 3647//3647 3662//3662 4651//4651 
f 3662//3662 4592//4592 4651//4651 
f 3662//3662 3751//3751 4592//4592 
f 3751//3751 3662//3662 4534//4534 
f 3662//3662 3995//3995 4534//4534 
f 3751//3751 4534//4534 4036//4036 
f 3661//3661 4036//4036 3994//3994 
f 3661//3661 3751//3751 4036//4036 
f 3661//3661 4146//4146 3751//3751 
f 4146//4146 3661//3661 4093//4093 
f 4808//4808 4489//4489 4010//4010 
f 4875//4875 3885//3885 3819//3819 
f 3974//3974 4426//4426 4361//4361 
f 3974//3974 4361//4361 4051//4051 
f 4427//4427 4050//4050 4012//4012 
f 4427//4427 4012//4012 3544//3544 
f 4302//4302 4299//4299 4101//4101 
f 4101//4101 4364//4364 4302//4302 
f 4101//4101 4428//4428 4364//4364 
f 4101//4101 4299//4299 4362//4362 
f 4051//4051 4362//4362 4257//4257 
f 4051//4051 4101//4101 4362//4362 
f 4051//4051 4361//4361 4101//4101 
f 4428//4428 4101//4101 4361//4361 
f 4426//4426 4050//4050 4427//4427 
f 4426//4426 3974//3974 4050//4050 
f 4050//4050 4486//4486 4703//4703 
f 4050//4050 3974//3974 4486//4486 
f 3974//3974 4535//4535 4486//4486 
f 3974//3974 4051//4051 4535//4535 
f 4652//4652 4535//4535 4051//4051 
f 4652//4652 4051//4051 4593//4593 
f 4051//4051 4256//4256 4593//4593 
f 4012//4012 4703//4703 4704//4704 
f 4012//4012 4050//4050 4703//4703 
f 4013//4013 4704//4704 3545//3545 
f 4013//4013 4012//4012 4704//4704 
f 4013//4013 3544//3544 4012//4012 
f 4700//4700 3544//3544 4013//4013 
f 4700//4700 4013//4013 4008//4008 
f 4008//4008 3545//3545 3543//3543 
f 4008//4008 4013//4013 3545//3545 
f 4096//4096 3543//3543 4255//4255 
f 4096//4096 4008//4008 3543//3543 
f 4096//4096 4697//4697 4696//4696 
f 4696//4696 4008//4008 4096//4096 
f 4696//4696 4700//4700 4008//4008 
f 3546//3546 4049//4049 4258//4258 
f 5096//5096 3778//3778 4856//4856 
f 4556//4556 3920//3920 3851//3851 
f 4556//4556 4223//4223 3920//3920 
f 4223//4223 4694//4694 3547//3547 
f 4223//4223 4556//4556 4694//4694 
f 4556//4556 4034//4034 4694//4694 
f 4556//4556 4670//4670 4034//4034 
f 4556//4556 3851//3851 4670//4670 
f 4613//4613 4138//4138 4136//4136 
f 4613//4613 4171//4171 4138//4138 
f 4023//4023 4137//4137 3717//3717 
f 4023//4023 4065//4065 4137//4137 
f 4064//4064 3809//3809 3808//3808 
f 4064//4064 3874//3874 3809//3809 
f 4212//4212 4640//4640 3873//3873 
f 3806//3806 4640//4640 4212//4212 
f 4097//4097 4581//4581 4077//4077 
f 4097//4097 4153//4153 4581//4581 
f 4100//4100 4080//4080 4295//4295 
f 4100//4100 4156//4156 4080//4080 
f 4153//4153 4295//4295 4581//4581 
f 4153//4153 4100//4100 4295//4295 
f 4100//4100 4153//4153 4129//4129 
f 4153//4153 4097//4097 4129//4129 
f 4054//4054 4129//4129 4097//4097 
f 4561//4561 4531//4531 4648//4648 
f 4561//4561 4618//4618 4531//4531 
f 4249//4249 4484//4484 4425//4425 
f 4249//4249 4247//4247 4484//4484 
f 4054//4054 4294//4294 4594//4594 
f 4054//4054 4208//4208 4294//4294 
f 4558//4558 4618//4618 4477//4477 
f 4558//4558 4357//4357 4481//4481 
f 4558//4558 4507//4507 4357//4357 
f 4507//4507 4421//4421 4357//4357 
f 4507//4507 4560//4560 4421//4421 
f 4478//4478 4479//4479 4559//4559 
f 4479//4479 4506//4506 4559//4559 
f 4559//4559 4355//4355 4417//4417 
f 4559//4559 4506//4506 4355//4355 
f 4560//4560 4417//4417 4421//4421 
f 4560//4560 4559//4559 4417//4417 
f 4560//4560 4478//4478 4559//4559 
f 4560//4560 4507//4507 4478//4478 
f 4478//4478 4507//4507 4480//4480 
f 4507//4507 4558//4558 4480//4480 
f 4558//4558 4477//4477 4480//4480 
f 4309//4309 4585//4585 4422//4422 
f 4585//4585 4506//4506 4479//4479 
f 4585//4585 4309//4309 4506//4506 
f 4506//4506 4358//4358 4355//4355 
f 4506//4506 4309//4309 4358//4358 
f 4423//4423 4319//4319 4380//4380 
f 4319//4319 4423//4423 4369//4369 
f 4319//4319 4360//4360 4356//4356 
f 4319//4319 4369//4369 4360//4360 
f 4380//4380 4356//4356 4296//4296 
f 4380//4380 4319//4319 4356//4356 
f 4309//4309 4296//4296 4358//4358 
f 4309//4309 4380//4380 4296//4296 
f 4309//4309 4422//4422 4380//4380 
f 4422//4422 4423//4423 4380//4380 
f 3844//3844 4369//4369 4423//4423 
f 4249//4249 4369//4369 3844//3844 
f 4369//4369 4425//4425 4360//4360 
f 4369//4369 4249//4249 4425//4425 
f 4247//4247 4532//4532 4484//4484 
f 4247//4247 4307//4307 4532//4532 
f 4276//4276 4307//4307 3877//3877 
f 4276//4276 3877//3877 3911//3911 
f 3951//3951 4221//4221 3911//3911 
f 4276//4276 3911//3911 4221//4221 
f 4276//4276 4649//4649 4487//4487 
f 4276//4276 4221//4221 4649//4649 
f 4307//4307 4487//4487 4532//4532 
f 4307//4307 4276//4276 4487//4487 
f 4221//4221 4647//4647 4649//4649 
f 4221//4221 4336//4336 4647//4647 
f 4221//4221 3951//3951 4336//4336 
f 3951//3951 4337//4337 4336//4336 
f 4337//4337 3951//3951 3990//3990 
f 4337//4337 3990//3990 4270//4270 
f 4337//4337 4591//4591 4588//4588 
f 4337//4337 4270//4270 4591//4591 
f 3914//3914 4590//4590 4533//4533 
f 3914//3914 3876//3876 4590//4590 
f 3876//3876 4650//4650 4590//4590 
f 3876//3876 4275//4275 4650//4650 
f 4275//4275 3876//3876 4132//4132 
f 4275//4275 4132//4132 4078//4078 
f 4134//4134 4275//4275 4078//4078 
f 4275//4275 4082//4082 4650//4650 
f 4275//4275 4134//4134 4082//4082 
f 4338//4338 4485//4485 4702//4702 
f 4338//4338 4340//4340 4485//4485 
f 4338//4338 3954//3954 4340//4340 
f 4340//4340 3954//3954 3810//3810 
f 4340//4340 3810//3810 4269//4269 
f 4269//4269 4530//4530 4701//4701 
f 4269//4269 4169//4169 4530//4530 
f 4340//4340 4701//4701 4485//4485 
f 4340//4340 4269//4269 4701//4701 
f 4169//4169 3772//3772 4530//4530 
f 4169//4169 4331//4331 3772//3772 
f 4270//4270 4533//4533 4591//4591 
f 4270//4270 3914//3914 4533//4533 
f 4336//4336 4588//4588 4647//4647 
f 4336//4336 4337//4337 4588//4588 
f 4618//4618 4481//4481 4531//4531 
f 4618//4618 4558//4558 4481//4481 
f 4557//4557 4419//4419 4589//4589 
f 4557//4557 4616//4616 4419//4419 
f 4505//4505 4648//4648 4483//4483 
f 4505//4505 4561//4561 4648//4648 
f 4130//4130 4698//4698 4646//4646 
f 4130//4130 4397//4397 4698//4698 
f 4397//4397 4130//4130 4476//4476 
f 4674//4674 4397//4397 4476//4476 
f 4397//4397 4699//4699 4698//4698 
f 4397//4397 4674//4674 4699//4699 
f 4674//4674 4586//4586 4699//4699 
f 4674//4674 4398//4398 4586//4586 
f 4398//4398 4235//4235 4617//4617 
f 4180//4180 4617//4617 4235//4235 
f 4617//4617 4180//4180 4399//4399 
f 4399//4399 4180//4180 4279//4279 
f 4399//4399 4587//4587 4644//4644 
f 4399//4399 4279//4279 4587//4587 
f 4617//4617 4644//4644 4645//4645 
f 4617//4617 4399//4399 4644//4644 
f 4398//4398 4645//4645 4586//4586 
f 4398//4398 4617//4617 4645//4645 
f 4279//4279 4529//4529 4587//4587 
f 4279//4279 4318//4318 4529//4529 
f 4490//4490 4505//4505 4318//4318 
f 4318//4318 4483//4483 4529//4529 
f 4318//4318 4505//4505 4483//4483 
f 4616//4616 4482//4482 4419//4419 
f 4616//4616 4673//4673 4482//4482 
f 4673//4673 4646//4646 4482//4482 
f 4673//4673 4130//4130 4646//4646 
f 4130//4130 4673//4673 4415//4415 
f 4476//4476 4130//4130 4415//4415 
f 4160//4160 4416//4416 4641//4641 
f 4160//4160 4056//4056 4416//4416 
f 4155//4155 4420//4420 4695//4695 
f 4155//4155 4158//4158 4420//4420 
f 4055//4055 4642//4642 4583//4583 
f 4055//4055 4583//4583 4291//4291 
f 4055//4055 4291//4291 4352//4352 
f 4055//4055 4352//4352 4527//4527 
f 4234//4234 4055//4055 4527//4527 
f 4234//4234 4103//4103 4159//4159 
f 4159//4159 4528//4528 4582//4582 
f 4159//4159 4103//4103 4528//4528 
f 4102//4102 4582//4582 4584//4584 
f 4102//4102 4159//4159 4582//4582 
f 4102//4102 4234//4234 4159//4159 
f 4055//4055 4234//4234 4102//4102 
f 4102//4102 4158//4158 4055//4055 
f 4158//4158 4584//4584 4420//4420 
f 4158//4158 4102//4102 4584//4584 
f 4154//4154 4695//4695 4643//4643 
f 4154//4154 4155//4155 4695//4695 
f 4181//4181 4154//4154 4098//4098 
f 4098//4098 4643//4643 4292//4292 
f 4098//4098 4154//4154 4643//4643 
f 4103//4103 4641//4641 4528//4528 
f 4103//4103 4160//4160 4641//4641 
f 4103//4103 4234//4234 4160//4160 
f 4056//4056 4160//4160 4234//4234 
f 4056//4056 4234//4234 4290//4290 
f 4056//4056 4290//4290 4416//4416 
f 4474//4474 4526//4526 4052//4052 
f 4099//4099 4474//4474 4052//4052 
f 4099//4099 4353//4353 4237//4237 
f 4099//4099 4052//4052 4353//4353 
f 4052//4052 4292//4292 4353//4353 
f 4052//4052 4098//4098 4292//4292 
f 4052//4052 4526//4526 4098//4098 
f 4526//4526 4181//4181 4098//4098 
f 4236//4236 4154//4154 4181//4181 
f 4236//4236 4155//4155 4154//4154 
f 4236//4236 4182//4182 4155//4155 
f 4182//4182 4158//4158 4155//4155 
f 4055//4055 4158//4158 4182//4182 
f 4182//4182 4642//4642 4055//4055 
f 4414//4414 5107//5107 5114//5114 
f 4475//4475 4414//4414 5114//5114 
f 4475//4475 5114//5114 5126//5126 
f 4354//4354 4475//4475 5126//5126 
f 5097//5097 4354//4354 5126//5126 
f 5097//5097 4324//4324 4354//4354 
f 4165//4165 4351//4351 4141//4141 
f 4165//4165 4216//4216 4351//4351 
f 4216//4216 4165//4165 4260//4260 
f 4260//4260 4165//4165 4259//4259 
f 4165//4165 4293//4293 4259//4259 
f 4157//4157 4237//4237 4076//4076 
f 4157//4157 4099//4099 4237//4237 
f 4474//4474 4099//4099 4157//4157 
f 4474//4474 4157//4157 4418//4418 
f 4674//4674 4476//4476 4179//4179 
f 4398//4398 4674//4674 4179//4179 
f 4235//4235 4398//4398 4179//4179 
f 4279//4279 4180//4180 4491//4491 
f 4491//4491 4318//4318 4279//4279 
f 4491//4491 4490//4490 4318//4318 
f 4536//4536 4505//4505 4490//4490 
f 4561//4561 4505//4505 4536//4536 
f 4536//4536 4618//4618 4561//4561 
f 4477//4477 4618//4618 4536//4536 
f 4129//4129 4054//4054 4594//4594 
f 4539//4539 4100//4100 4129//4129 
f 4156//4156 4100//4100 4539//4539 
f 4539//4539 4418//4418 4156//4156 
f 4418//4418 4157//4157 4156//4156 
f 4156//4156 4076//4076 4080//4080 
f 4156//4156 4157//4157 4076//4076 
f 4293//4293 4097//4097 4077//4077 
f 4293//4293 4165//4165 4097//4097 
f 4086//4086 4097//4097 4165//4165 
f 4086//4086 4054//4054 4097//4097 
f 4086//4086 4208//4208 4054//4054 
f 4086//4086 4211//4211 4210//4210 
f 4086//4086 4215//4215 4211//4211 
f 4211//4211 3910//3910 4033//4033 
f 4211//4211 4215//4215 3910//3910 
f 4210//4210 4033//4033 3989//3989 
f 4210//4210 4211//4211 4033//4033 
f 4209//4209 3989//3989 3950//3950 
f 4209//4209 4210//4210 3989//3989 
f 4086//4086 4210//4210 4209//4209 
f 4209//4209 4208//4208 4086//4086 
f 4208//4208 3950//3950 4294//4294 
f 4208//4208 4209//4209 3950//3950 
f 4215//4215 3873//3873 3910//3910 
f 4215//4215 4212//4212 3873//3873 
f 3806//3806 4212//4212 4215//4215 
f 4215//4215 4086//4086 3806//3806 
f 4249//4249 3844//3844 3842//3842 
f 4247//4247 4249//4249 3842//3842 
f 4307//4307 4247//4247 3842//3842 
f 3842//3842 3877//3877 4307//4307 
f 4031//4031 4270//4270 3990//3990 
f 3914//3914 4270//4270 4031//4031 
f 3876//3876 3914//3914 4031//4031 
f 4031//4031 4132//4132 3876//3876 
f 4134//4134 4078//4078 3993//3993 
f 4370//4370 4134//4134 3993//3993 
f 4134//4134 4035//4035 4082//4082 
f 4134//4134 4370//4370 4035//4035 
f 4370//4370 4702//4702 4035//4035 
f 4370//4370 4338//4338 4702//4702 
f 4370//4370 3954//3954 4338//4338 
f 4370//4370 3993//3993 3954//3954 
f 4269//4269 3810//3810 4084//4084 
f 4084//4084 4169//4169 4269//4269 
f 4083//4083 4169//4169 4084//4084 
f 4083//4083 4331//4331 4169//4169 
f 3845//3845 4331//4331 4083//4083 
f 4064//4064 4331//4331 3845//3845 
f 4331//4331 3808//3808 3772//3772 
f 4331//4331 4064//4064 3808//3808 
f 3874//3874 3714//3714 3809//3809 
f 3874//3874 4189//4189 3714//3714 
f 3815//3815 4189//4189 3874//3874 
f 3874//3874 3846//3846 3815//3815 
f 3874//3874 4064//4064 3846//3846 
f 4064//4064 3845//3845 3846//3846 
f 4065//4065 3630//3630 4085//4085 
f 4065//4065 4023//4023 3630//3630 
f 3815//3815 3630//3630 4023//4023 
f 4023//4023 4189//4189 3815//3815 
f 4189//4189 3717//3717 3714//3714 
f 4189//4189 4023//4023 3717//3717 
f 4172//4172 3738//3738 4192//4192 
f 4172//4172 4277//4277 3738//3738 
f 4277//4277 4589//4589 3738//3738 
f 4277//4277 4557//4557 4589//4589 
f 4557//4557 4277//4277 3631//3631 
f 3631//3631 4277//4277 3739//3739 
f 4277//4277 4172//4172 3739//3739 
f 4172//4172 4171//4171 3739//3739 
f 3774//3774 3739//3739 4171//4171 
f 4171//4171 4613//4613 3774//3774 
f 3773//3773 3774//3774 4613//4613 
f 4613//4613 4671//4671 3773//3773 
f 3773//3773 4671//4671 4670//4670 
f 4670//4670 3851//3851 3773//3773 
f 3632//3632 4557//4557 3631//3631 
f 4616//4616 4557//4557 3632//3632 
f 3632//3632 4673//4673 4616//4616 
f 4415//4415 4673//4673 3632//3632 
f 1631//1631 4473//4473 3633//3633 
f 3633//3633 5121//5121 1631//1631 
f 5121//5121 3633//3633 3634//3634 
f 3778//3778 5096//5096 3711//3711 
f 4815//4815 3711//3711 5096//5096 
f 3634//3634 3711//3711 4815//4815 
f 5121//5121 3634//3634 4815//4815 
f 1630//1630 4473//4473 1631//1631 
f 4414//4414 4473//4473 1630//1630 
f 5107//5107 4414//4414 1630//1630 
f 4029//4029 3744//3744 3743//3743 
f 4029//4029 4074//4074 3744//3744 
f 3908//3908 3743//3743 3710//3710 
f 3908//3908 4029//4029 3743//3743 
f 3909//3909 3710//3710 3635//3635 
f 3909//3909 3908//3908 3710//3710 
f 3797//3797 3635//3635 3709//3709 
f 3797//3797 3909//3909 3635//3635 
f 3802//3802 3709//3709 4395//4395 
f 3802//3802 3797//3797 3709//3709 
f 4245//4245 5104//5104 5102//5102 
f 5109//5109 5104//5104 4133//4133 
f 4133//4133 3746//3746 5109//5109 
f 5106//5106 5110//5110 3852//3852 
f 5110//5110 3825//3825 3852//3852 
f 5110//5110 5118//5118 3825//3825 
f 5118//5118 3746//3746 3825//3825 
f 5118//5118 5109//5109 3746//3746 
f 3821//3821 4516//4516 3820//3820 
f 4568//4568 3820//3820 4516//4516 
f 4568//4568 3962//3962 3781//3781 
f 4568//4568 4516//4516 3962//3962 
f 4567//4567 3781//3781 3898//3898 
f 4567//4567 4568//4568 3781//3781 
f 3820//3820 4568//4568 4567//4567 
f 3934//3934 3820//3820 4567//4567 
f 4684//4684 4320//4320 3926//3926 
f 4684//4684 4467//4467 4320//4320 
f 4286//4286 4321//4321 4378//4378 
f 4286//4286 4520//4520 4321//4321 
f 4322//4322 4520//4520 4388//4388 
f 4520//4520 4286//4286 4388//4388 
f 4688//4688 4316//4316 4375//4375 
f 4688//4688 4682//4682 4316//4316 
f 4624//4624 3829//3829 3826//3826 
f 4624//4624 4570//4570 3829//3829 
f 4626//4626 4508//4508 3700//3700 
f 4626//4626 3828//3828 3858//3858 
f 4626//4626 3700//3700 3828//3828 
f 4571//4571 3858//3858 3859//3859 
f 4571//4571 4626//4626 3858//3858 
f 3700//3700 3826//3826 3828//3828 
f 3700//3700 4624//4624 3826//3826 
f 3700//3700 4508//4508 4624//4624 
f 4508//4508 4452//4452 4624//4624 
f 4570//4570 4624//4624 4452//4452 
f 4570//4570 4452//4452 4389//4389 
f 4570//4570 4389//4389 4689//4689 
f 4570//4570 3830//3830 3829//3829 
f 4570//4570 4689//4689 3830//3830 
f 4689//4689 4314//4314 3830//3830 
f 4689//4689 4629//4629 4314//4314 
f 4464//4464 4460//4460 4458//4458 
f 4464//4464 4341//4341 4460//4460 
f 4495//4495 3831//3831 3979//3979 
f 4456//4456 4227//4227 4461//4461 
f 4456//4456 4497//4497 4227//4227 
f 4400//4400 3832//3832 3902//3902 
f 4400//4400 4403//4403 3832//3832 
f 4403//4403 3833//3833 3832//3832 
f 4403//4403 4379//4379 3833//3833 
f 4379//4379 4403//4403 4061//4061 
f 4379//4379 4061//4061 4063//4063 
f 3790//3790 4379//4379 4063//4063 
f 4379//4379 4021//4021 3833//3833 
f 4379//4379 3790//3790 4021//4021 
f 4496//4496 4339//4339 4544//4544 
f 4496//4496 4462//4462 3865//3865 
f 4496//4496 4544//4544 4462//4462 
f 4227//4227 4457//4457 3901//3901 
f 4227//4227 4497//4497 4457//4457 
f 4371//4371 3902//3902 3903//3903 
f 4371//4371 4400//4400 3902//3902 
f 4495//4495 3903//3903 4140//4140 
f 4495//4495 4371//4371 3903//3903 
f 4495//4495 3979//3979 4371//4371 
f 3939//3939 4371//4371 3979//3979 
f 4400//4400 4371//4371 3939//3939 
f 4403//4403 4400//4400 3939//3939 
f 3939//3939 4061//4061 4403//4403 
f 3790//3790 4063//4063 4278//4278 
f 3834//3834 3790//3790 4278//4278 
f 3790//3790 4113//4113 4021//4021 
f 3790//3790 3834//3834 4113//4113 
f 3834//3834 3865//3865 4113//4113 
f 3834//3834 4496//4496 3865//3865 
f 3834//3834 4339//4339 4496//4496 
f 3834//3834 4278//4278 4339//4339 
f 4544//4544 4339//4339 4401//4401 
f 4544//4544 4401//4401 4436//4436 
f 4544//4544 4514//4514 4462//4462 
f 4544//4544 4436//4436 4514//4514 
f 4436//4436 3901//3901 4514//4514 
f 4804//4804 4805//4805 4775//4775 
f 4843//4843 3837//3837 3532//3532 
f 3532//3532 4777//4777 4843//4843 
f 5099//5099 1792//1792 4777//4777 
f 4777//4777 1792//1792 4851//4851 
f 4809//4809 5115//5115 5112//5112 
f 5115//5115 4809//4809 4851//4851 
f 4809//4809 4777//4777 4851//4851 
f 4809//4809 4843//4843 4777//4777 
f 4809//4809 5112//5112 4843//4843 
f 4120//4120 4958//4958 4121//4121 
f 3946//3946 4853//4853 4850//4850 
f 3946//3946 3986//3986 4853//4853 
f 3986//3986 4860//4860 4853//4853 
f 3986//3986 4873//4873 4860//4860 
f 4867//4867 3907//3907 4876//4876 
f 4867//4867 3870//3870 3907//3907 
f 4873//4873 3870//3870 4867//4867 
f 4873//4873 3986//3986 3870//3870 
f 3986//3986 3946//3946 3870//3870 
f 3907//3907 3870//3870 3946//3946 
f 3946//3946 4893//4893 3985//3985 
f 3869//3869 5120//5120 4878//4878 
f 4120//4120 3949//3949 5124//5124 
f 3946//3946 3949//3949 4847//4847 
f 3949//3949 4579//4579 4639//4639 
f 4639//4639 4847//4847 3949//3949 
f 4847//4847 4639//4639 4638//4638 
f 5107//5107 4525//4525 4580//4580 
f 5107//5107 4580//4580 5114//5114 
f 4524//4524 5097//5097 4472//4472 
f 5097//5097 5126//5126 4472//4472 
f 4638//4638 5121//5121 4815//4815 
f 4638//4638 4639//4639 5121//5121 
f 4639//4639 1631//1631 5121//5121 
f 4639//4639 4579//4579 1631//1631 
f 1631//1631 4579//4579 1630//1630 
f 1630//1630 4525//4525 5107//5107 
f 1630//1630 4579//4579 4525//4525 
f 4579//4579 3949//3949 4525//4525 
f 3949//3949 4120//4120 4525//4525 
f 4120//4120 4580//4580 4525//4525 
f 4580//4580 4120//4120 3727//3727 
f 5114//5114 4580//4580 3727//3727 
f 5126//5126 5114//5114 3727//3727 
f 4472//4472 5126//5126 3727//3727 
f 3727//3727 4120//4120 4472//4472 
f 4472//4472 4120//4120 4502//4502 
f 4524//4524 4472//4472 4502//4502 
f 5084//5084 5087//5087 5085//5085 
f 4803//4803 5072//5072 5080//5080 
f 5072//5072 4773//4773 5128//5128 
f 5072//5072 4803//4803 4773//4773 
f 4803//4803 3541//3541 4773//4773 
f 3541//3541 5128//5128 4773//4773 
f 5081//5081 5128//5128 3541//3541 
f 5102//5102 5119//5119 5127//5127 
f 5119//5119 5102//5102 5104//5104 
f 5104//5104 3764//3764 5119//5119 
f 3764//3764 5127//5127 5119//5119 
f 3764//3764 3765//3765 5127//5127 
f 3765//3765 5102//5102 5127//5127 
f 3765//3765 5122//5122 5102//5102 
f 3765//3765 3764//3764 5122//5122 
f 3764//3764 3725//3725 5122//5122 
f 3764//3764 5104//5104 3725//3725 
f 5104//5104 3726//3726 3725//3725 
f 3726//3726 5109//5109 3723//3723 
f 3726//3726 5104//5104 5109//5109 
f 3762//3762 5110//5110 5106//5106 
f 5118//5118 3723//3723 5109//5109 
f 3732//3732 3723//3723 5118//5118 
f 5118//5118 5110//5110 3732//3732 
f 5110//5110 3762//3762 3732//3732 
f 3732//3732 3762//3762 4680//4680 
f 4680//4680 3723//3723 3732//3732 
f 4772//4772 3723//3723 4680//4680 
f 4772//4772 3726//3726 3723//3723 
f 3725//3725 3726//3726 4772//4772 
f 5064//5064 4801//4801 5073//5073 
f 5064//5064 3684//3684 4801//4801 
f 3684//3684 5064//5064 5065//5065 
f 3868//3868 3684//3684 5065//5065 
f 5065//5065 5066//5066 3868//3868 
f 3868//3868 5066//5066 3678//3678 
f 3868//3868 3678//3678 3683//3683 
f 3683//3683 3684//3684 3868//3868 
f 4801//4801 3684//3684 3683//3683 
f 3683//3683 4069//4069 4801//4801 
f 4069//4069 5073//5073 4801//4801 
f 1632//1632 5073//5073 4069//4069 
f 4772//4772 1632//1632 4069//4069 
f 4069//4069 3725//3725 4772//4772 
f 4069//4069 5122//5122 3725//3725 
f 5122//5122 4069//4069 4770//4770 
f 4770//4770 4069//4069 4811//4811 
f 5101//5101 5117//5117 5123//5123 
f 5123//5123 5117//5117 4811//4811 
f 5117//5117 4975//4975 4811//4811 
f 4975//4975 4770//4770 4811//4811 
f 4975//4975 5095//5095 4770//4770 
f 5122//5122 4770//4770 5095//5095 
f 5095//5095 5102//5102 5122//5122 
f 5080//5080 5079//5079 4774//4774 
f 4774//4774 4803//4803 5080//5080 
f 3541//3541 4803//4803 4774//4774 
f 3533//3533 5070//5070 5071//5071 
f 3533//3533 5071//5071 3537//3537 
f 3541//3541 3538//3538 3542//3542 
f 3541//3541 3537//3537 3538//3538 
f 3533//3533 3537//3537 3541//3541 
f 3533//3533 3541//3541 4780//4780 
f 5070//5070 3533//3533 4780//4780 
f 5070//5070 4780//4780 5078//5078 
f 5078//5078 4780//4780 4776//4776 
f 4780//4780 3541//3541 4776//4776 
f 3541//3541 4774//4774 4776//4776 
f 4774//4774 5079//5079 4776//4776 
f 5078//5078 4776//4776 5079//5079 
f 5077//5077 3537//3537 5071//5071 
f 3538//3538 3537//3537 5077//5077 
f 5077//5077 5076//5076 3538//3538 
f 5076//5076 3542//3542 3538//3538 
f 3542//3542 5076//5076 5086//5086 
f 1632//1632 4772//4772 5086//5086 
f 3542//3542 5086//5086 4772//4772 
f 3541//3541 3542//3542 4772//4772 
f 4772//4772 4680//4680 3541//3541 
f 4680//4680 5081//5081 3541//3541 
f 5081//5081 4680//4680 5075//5075 
f 5094//5094 4845//4845 5103//5103 
f 5105//5105 3763//3763 5106//5106 
f 3762//3762 5106//5106 3763//3763 
f 4680//4680 3762//3762 3763//3763 
f 4680//4680 3763//3763 3798//3798 
f 3798//3798 5075//5075 4680//4680 
f 3798//3798 5094//5094 5075//5075 
f 5094//5094 3798//3798 4030//4030 
f 4845//4845 5094//5094 4030//4030 
f 4030//4030 4028//4028 4845//4845 
f 3988//3988 5088//5088 4849//4849 
f 3988//3988 4849//4849 4028//4028 
f 4845//4845 4028//4028 4849//4849 
f 4845//4845 4849//4849 4852//4852 
f 4852//4852 5103//5103 4845//4845 
f 3794//3794 4852//4852 3760//3760 
f 3794//3794 5103//5103 4852//4852 
f 5103//5103 3794//3794 3724//3724 
f 5105//5105 5103//5103 3724//3724 
f 3724//3724 3763//3763 5105//5105 
f 3724//3724 3798//3798 3763//3763 
f 3724//3724 4030//4030 3798//3798 
f 3724//3724 3794//3794 4030//4030 
f 4028//4028 4030//4030 3794//3794 
f 3794//3794 3760//3760 4028//4028 
f 3760//3760 3988//3988 4028//4028 
f 3988//3988 3760//3760 3536//3536 
f 5088//5088 3988//3988 3536//3536 
f 5088//5088 3536//3536 5082//5082 
f 5092//5092 5088//5088 5082//5082 
f 5092//5092 4849//4849 5088//5088 
f 5092//5092 4852//4852 4849//4849 
f 5092//5092 3760//3760 4852//4852 
f 3731//3731 3760//3760 5092//5092 
f 3731//3731 3536//3536 3760//3760 
f 3536//3536 3731//3731 4554//4554 
f 5082//5082 3536//3536 4554//4554 
f 5082//5082 4554//4554 5084//5084 
f 5084//5084 5085//5085 5082//5082 
f 5092//5092 5082//5082 5085//5085 
f 5085//5085 3731//3731 5092//5092 
f 5085//5085 3761//3761 3731//3731 
f 4503//4503 3761//3761 3728//3728 
f 5083//5083 4553//4553 4503//4503 
f 3761//3761 4503//4503 4553//4553 
f 4611//4611 3761//3761 4553//4553 
f 4611//4611 3731//3731 3761//3761 
f 4554//4554 3731//3731 4611//4611 
f 4611//4611 5084//5084 4554//4554 
f 5087//5087 5084//5084 4611//4611 
f 4611//4611 4553//4553 5087//5087 
f 4553//4553 5083//5083 5087//5087 
f 5083//5083 4946//4946 5087//5087 
f 5085//5085 5087//5087 4946//4946 
f 4946//4946 3761//3761 5085//5085 
f 3728//3728 3761//3761 4946//4946 
f 3728//3728 4946//4946 4901//4901 
f 3730//3730 4901//4901 5091//5091 
f 3730//3730 3728//3728 4901//4901 
f 4502//4502 3728//3728 3730//3730 
f 4503//4503 3728//3728 4502//4502 
f 4502//4502 4969//4969 4503//4503 
f 5083//5083 4503//4503 4969//4969 
f 4969//4969 4946//4946 5083//5083 
f 4901//4901 4946//4946 4969//4969 
f 3729//3729 5091//5091 5093//5093 
f 3729//3729 3730//3730 5091//5091 
f 3729//3729 4502//4502 3730//3730 
f 4524//4524 4502//4502 3729//3729 
f 3729//3729 5093//5093 4524//4524 
f 5093//5093 5097//5097 4524//4524 
f 4856//4856 4855//4855 4764//4764 
f 4765//4765 4856//4856 4764//4764 
f 5096//5096 4856//4856 4765//4765 
f 4693//4693 5096//5096 4765//4765 
f 4693//4693 4815//4815 5096//5096 
f 4693//4693 4638//4638 4815//4815 
f 4693//4693 4847//4847 4638//4638 
f 4693//4693 4765//4765 4847//4847 
f 4765//4765 4764//4764 4847//4847 
f 3869//3869 4847//4847 4764//4764 
f 3869//3869 4878//4878 4847//4847 
f 3946//3946 4847//4847 4878//4878 
f 3946//3946 4878//4878 4879//4879 
f 4879//4879 4893//4893 3946//3946 
f 4874//4874 3985//3985 4893//4893 
f 4874//4874 3987//3987 3985//3985 
f 3987//3987 3946//3946 3985//3985 
f 3948//3948 3946//3946 3987//3987 
f 3907//3907 3946//3946 3948//3948 
f 3948//3948 4876//4876 3907//3907 
f 4880//4880 4876//4876 3948//3948 
f 3948//3948 3987//3987 4880//4880 
f 3987//3987 4874//4874 4880//4880 
f 4857//4857 4853//4853 4860//4860 
f 4850//4850 4853//4853 4857//4857 
f 4857//4857 4859//4859 4850//4850 
f 4859//4859 4854//4854 4850//4850 
f 3946//3946 4850//4850 4854//4854 
f 3949//3949 3946//3946 4854//4854 
f 4854//4854 5124//5124 3949//3949 
f 4854//4854 4859//4859 5124//5124 
f 4120//4120 5124//5124 4875//4875 
f 4875//4875 4958//4958 4120//4120 
f 4943//4943 4121//4121 4958//4958 
f 4943//4943 3838//3838 4121//4121 
f 3838//3838 4943//4943 4940//4940 
f 3906//3906 4862//4862 4944//4944 
f 3947//3947 4071//4071 4122//4122 
f 4122//4122 4071//4071 4890//4890 
f 4890//4890 4862//4862 4122//4122 
f 4862//4862 3906//3906 4122//4122 
f 3947//3947 4122//4122 3906//3906 
f 3906//3906 4944//4944 3947//3947 
f 5125//5125 3947//3947 4944//4944 
f 4070//4070 4968//4968 4970//4970 
f 4161//4161 3748//3748 4104//4104 
f 4890//4890 4071//4071 4970//4970 
f 4070//4070 4970//4970 4071//4071 
f 4071//4071 3947//3947 4070//4070 
f 3947//3947 3795//3795 4070//4070 
f 4968//4968 4070//4070 3795//3795 
f 4968//4968 3795//3795 4945//4945 
f 4009//4009 4628//4628 4152//4152 
f 4628//4628 3703//3703 4152//4152 
f 4945//4945 3796//3796 4941//4941 
f 4945//4945 3795//3795 3796//3796 
f 3795//3795 3947//3947 3796//3796 
f 3947//3947 3839//3839 3796//3796 
f 3839//3839 4941//4941 3796//3796 
f 4940//4940 4941//4941 3839//3839 
f 3839//3839 3838//3838 4940//4940 
f 3839//3839 3947//3947 3838//3838 
f 3947//3947 4121//4121 3838//3838 
f 3947//3947 4120//4120 4121//4121 
f 3947//3947 4502//4502 4120//4120 
f 3947//3947 5125//5125 4502//4502 
f 5125//5125 4969//4969 4502//4502 
f 3703//3703 4198//4198 4152//4152 
f 4144//4144 4147//4147 4625//4625 
f 4144//4144 4625//4625 4541//4541 
f 4541//4541 4038//4038 4144//4144 
f 3995//3995 3647//3647 4037//4037 
f 4037//4037 3647//3647 3660//3660 
f 4037//4037 3660//3660 3957//3957 
f 3753//3753 4161//4161 3957//3957 
f 3752//3752 3753//3753 3957//3957 
f 3660//3660 3752//3752 3957//3957 
f 3752//3752 3660//3660 3888//3888 
f 3752//3752 3888//3888 3919//3919 
f 3755//3755 3918//3918 3884//3884 
f 3755//3755 3884//3884 3958//3958 
f 3755//3755 3958//3958 4205//4205 
f 3660//3660 3647//3647 3959//3959 
f 3660//3660 3959//3959 3888//3888 
f 3750//3750 4094//4094 4090//4090 
f 4092//4092 4489//4489 4808//4808 
f 5074//5074 4092//4092 4808//4808 
f 4807//4807 4151//4151 5069//5069 
f 5069//5069 4151//4151 5433//5433 
f 4151//4151 5074//5074 5433//5433 
f 4151//4151 4092//4092 5074//5074 
f 5068//5068 4151//4151 4807//4807 
f 5067//5067 5066//5066 4151//4151 
f 4151//4151 5068//5068 5067//5067 
f 4151//4151 5066//5066 5065//5065 
f 5065//5065 5064//5064 4151//4151 
f 4151//4151 5064//5064 5073//5073 
f 5073//5073 1632//1632 4151//4151 
f 1632//1632 4149//4149 4151//4151 
f 4148//4148 3871//3871 4091//4091 
f 3733//3733 4043//4043 4044//4044 
f 3733//3733 4001//4001 4046//4046 
f 3733//3733 4046//4046 4043//4043 
f 4001//4001 3733//3733 4088//4088 
f 3843//3843 3804//3804 4040//4040 
f 3843//3843 4040//4040 4087//4087 
f 3736//3736 3961//3961 3964//3964 
f 3997//3997 3718//3718 3999//3999 
f 3718//3718 3960//3960 3999//3999 
f 4089//4089 4107//4107 3719//3719 
f 3719//3719 4143//4143 4089//4089 
f 4200//4200 4143//4143 3719//3719 
f 3719//3719 4201//4201 4200//4200 
f 4203//4203 4201//4201 3719//3719 
f 3719//3719 4202//4202 4203//4203 
f 4150//4150 3754//3754 4204//4204 
f 3754//3754 3755//3755 4205//4205 
f 3754//3754 4205//4205 4204//4204 
f 4265//4265 3755//3755 3754//3754 
f 3754//3754 3663//3663 4265//4265 
f 4265//4265 3663//3663 3645//3645 
f 5120//5120 5113//5113 4855//4855 
f 5113//5113 5120//5120 5111//5111 
f 5111//5111 5112//5112 5113//5113 
f 5111//5111 4843//4843 5112//5112 
f 3837//3837 4843//4843 5111//5111 
f 5111//5111 5120//5120 3837//3837 
f 5120//5120 3869//3869 3837//3837 
f 3532//3532 3837//3837 3869//3869 
f 3869//3869 4764//4764 3532//3532 
f 4764//4764 4855//4855 3532//3532 
f 4855//4855 5113//5113 3532//3532 
f 5113//5113 4777//4777 3532//3532 
f 5099//5099 4777//4777 5113//5113 
f 5113//5113 5112//5112 5099//5099 
f 5112//5112 5115//5115 5099//5099 
f 5115//5115 5108//5108 5099//5099 
f 5115//5115 4851//4851 5108//5108 
f 5108//5108 4851//4851 4846//4846 
f 4851//4851 1792//1792 4846//4846 
f 4848//4848 4846//4846 1792//1792 
f 4848//4848 5116//5116 4846//4846 
f 5108//5108 4846//4846 5116//5116 
f 5108//5108 5116//5116 5098//5098 
f 5099//5099 5108//5108 5098//5098 
f 5098//5098 1792//1792 5099//5099 
f 5098//5098 4778//4778 1792//1792 
f 4848//4848 1792//1792 4778//4778 
f 4810//4810 4848//4848 4778//4778 
f 5090//5090 5089//5089 4844//4844 
f 4810//4810 4844//4844 5089//5089 
f 4848//4848 4810//4810 5089//5089 
f 5089//5089 5116//5116 4848//4848 
f 5089//5089 5098//5098 5116//5116 
f 5089//5089 5090//5090 5098//5098 
f 5090//5090 4778//4778 5098//5098 
f 4805//4805 4778//4778 5090//5090 
f 4810//4810 4778//4778 4805//4805 
f 4805//4805 4804//4804 4810//4810 
f 4844//4844 4810//4810 4804//4804 
f 4844//4844 4804//4804 4888//4888 
f 4887//4887 4844//4844 4888//4888 
f 5090//5090 4844//4844 4887//4887 
f 4805//4805 5090//5090 4887//4887 
f 4775//4775 4805//4805 4887//4887 
f 4775//4775 4887//4887 5100//5100 
f 4265//4265 3645//3645 4206//4206 
f 3755//3755 4265//4265 4264//4264 
f 4264//4264 4266//4266 3755//3755 
f 3918//3918 3755//3755 4266//4266 
f 3753//3753 3752//3752 3919//3919 
f 3753//3753 3919//3919 4267//4267 
f 4332//4332 3753//3753 4267//4267 
f 4332//4332 3636//3636 3753//3753 
f 3636//3636 4161//4161 3753//3753 
f 3628//3628 4161//4161 3636//3636 
f 3628//3628 3636//3636 4268//4268 
f 3628//3628 4268//4268 4335//4335 
f 4213//4213 3754//3754 4150//4150 
f 4213//4213 4273//4273 3754//3754 
f 4273//4273 4214//4214 3754//3754 
f 3754//3754 4214//4214 3663//3663 
f 3663//3663 4214//4214 4330//4330 
f 3640//3640 3645//3645 4392//4392 
f 3640//3640 4392//4392 4220//4220 
f 4206//4206 3645//3645 3640//3640 
f 4207//4207 4206//4206 3640//3640 
f 4207//4207 3640//3640 3708//3708 
f 3708//3708 4393//4393 4207//4207 
f 4164//4164 3637//3637 4332//4332 
f 3637//3637 3636//3636 4332//4332 
f 3636//3636 3637//3637 4274//4274 
f 3636//3636 4274//4274 4268//4268 
f 3637//3637 3646//3646 4219//4219 
f 3637//3637 4219//4219 4274//4274 
f 3708//3708 3640//3640 4220//4220 
f 3708//3708 4220//4220 4167//4167 
f 3705//3705 3708//3708 4167//4167 
f 3705//3705 4167//4167 4272//4272 
f 4393//4393 3708//3708 3705//3705 
f 3705//3705 4166//4166 4393//4393 
f 3664//3664 4217//4217 4110//4110 
f 4110//4110 3648//3648 3664//3664 
f 3664//3664 3648//3648 4109//4109 
f 3664//3664 4109//4109 4163//4163 
f 3646//3646 3664//3664 4163//4163 
f 3646//3646 4163//4163 4219//4219 
f 4217//4217 3664//3664 3646//3646 
f 4217//4217 3646//3646 4164//4164 
f 3646//3646 3637//3637 4164//4164 
f 3648//3648 3639//3639 4271//4271 
f 3648//3648 4271//4271 4109//4109 
f 3639//3639 3705//3705 4272//4272 
f 3639//3639 4272//4272 4271//4271 
f 4166//4166 3705//3705 3639//3639 
f 4166//4166 3639//3639 4218//4218 
f 4218//4218 3639//3639 3648//3648 
f 3648//3648 4110//4110 4218//4218 
f 3645//3645 3663//3663 4330//4330 
f 3645//3645 4330//4330 4392//4392 
f 4162//4162 4333//4333 3749//3749 
f 3704//3704 4162//4162 3749//3749 
f 3704//3704 3749//3749 4105//4105 
f 3704//3704 4105//4105 4058//4058 
f 3748//3748 3704//3704 4058//4058 
f 3748//3748 4058//4058 4104//4104 
f 3704//3704 3748//3748 4016//4016 
f 4162//4162 3704//3704 4016//4016 
f 4016//4016 3628//3628 4335//4335 
f 3628//3628 4016//4016 3748//3748 
f 3628//3628 3748//3748 4161//4161 
f 3737//3737 4057//4057 3977//3977 
f 3749//3749 3737//3737 3977//3977 
f 3749//3749 3977//3977 4105//4105 
f 3737//3737 3749//3749 4333//4333 
f 3737//3737 4333//4333 4334//4334 
f 3719//3719 3737//3737 4334//4334 
f 3976//3976 3719//3719 4334//4334 
f 3719//3719 3976//3976 4202//4202 
f 3737//3737 3719//3719 3975//3975 
f 3737//3737 3975//3975 3935//3935 
f 4015//4015 3737//3737 3935//3935 
f 3737//3737 4015//4015 4057//4057 
f 4517//4517 4014//4014 3934//3934 
f 4517//4517 3934//3934 4567//4567 
f 4517//4517 4567//4567 3898//3898 
f 4517//4517 3898//3898 3899//3899 
f 4516//4516 4678//4678 3923//3923 
f 4516//4516 3923//3923 3962//3962 
f 4678//4678 4516//4516 3821//3821 
f 4678//4678 3821//3821 3823//3823 
f 4679//4679 4678//4678 3823//3823 
f 4721//4721 4679//4679 3823//3823 
f 3823//3823 3824//3824 4721//4721 
f 4442//4442 4721//4721 3824//3824 
f 4442//4442 3824//3824 4139//4139 
f 4442//4442 4139//4139 4443//4443 
f 4442//4442 4443//4443 4002//4002 
f 4442//4442 4002//4002 3922//3922 
f 4721//4721 4442//4442 3922//3922 
f 4721//4721 3922//3922 3963//3963 
f 4679//4679 4721//4721 3963//3963 
f 4679//4679 3963//3963 3892//3892 
f 4685//4685 4517//4517 3899//3899 
f 4685//4685 3899//3899 3889//3889 
f 4014//4014 4517//4517 4685//4685 
f 4014//4014 4685//4685 4011//4011 
f 4011//4011 4685//4685 4468//4468 
f 4009//4009 4011//4011 4468//4468 
f 4521//4521 4009//4009 4468//4468 
f 4521//4521 4468//4468 4003//4003 
f 4521//4521 4003//4003 3925//3925 
f 4468//4468 4685//4685 3889//3889 
f 4468//4468 3889//3889 4003//4003 
f 4443//4443 4435//4435 3965//3965 
f 4443//4443 3965//3965 4002//4002 
f 4572//4572 3703//3703 3929//3929 
f 4572//4572 3929//3929 3890//3890 
f 3703//3703 4572//4572 4198//4198 
f 4198//4198 4572//4572 4145//4145 
f 4145//4145 4572//4572 4467//4467 
f 4467//4467 4684//4684 4145//4145 
f 4145//4145 4684//4684 4147//4147 
f 4147//4147 4684//4684 4625//4625 
f 4625//4625 4684//4684 3926//3926 
f 4625//4625 3926//3926 3927//3927 
f 4466//4466 4519//4519 3966//3966 
f 4466//4466 3966//3966 3891//3891 
f 4602//4602 4627//4627 4005//4005 
f 4602//4602 4005//4005 4045//4045 
f 4627//4627 4599//4599 4047//4047 
f 4627//4627 4047//4047 4005//4005 
f 4599//4599 4541//4541 4595//4595 
f 4599//4599 4595//4595 4047//4047 
f 4599//4599 4038//4038 4541//4541 
f 4627//4627 4038//4038 4599//4599 
f 4038//4038 4627//4627 3970//3970 
f 3970//3970 4602//4602 3967//3967 
f 4602//4602 4404//4404 3967//3967 
f 4404//4404 3928//3928 3967//3967 
f 3661//3661 3994//3994 4006//4006 
f 3661//3661 4006//4006 4093//4093 
f 4808//4808 4010//4010 3968//3968 
f 3930//3930 4808//4808 3968//3968 
f 4060//4060 4808//4808 3930//3930 
f 4060//4060 3969//3969 4808//4808 
f 3969//3969 4888//4888 4808//4808 
f 4887//4887 4888//4888 3969//3969 
f 3931//3931 4887//4887 3969//3969 
f 3931//3931 4018//4018 5117//5117 
f 3931//3931 5117//5117 5101//5101 
f 5100//5100 3931//3931 5101//5101 
f 3931//3931 5100//5100 4887//4887 
f 5120//5120 4855//4855 3848//3848 
f 4878//4878 5120//5120 3848//3848 
f 3848//3848 3881//3881 4878//4878 
f 3881//3881 3847//3847 4878//4878 
f 4878//4878 3847//3847 3882//3882 
f 3971//3971 4878//4878 3882//3882 
f 3971//3971 3933//3933 4878//4878 
f 3973//3973 4878//4878 3933//3933 
f 3932//3932 3972//3972 4614//4614 
f 4614//4614 4615//4615 3932//3932 
f 3924//3924 3932//3932 4615//4615 
f 3693//3693 3924//3924 4615//4615 
f 3693//3693 4615//4615 3953//3953 
f 3693//3693 3953//3953 3896//3896 
f 4170//4170 3693//3693 3896//3896 
f 4170//4170 3896//3896 3897//3897 
f 4222//4222 4170//4170 3897//3897 
f 4222//4222 3897//3897 4004//4004 
f 4222//4222 3921//3921 4170//4170 
f 3921//3921 3693//3693 4170//4170 
f 3693//3693 3921//3921 3924//3924 
f 5125//5125 3818//3818 3814//3814 
f 3813//3813 5125//5125 3814//3814 
f 3776//3776 5125//5125 3813//3813 
f 3776//3776 4261//4261 5125//5125 
f 4261//4261 4262//4262 5125//5125 
f 5125//5125 4262//4262 4263//4263 
f 5125//5125 4263//4263 4969//4969 
f 4941//4941 3819//3819 4945//4945 
f 4945//4945 3819//3819 4968//4968 
f 3819//3819 4890//4890 4970//4970 
f 4968//4968 3819//3819 4970//4970 
f 4862//4862 4890//4890 3819//3819 
f 4944//4944 4862//4862 3819//3819 
f 3818//3818 4944//4944 3819//3819 
f 4944//4944 3818//3818 5125//5125 
f 4941//4941 4940//4940 3819//3819 
f 4943//4943 3819//3819 4940//4940 
f 4943//4943 4958//4958 3819//3819 
f 4875//4875 3819//3819 4958//4958 
f 3885//3885 4875//4875 5124//5124 
f 4859//4859 3885//3885 5124//5124 
f 4860//4860 3885//3885 4857//4857 
f 3885//3885 4859//4859 4857//4857 
f 4860//4860 4873//4873 3885//3885 
f 4873//4873 4867//4867 3885//3885 
f 3885//3885 4867//4867 4876//4876 
f 3885//3885 4876//4876 4880//4880 
f 4874//4874 3885//3885 4880//4880 
f 4893//4893 3885//3885 4874//4874 
f 4879//4879 3885//3885 4893//4893 
f 4878//4878 3973//3973 4879//4879 
f 4879//4879 3973//3973 3885//3885 
f 4855//4855 4856//4856 3778//3778 
f 3778//3778 3848//3848 4855//4855 
f 3972//3972 3920//3920 4223//4223 
f 4672//4672 3972//3972 4223//4223 
f 4672//4672 4223//4223 3547//3547 
f 4672//4672 3547//3547 3955//3955 
f 4615//4615 4614//4614 3996//3996 
f 4615//4615 3996//3996 3953//3953 
f 4614//4614 4672//4672 3955//3955 
f 4614//4614 3955//3955 3996//3996 
f 4614//4614 3972//3972 4672//4672 
f 4670//4670 4671//4671 4081//4081 
f 4670//4670 4081//4081 4034//4034 
f 4671//4671 4613//4613 4136//4136 
f 4671//4671 4136//4136 4081//4081 
f 4171//4171 4172//4172 4192//4192 
f 4171//4171 4192//4192 4138//4138 
f 4065//4065 4222//4222 4004//4004 
f 4065//4065 4004//4004 4137//4137 
f 4222//4222 4065//4065 4085//4085 
f 4222//4222 4085//4085 3921//3921 
f 4086//4086 4165//4165 4141//4141 
f 4216//4216 4007//4007 4197//4197 
f 4216//4216 4197//4197 4351//4351 
f 4007//4007 4216//4216 4260//4260 
f 4007//4007 4260//4260 4258//4258 
f 4258//4258 4049//4049 4007//4007 
f 4007//4007 4049//4049 4199//4199 
f 4007//4007 4199//4199 4197//4197 
f 4049//4049 4053//4053 4254//4254 
f 4049//4049 4254//4254 4199//4199 
f 4049//4049 3546//3546 4053//4053 
f 4053//4053 3546//3546 4697//4697 
f 4053//4053 4697//4697 4096//4096 
f 4053//4053 4096//4096 4255//4255 
f 4053//4053 4255//4255 4254//4254 
f 4256//4256 4051//4051 4257//4257 
f 5093//5093 4323//4323 4324//4324 
f 4324//4324 5097//5097 5093//5093 
f 5091//5091 4323//4323 5093//5093 
f 4323//4323 5091//5091 4901//4901 
f 4263//4263 4323//4323 4901//4901 
f 4969//4969 4263//4263 4901//4901 
f 5105//5105 5106//5106 3852//3852 
f 3852//3852 5103//5103 5105//5105 
f 5103//5103 3852//3852 4325//4325 
f 5103//5103 4325//4325 5094//5094 
f 5075//5075 5094//5094 4325//4325 
f 4326//4326 5075//5075 4325//4325 
f 4329//4329 5075//5075 4327//4327 
f 4327//4327 5075//5075 4326//4326 
f 4329//4329 4328//4328 5075//5075 
f 4391//4391 5075//5075 4328//4328 
f 4391//4391 4453//4453 5075//5075 
f 4453//4453 5081//5081 5075//5075 
f 5086//5086 4149//4149 1632//1632 
f 5076//5076 4149//4149 5086//5086 
f 5077//5077 5071//5071 4149//4149 
f 5076//5076 5077//5077 4149//4149 
f 5071//5071 5070//5070 4149//4149 
f 4149//4149 5070//5070 5078//5078 
f 5079//5079 4149//4149 5078//5078 
f 5080//5080 4149//4149 5079//5079 
f 5080//5080 5072//5072 4149//4149 
f 5072//5072 5128//5128 4149//4149 
f 5128//5128 5081//5081 4149//4149 
f 5081//5081 4453//4453 4149//4149 
f 3871//3871 4148//4148 4454//4454 
f 3871//3871 4454//4454 3872//3872 
f 3871//3871 3872//3872 4455//4455 
f 3871//3871 4455//4455 4091//4091 
f 3872//3872 3799//3799 4394//4394 
f 3872//3872 4394//4394 4455//4455 
f 3872//3872 4454//4454 3799//3799 
f 4454//4454 3802//3802 3799//3799 
f 3799//3799 3802//3802 4395//4395 
f 3799//3799 4395//4395 4394//4394 
f 4074//4074 4126//4126 4396//4396 
f 4074//4074 4396//4396 3744//3744 
f 4168//4168 4126//4126 4074//4074 
f 4074//4074 4029//4029 4168//4168 
f 4168//4168 4029//4029 3908//3908 
f 3908//3908 3909//3909 4168//4168 
f 4168//4168 3909//3909 3797//3797 
f 3797//3797 3802//3802 4168//4168 
f 4454//4454 4168//4168 3802//3802 
f 3718//3718 4111//4111 4112//4112 
f 4062//4062 3718//3718 3997//3997 
f 3718//3718 4062//4062 4111//4111 
f 3719//3719 3718//3718 4112//4112 
f 3719//3719 4112//4112 3975//3975 
f 3718//3718 3719//3719 3960//3960 
f 3917//3917 3960//3960 3719//3719 
f 3719//3719 4042//4042 3917//3917 
f 4039//4039 4042//4042 3719//3719 
f 3719//3719 4108//4108 4039//4039 
f 3719//3719 4107//4107 4108//4108 
f 4168//4168 4059//4059 4125//4125 
f 4183//4183 4168//4168 4125//4125 
f 4183//4183 4125//4125 4017//4017 
f 4183//4183 4017//4017 3978//3978 
f 4124//4124 4183//4183 3978//3978 
f 4124//4124 3978//3978 3938//3938 
f 4127//4127 4184//4184 3937//3937 
f 4127//4127 3937//3937 3864//3864 
f 4168//4168 4184//4184 4127//4127 
f 4127//4127 4075//4075 4168//4168 
f 4168//4168 4075//4075 4128//4128 
f 4128//4128 4126//4126 4168//4168 
f 4126//4126 4128//4128 3936//3936 
f 4126//4126 3936//3936 4396//4396 
f 4128//4128 4075//4075 3900//3900 
f 4128//4128 3900//3900 3936//3936 
f 4075//4075 4127//4127 3864//3864 
f 4075//4075 3864//3864 3900//3900 
f 4124//4124 4184//4184 4168//4168 
f 4168//4168 4183//4183 4124//4124 
f 4184//4184 4124//4124 3938//3938 
f 4184//4184 3938//3938 3937//3937 
f 3863//3863 3721//3721 3862//3862 
f 3721//3721 3733//3733 4044//4044 
f 3721//3721 4044//4044 3862//3862 
f 4135//4135 3733//3733 3721//3721 
f 3721//3721 3722//3722 4135//4135 
f 4135//4135 3722//3722 3626//3626 
f 4135//4135 3626//3626 3861//3861 
f 3767//3767 3843//3843 4087//4087 
f 3767//3767 4087//4087 3895//3895 
f 3843//3843 3767//3767 3894//3894 
f 3804//3804 3843//3843 3894//3894 
f 3893//3893 3804//3804 3894//3894 
f 3857//3857 3875//3875 3893//3893 
f 3875//3875 3804//3804 3893//3893 
f 3804//3804 3875//3875 3855//3855 
f 3804//3804 3855//3855 4040//4040 
f 3769//3769 4000//4000 3854//3854 
f 3769//3769 3998//3998 4000//4000 
f 3801//3801 3998//3998 3769//3769 
f 3801//3801 3769//3769 3854//3854 
f 3801//3801 3854//3854 3853//3853 
f 3803//3803 3801//3801 3853//3853 
f 3803//3803 3853//3853 3856//3856 
f 3840//3840 3803//3803 3856//3856 
f 3840//3840 3856//3856 4079//4079 
f 3803//3803 3840//3840 3992//3992 
f 3992//3992 4032//4032 3803//3803 
f 4032//4032 3736//3736 3803//3803 
f 3803//3803 3736//3736 3998//3998 
f 3998//3998 3801//3801 3803//3803 
f 3998//3998 3736//3736 3964//3964 
f 3736//3736 4032//4032 3887//3887 
f 3961//3961 3736//3736 3887//3887 
f 3807//3807 3771//3771 3745//3745 
f 3807//3807 3745//3745 3779//3779 
f 3771//3771 4106//4106 3745//3745 
f 4059//4059 4106//4106 3771//3771 
f 4059//4059 3771//3771 3807//3807 
f 3770//3770 4059//4059 3807//3807 
f 3770//3770 3807//3807 3779//3779 
f 3770//3770 3779//3779 3780//3780 
f 3991//3991 3770//3770 3780//3780 
f 3991//3991 4123//4123 3770//3770 
f 4123//4123 4072//4072 3770//3770 
f 4059//4059 3770//3770 4072//4072 
f 4059//4059 4072//4072 4125//4125 
f 4125//4125 4072//4072 3822//3822 
f 4125//4125 3822//3822 4017//4017 
f 3805//3805 3766//3766 3816//3816 
f 3805//3805 3816//3816 3817//3817 
f 3863//3863 3777//3777 3721//3721 
f 3742//3742 3721//3721 3777//3777 
f 3742//3742 3741//3741 3721//3721 
f 3721//3721 3741//3741 3722//3722 
f 3722//3722 3741//3741 3712//3712 
f 3735//3735 3626//3626 3713//3713 
f 3735//3735 3713//3713 3880//3880 
f 3861//3861 3626//3626 3735//3735 
f 3861//3861 3735//3735 3860//3860 
f 3860//3860 3735//3735 3841//3841 
f 3740//3740 3860//3860 3841//3841 
f 3740//3740 3841//3841 3768//3768 
f 3740//3740 3768//3768 3715//3715 
f 3716//3716 3767//3767 3895//3895 
f 3716//3716 3800//3800 3767//3767 
f 3766//3766 3767//3767 3800//3800 
f 3766//3766 3800//3800 3775//3775 
f 3766//3766 3775//3775 3816//3816 
f 3800//3800 3627//3627 3812//3812 
f 3800//3800 3812//3812 3775//3775 
f 3720//3720 3734//3734 3811//3811 
f 3720//3720 3811//3811 3915//3915 
f 3883//3883 3734//3734 3720//3720 
f 3720//3720 3849//3849 3883//3883 
f 3849//3849 3629//3629 3913//3913 
f 3913//3913 3629//3629 3627//3627 
f 3913//3913 3627//3627 3879//3879 
f 3879//3879 3627//3627 3716//3716 
f 3716//3716 3627//3627 3800//3800 
f 3627//3627 3629//3629 3878//3878 
f 3627//3627 3878//3878 3812//3812 
f 3629//3629 3720//3720 3915//3915 
f 3629//3629 3915//3915 3878//3878 
f 3849//3849 3720//3720 3629//3629 
f 3734//3734 3883//3883 3715//3715 
f 3715//3715 3768//3768 3734//3734 
f 3734//3734 3768//3768 3956//3956 
f 3734//3734 3956//3956 3811//3811 
f 3768//3768 3841//3841 3916//3916 
f 3768//3768 3916//3916 3956//3956 
f 3841//3841 3735//3735 3880//3880 
f 3841//3841 3880//3880 3916//3916 
f 3886//3886 3767//3767 3766//3766 
f 3805//3805 3886//3886 3766//3766 
f 3805//3805 3850//3850 3886//3886 
f 5068//5068 3983//3983 3836//3836 
f 5068//5068 3836//3836 5067//5067 
f 3805//3805 4073//4073 3850//3850 
f 3991//3991 3850//3850 4073//4073 
f 5067//5067 3678//3678 5066//5066 
f 5067//5067 3836//3836 3678//3678 
f 3683//3683 3678//3678 3836//3836 
f 3836//3836 3983//3983 3683//3683 
f 3683//3683 3943//3943 4781//4781 
f 3683//3683 3983//3983 3943//3943 
f 3983//3983 4807//4807 3943//3943 
f 3983//3983 5068//5068 4807//4807 
f 4123//4123 3991//3991 4073//4073 
f 4123//4123 4073//4073 3912//3912 
f 4779//4779 5433//5433 5074//5074 
f 4123//4123 3912//3912 3952//3952 
f 4072//4072 4123//4123 3952//3952 
f 4072//4072 3952//3952 3822//3822 
f 5069//5069 3943//3943 4807//4807 
f 4781//4781 3943//3943 5069//5069 
f 5069//5069 5433//5433 4781//4781 
f 5433//5433 4779//4779 4781//4781 
f 4779//4779 3683//3683 4781//4781 
f 4779//4779 5074//5074 3683//3683 
f 4802//4802 3683//3683 5074//5074 
f 4069//4069 3683//3683 4802//4802 
f 4811//4811 4069//4069 4802//4802 
f 5123//5123 4811//4811 4802//4802 
f 4802//4802 4806//4806 5123//5123 
f 4806//4806 5101//5101 5123//5123 
f 4806//4806 5100//5100 5101//5101 
f 4806//4806 4775//4775 5100//5100 
f 4806//4806 4802//4802 4775//4775 
f 4802//4802 4804//4804 4775//4775 
f 4802//4802 4888//4888 4804//4804 
f 4808//4808 4888//4888 4802//4802 
f 4802//4802 5074//5074 4808//4808 
f 4073//4073 3805//3805 3817//3817 
f 4073//4073 3817//3817 3912//3912 
f 3894//3894 3767//3767 3886//3886 
f 3626//3626 3722//3722 3712//3712 
f 3626//3626 3712//3712 3713//3713 
f 3840//3840 3857//3857 3992//3992 
f 3875//3875 3857//3857 3840//3840 
f 3875//3875 3840//3840 4079//4079 
f 3875//3875 4079//4079 3855//3855 
f 3733//3733 4135//4135 4041//4041 
f 4041//4041 4088//4088 3733//3733 
f 4190//4190 4133//4133 5104//5104 
f 4190//4190 5104//5104 4245//4245 
f 4193//4193 4245//4245 5102//5102 
f 5095//5095 4193//4193 5102//5102 
f 4975//4975 5117//5117 4018//4018 
f 4975//4975 4018//4018 4142//4142 
f 4142//4142 5095//5095 4975//4975 
f 4142//4142 4193//4193 5095//5095 
f 3831//3831 4443//4443 4139//4139 
f 4443//4443 3831//3831 4435//4435 
f 3831//3831 4495//4495 4435//4435 
f 4435//4435 4495//4495 4140//4140 
f 4435//4435 4140//4140 3965//3965 
f 4402//4402 4175//4175 4195//4195 
f 4402//4402 4195//4195 4251//4251 
f 4175//4175 4402//4402 4563//4563 
f 4563//4563 4620//4620 4175//4175 
f 4463//4463 4175//4175 4620//4620 
f 4463//4463 4620//4620 4619//4619 
f 4176//4176 4463//4463 4619//4619 
f 4176//4176 4619//4619 4511//4511 
f 4176//4176 4511//4511 4230//4230 
f 4176//4176 4230//4230 4313//4313 
f 4176//4176 4313//4313 4253//4253 
f 4629//4629 4688//4688 4375//4375 
f 4629//4629 4375//4375 4314//4314 
f 4682//4682 4285//4285 4315//4315 
f 4682//4682 4315//4315 4316//4316 
f 4463//4463 4176//4176 4253//4253 
f 4463//4463 4253//4253 4317//4317 
f 4175//4175 4463//4463 4317//4317 
f 4175//4175 4317//4317 4195//4195 
f 4285//4285 4286//4286 4378//4378 
f 4285//4285 4378//4378 4315//4315 
f 4467//4467 4572//4572 3890//3890 
f 4467//4467 3890//3890 4320//4320 
f 4520//4520 4466//4466 3891//3891 
f 4520//4520 3891//3891 4321//4321 
f 4466//4466 4520//4520 4322//4322 
f 4322//4322 4519//4519 4466//4466 
f 4384//4384 4519//4519 4322//4322 
f 3928//3928 3791//3791 4384//4384 
f 3791//3791 4519//4519 4384//4384 
f 4519//4519 3791//3791 4385//4385 
f 4519//4519 4385//4385 3966//3966 
f 3791//3791 4543//4543 4386//4386 
f 3791//3791 4386//4386 4385//4385 
f 4543//4543 3791//3791 3928//3928 
f 4404//4404 4543//4543 3928//3928 
f 4543//4543 4404//4404 4387//4387 
f 4543//4543 4387//4387 4386//4386 
f 4404//4404 4602//4602 4045//4045 
f 4404//4404 4045//4045 4387//4387 
f 4388//4388 4286//4286 4048//4048 
f 4286//4286 4285//4285 4048//4048 
f 4285//4285 4682//4682 4048//4048 
f 4095//4095 4048//4048 4682//4682 
f 4682//4682 4688//4688 4095//4095 
f 4390//4390 4095//4095 4688//4688 
f 4688//4688 4629//4629 4390//4390 
f 4390//4390 4629//4629 4689//4689 
f 4689//4689 4389//4389 4390//4390 
f 4509//4509 4508//4508 4626//4626 
f 4626//4626 4571//4571 4509//4509 
f 4562//4562 4509//4509 4571//4571 
f 4683//4683 4562//4562 4571//4571 
f 4683//4683 4571//4571 3859//3859 
f 4683//4683 3859//3859 4510//4510 
f 4230//4230 4683//4683 4510//4510 
f 4230//4230 4510//4510 4313//4313 
f 4511//4511 4683//4683 4230//4230 
f 4683//4683 4511//4511 4562//4562 
f 4464//4464 4459//4459 4512//4512 
f 4341//4341 4464//4464 4512//4512 
f 4341//4341 4512//4512 4563//4563 
f 4563//4563 4402//4402 4341//4341 
f 4341//4341 4402//4402 4251//4251 
f 4341//4341 4251//4251 4460//4460 
f 4497//4497 4464//4464 4458//4458 
f 4497//4497 4458//4458 4457//4457 
f 4464//4464 4497//4497 4459//4459 
f 4459//4459 4497//4497 4456//4456 
f 4436//4436 4401//4401 4461//4461 
f 4461//4461 4227//4227 4436//4436 
f 4436//4436 4227//4227 3901//3901 
# mm_gid 79
g mmGroup79
f 4060//4060 4493//4493 3969//3969 
f 4087//4087 4000//4000 4686//4686 
f 4383//4383 4663//4663 4725//4725 
f 3919//3919 4094//4094 3980//3980 
f 3688//3688 3706//3706 4022//4022 
f 4142//4142 3706//3706 4193//4193 
f 3682//3682 4623//4623 4676//4676 
f 4168//4168 4454//4454 4453//4453 
f 3852//3852 3825//3825 4244//4244 
f 4009//4009 3641//3641 3689//3689 
f 4713//4713 4311//4311 4564//4564 
f 4342//4342 3656//3656 3886//3886 
f 4151//4151 3643//3643 4092//4092 
f 4713//4713 3656//3656 4306//4306 
f 3690//3690 3651//3651 4059//4059 
f 3827//3827 3665//3665 3658//3658 
f 4133//4133 3670//3670 3746//3746 
f 4623//4623 4142//4142 3669//3669 
f 4194//4194 4453//4453 4454//4454 
f 3998//3998 3964//3964 3702//3702 
f 4332//4332 4267//4267 3941//3941 
f 3716//3716 3895//3895 4283//4283 
f 4363//4363 4547//4547 4390//4390 
f 3827//3827 3658//3658 4280//4280 
f 4240//4240 4565//4565 3931//3931 
f 4451//4451 4668//4668 3702//3702 
f 4659//4659 4438//4438 3690//3690 
f 4149//4149 4453//4453 4494//4494 
f 3821//3821 3682//3682 3823//3823 
f 4448//4448 4459//4459 4456//4456 
f 3682//3682 4022//4022 4623//4623 
f 3823//3823 3682//3682 3824//3824 
f 4725//4725 3641//3641 4152//4152 
f 3688//3688 4116//4116 4193//4193 
f 4713//4713 4306//4306 4311//4311 
f 4133//4133 4298//4298 4677//4677 
f 4498//4498 3670//3670 3651//3651 
f 3958//3958 4574//4574 3980//3980 
f 3886//3886 4713//4713 3894//3894 
f 3827//3827 4450//4450 4407//4407 
f 4711//4711 4597//4597 4722//4722 
f 3785//3785 4226//4226 3939//3939 
f 4601//4601 3676//3676 4383//4383 
f 4372//4372 4603//4603 4621//4621 
f 3651//3651 4365//4365 4498//4498 
f 4345//4345 4707//4707 4564//4564 
f 4450//4450 3789//3789 4146//4146 
f 3785//3785 4246//4246 4226//4226 
f 3655//3655 4093//4093 4027//4027 
f 4146//4146 4248//4248 4308//4308 
f 4676//4676 3785//3785 3831//3831 
f 4043//4043 4224//4224 4686//4686 
f 4656//4656 3665//3665 3691//3691 
f 4111//4111 4229//4229 4306//4306 
f 4326//4326 4445//4445 4168//4168 
f 4705//4705 3961//3961 3789//3789 
f 4494//4494 4453//4453 4194//4194 
f 4498//4498 3746//3746 3670//3670 
f 4445//4445 3690//3690 4168//4168 
f 4335//4335 4405//4405 4067//4067 
f 3691//3691 4407//4407 4027//4027 
f 4112//4112 4306//4306 3656//3656 
f 4298//4298 3942//3942 3935//3935 
f 4407//4407 3691//3691 3665//3665 
f 3919//3919 4574//4574 3941//3941 
f 3975//3975 4677//4677 3935//3935 
f 4373//4373 4445//4445 4325//4325 
f 3688//3688 4193//4193 3706//3706 
f 4322//4322 4656//4656 4719//4719 
f 4205//4205 3644//3644 4204//4204 
f 4148//4148 3867//3867 4194//4194 
f 3970//3970 4027//4027 4006//4006 
f 4494//4494 3677//3677 4149//4149 
f 3643//3643 4563//4563 4092//4092 
f 4298//4298 3935//3935 4677//4677 
f 3641//3641 4725//4725 4663//4663 
f 4245//4245 3942//3942 4304//4304 
f 3939//3939 4226//4226 4061//4061 
f 4240//4240 3969//3969 4493//4493 
f 4066//4066 3689//3689 4161//4161 
f 4709//4709 3793//3793 4149//4149 
f 4713//4713 3886//3886 3656//3656 
f 3831//3831 3785//3785 3979//3979 
f 4246//4246 3785//3785 4549//4549 
f 4043//4043 4686//4686 4000//4000 
f 4038//4038 4601//4601 4144//4144 
f 4059//4059 4168//4168 3690//3690 
f 4025//4025 4017//4017 3817//3817 
f 4067//4067 4334//4334 4335//4335 
f 4067//4067 4202//4202 3976//3976 
f 4025//4025 3938//3938 3978//3978 
f 4149//4149 3665//3665 4151//4151 
f 4547//4547 3686//3686 4095//4095 
f 4597//4597 3835//3835 3697//3697 
f 3701//3701 4504//4504 4244//4244 
f 4597//4597 3697//3697 3674//3674 
f 3934//3934 4066//4066 4015//4015 
f 4719//4719 4027//4027 3967//3967 
f 4068//4068 3934//3934 4015//4015 
f 4488//4488 4308//4308 4248//4248 
f 3958//3958 3980//3980 4094//4094 
f 3674//3674 3697//3697 3677//3677 
f 4562//4562 4431//4431 4603//4603 
f 4604//4604 4240//4240 4493//4493 
f 4339//4339 4470//4470 4489//4489 
f 4623//4623 4022//4022 4142//4142 
f 4311//4311 4306//4306 4229//4229 
f 4266//4266 4264//4264 3918//3918 
f 4088//4088 4041//4041 4001//4001 
f 3691//3691 4027//4027 4719//4719 
f 4298//4298 4304//4304 3942//3942 
f 3941//3941 3958//3958 4264//4264 
f 4456//4456 4092//4092 4563//4563 
f 4252//4252 3741//3741 3777//3777 
f 4405//4405 4214//4214 4213//4213 
f 4068//4068 3820//3820 3934//3934 
f 4093//4093 4006//4006 4027//4027 
f 3998//3998 4538//4538 3680//3680 
f 4489//4489 4470//4470 4010//4010 
f 4001//4001 4041//4041 4046//4046 
f 4041//4041 3716//3716 4283//4283 
f 3918//3918 4264//4264 3884//3884 
f 4264//4264 4332//4332 3941//3941 
f 4601//4601 4038//4038 3970//3970 
f 4043//4043 4000//4000 3835//3835 
f 4345//4345 3958//3958 4094//4094 
f 3644//3644 4311//4311 4229//4229 
f 4566//4566 4068//4068 3935//3935 
f 3820//3820 4068//4068 3821//3821 
f 4239//4239 4603//4603 4372//4372 
f 4087//4087 4224//4224 4283//4283 
f 4009//4009 3689//3689 4011//4011 
f 3975//3975 4342//4342 4106//4106 
f 3701//3701 4244//4244 3825//3825 
f 4025//4025 3863//3863 3938//3938 
f 4061//4061 4226//4226 4470//4470 
f 4067//4067 4150//4150 4202//4202 
f 3688//3688 3935//3935 4116//4116 
f 4705//4705 3535//3535 3964//3964 
f 4010//4010 4470//4470 3968//3968 
f 4015//4015 4066//4066 4161//4161 
f 4373//4373 4659//4659 3653//3653 
f 3863//3863 4025//4025 3777//3777 
f 4150//4150 4067//4067 4213//4213 
f 4538//4538 3702//3702 4668//4668 
f 4659//4659 4373//4373 3940//3940 
f 4133//4133 4677//4677 4118//4118 
f 4245//4245 4193//4193 4116//4116 
f 4345//4345 4564//4564 4205//4205 
f 3686//3686 3665//3665 4656//4656 
f 4725//4725 4147//4147 4383//4383 
f 4563//4563 3643//3643 4620//4620 
f 4454//4454 4148//4148 4194//4194 
f 4345//4345 3961//3961 4707//4707 
f 4345//4345 4146//4146 3789//3789 
f 4662//4662 4185//4185 4547//4547 
f 3701//3701 3940//3940 4504//4504 
f 4252//4252 3775//3775 3741//3741 
f 4405//4405 4274//4274 4214//4214 
f 4722//4722 4597//4597 3674//3674 
f 4604//4604 4470//4470 4226//4226 
f 3930//3930 3968//3968 4493//4493 
f 4705//4705 3964//3964 3961//3961 
f 4133//4133 4118//4118 3670//3670 
f 3655//3655 4027//4027 4407//4407 
f 4562//4562 4603//4603 4239//4239 
f 3793//3793 4280//4280 3658//3658 
f 4161//4161 3689//3689 4663//4663 
f 3665//3665 4185//4185 4151//4151 
f 4111//4111 4204//4204 3644//3644 
f 4148//4148 3862//3862 3786//3786 
f 3824//3824 4676//4676 4139//4139 
f 4550//4550 4565//4565 4240//4240 
f 4621//4621 4185//4185 4662//4662 
f 4145//4145 4725//4725 4198//4198 
f 4144//4144 4601//4601 4383//4383 
f 3817//3817 4252//4252 4025//4025 
f 4144//4144 4383//4383 4147//4147 
f 3701//3701 4724//4724 4438//4438 
f 4550//4550 4238//4238 4018//4018 
f 4711//4711 4722//4722 3867//3867 
f 3821//3821 4068//4068 3682//3682 
f 4280//4280 4622//4622 3680//3680 
f 4044//4044 4597//4597 4711//4711 
f 4564//4564 4707//4707 4713//4713 
f 4363//4363 4452//4452 4662//4662 
f 4142//4142 4022//4022 3706//3706 
f 4566//4566 3682//3682 4068//4068 
f 4452//4452 4363//4363 4389//4389 
f 4549//4549 4676//4676 4623//4623 
f 4139//4139 4676//4676 3831//3831 
f 4450//4450 4705//4705 3789//3789 
f 4388//4388 4656//4656 4322//4322 
f 4118//4118 4059//4059 3670//3670 
f 4538//4538 3998//3998 3702//3702 
f 3697//3697 4241//4241 3984//3984 
f 4448//4448 4563//4563 4512//4512 
f 4241//4241 3998//3998 3680//3680 
f 4389//4389 4363//4363 4390//4390 
f 4549//4549 4238//4238 4246//4246 
f 4676//4676 4549//4549 3785//3785 
f 3919//3919 3941//3941 4267//4267 
f 3690//3690 4438//4438 4365//4365 
f 4450//4450 4228//4228 4705//4705 
f 4603//4603 4431//4431 3643//3643 
f 4538//4538 4668//4668 4280//4280 
f 4308//4308 4407//4407 4450//4450 
f 4000//4000 3998//3998 4241//4241 
f 4280//4280 3680//3680 4538//4538 
f 4095//4095 4390//4390 4547//4547 
f 4656//4656 3691//3691 4719//4719 
f 4194//4194 4722//4722 4494//4494 
f 3939//3939 3979//3979 3785//3785 
f 4248//4248 4093//4093 4488//4488 
f 4550//4550 4246//4246 4238//4238 
f 3852//3852 4373//4373 4325//4325 
f 3674//3674 4494//4494 4722//4722 
f 4111//4111 3644//3644 4229//4229 
f 4622//4622 3793//3793 3984//3984 
f 3535//3535 4705//4705 4228//4228 
f 3984//3984 3677//3677 3697//3697 
f 4146//4146 4093//4093 4248//4248 
f 4118//4118 4677//4677 3975//3975 
f 3793//3793 3658//3658 4149//4149 
f 4711//4711 3786//3786 4044//4044 
f 4562//4562 4239//4239 4509//4509 
f 4240//4240 4604//4604 4246//4246 
f 3862//3862 4044//4044 3786//3786 
f 4018//4018 4565//4565 4550//4550 
f 4456//4456 4563//4563 4448//4448 
f 4149//4149 3658//3658 3665//3665 
f 4048//4048 4095//4095 4656//4656 
f 4709//4709 3984//3984 3793//3793 
f 3984//3984 4241//4241 4622//4622 
f 4148//4148 3786//3786 3867//3867 
f 4018//4018 3669//3669 4142//4142 
f 4147//4147 4725//4725 4145//4145 
f 4724//4724 4498//4498 4365//4365 
f 4239//4239 4662//4662 4452//4452 
f 4663//4663 3689//3689 3641//3641 
f 3665//3665 3686//3686 4185//4185 
f 3535//3535 4228//4228 4451//4451 
f 4238//4238 4549//4549 3669//3669 
f 4451//4451 3702//3702 3964//3964 
f 4511//4511 4431//4431 4562//4562 
f 4547//4547 4363//4363 4662//4662 
f 4388//4388 4048//4048 4656//4656 
f 4241//4241 3835//3835 4000//4000 
f 3969//3969 4240//4240 3931//3931 
f 3670//3670 4059//4059 3651//3651 
f 3690//3690 3653//3653 4659//4659 
f 4245//4245 4116//4116 3942//3942 
f 4087//4087 4283//4283 3895//3895 
f 4246//4246 4550//4550 4240//4240 
f 4111//4111 4306//4306 4112//4112 
f 3643//3643 4621//4621 4603//4603 
f 3817//3817 3816//3816 4252//4252 
f 4597//4597 4044//4044 3835//3835 
f 4470//4470 4493//4493 3968//3968 
f 4335//4335 4268//4268 4405//4405 
f 4365//4365 4438//4438 4724//4724 
f 4205//4205 4564//4564 4311//4311 
f 4623//4623 3669//3669 4549//4549 
f 4707//4707 3894//3894 4713//4713 
f 4621//4621 4151//4151 4185//4185 
f 4280//4280 3793//3793 4622//4622 
f 3984//3984 4709//4709 3677//3677 
f 4448//4448 4512//4512 4459//4459 
f 4668//4668 4451//4451 4228//4228 
f 4662//4662 4372//4372 4621//4621 
f 4407//4407 4308//4308 3655//3655 
f 4228//4228 3827//3827 4668//4668 
f 4656//4656 4095//4095 3686//3686 
f 4304//4304 4298//4298 4190//4190 
f 4087//4087 4686//4686 4224//4224 
f 4185//4185 3686//3686 4547//4547 
f 3665//3665 3827//3827 4407//4407 
f 4601//4601 3970//3970 4006//4006 
f 3919//3919 3980//3980 4574//4574 
f 4283//4283 4043//4043 4041//4041 
f 4663//4663 4383//4383 3676//3676 
f 4456//4456 4461//4461 4092//4092 
f 3655//3655 4488//4488 4093//4093 
f 4151//4151 4621//4621 3643//3643 
f 4280//4280 4668//4668 3827//3827 
f 3746//3746 4724//4724 3825//3825 
f 3701//3701 4438//4438 4659//4659 
f 4470//4470 4604//4604 4493//4493 
f 3655//3655 4308//4308 4488//4488 
f 4709//4709 4149//4149 3677//3677 
f 4453//4453 4391//4391 4168//4168 
f 4391//4391 4328//4328 4168//4168 
f 4711//4711 3867//3867 3786//3786 
f 4328//4328 4329//4329 4168//4168 
f 4329//4329 4327//4327 4168//4168 
f 4327//4327 4326//4326 4168//4168 
f 3852//3852 4504//4504 4373//4373 
f 4724//4724 3746//3746 4498//4498 
f 4566//4566 4022//4022 3682//3682 
f 4018//4018 4238//4238 3669//3669 
f 4018//4018 3931//3931 4565//4565 
f 4228//4228 4450//4450 3827//3827 
f 4278//4278 4063//4063 4470//4470 
f 4339//4339 4278//4278 4470//4470 
f 4009//4009 4152//4152 3641//3641 
f 4066//4066 4011//4011 3689//3689 
f 4659//4659 3940//3940 3701//3701 
f 3690//3690 4365//4365 3651//3651 
f 3852//3852 4244//4244 4504//4504 
f 4431//4431 4620//4620 3643//3643 
f 3644//3644 4205//4205 4311//4311 
f 4116//4116 3935//3935 3942//3942 
f 4091//4091 4455//4455 3862//3862 
f 4091//4091 3862//3862 4148//4148 
f 4455//4455 4394//4394 3862//3862 
f 4394//4394 4395//4395 3862//3862 
f 4395//4395 3709//3709 3862//3862 
f 3709//3709 3635//3635 3862//3862 
f 3635//3635 3710//3710 3862//3862 
f 3710//3710 3743//3743 3862//3862 
f 4194//4194 3867//3867 4722//4722 
f 3743//3743 3744//3744 3862//3862 
f 3744//3744 4396//4396 3862//3862 
f 4396//4396 3936//3936 3862//3862 
f 3936//3936 3900//3900 3862//3862 
f 3900//3900 3864//3864 3863//3863 
f 3900//3900 3863//3863 3862//3862 
f 3864//3864 3937//3937 3863//3863 
f 3937//3937 3938//3938 3863//3863 
f 4025//4025 3978//3978 4017//4017 
f 4017//4017 3822//3822 3817//3817 
f 3822//3822 3952//3952 3912//3912 
f 3822//3822 3912//3912 3817//3817 
f 3816//3816 3775//3775 4252//4252 
f 4252//4252 3777//3777 4025//4025 
f 3775//3775 3812//3812 3712//3712 
f 3775//3775 3712//3712 3741//3741 
f 3812//3812 3878//3878 3712//3712 
f 3878//3878 3915//3915 3713//3713 
f 3878//3878 3713//3713 3712//3712 
f 3915//3915 3811//3811 3956//3956 
f 3915//3915 3956//3956 3880//3880 
f 4662//4662 4239//4239 4372//4372 
f 3742//3742 3777//3777 3741//3741 
f 3956//3956 3916//3916 3880//3880 
f 3915//3915 3880//3880 3713//3713 
f 4043//4043 4046//4046 4041//4041 
f 4161//4161 4663//4663 3957//3957 
f 4041//4041 4135//4135 3879//3879 
f 4041//4041 3879//3879 3716//3716 
f 4135//4135 3861//3861 3913//3913 
f 4135//4135 3913//3913 3879//3879 
f 3861//3861 3860//3860 3715//3715 
f 3861//3861 3715//3715 3883//3883 
f 3860//3860 3740//3740 3715//3715 
f 3861//3861 3849//3849 3913//3913 
f 3861//3861 3883//3883 3849//3849 
f 3535//3535 4451//4451 3964//3964 
f 4043//4043 4283//4283 4224//4224 
f 4087//4087 4040//4040 3853//3853 
f 4087//4087 3853//3853 3854//3854 
f 4040//4040 3855//3855 3856//3856 
f 4040//4040 3856//3856 3853//3853 
f 3855//3855 4079//4079 3856//3856 
f 4087//4087 3854//3854 4000//4000 
f 3961//3961 3887//3887 3894//3894 
f 3961//3961 3894//3894 4707//4707 
f 3887//3887 4032//4032 3894//3894 
f 4032//4032 3992//3992 3893//3893 
f 3992//3992 3857//3857 3893//3893 
f 4094//4094 4146//4146 4345//4345 
f 4032//4032 3893//3893 3894//3894 
f 4494//4494 3674//3674 3677//3677 
f 3886//3886 3850//3850 3779//3779 
f 3886//3886 3779//3779 3745//3745 
f 3850//3850 3991//3991 3780//3780 
f 3850//3850 3780//3780 3779//3779 
f 3975//3975 4112//4112 4342//4342 
f 4604//4604 4226//4226 4246//4246 
f 3886//3886 4106//4106 4342//4342 
f 4106//4106 4059//4059 3975//3975 
f 4063//4063 4061//4061 4470//4470 
f 4060//4060 3930//3930 4493//4493 
f 4241//4241 3697//3697 3835//3835 
f 4152//4152 4198//4198 4725//4725 
f 3701//3701 3825//3825 4724//4724 
f 3690//3690 4445//4445 3653//3653 
f 3970//3970 3967//3967 4027//4027 
f 3967//3967 3928//3928 4719//4719 
f 3928//3928 4384//4384 4719//4719 
f 4384//4384 4322//4322 4719//4719 
f 4452//4452 4508//4508 4239//4239 
f 4508//4508 4509//4509 4239//4239 
f 4373//4373 3653//3653 4445//4445 
f 4511//4511 4619//4619 4431//4431 
f 4619//4619 4620//4620 4431//4431 
f 4601//4601 4006//4006 3676//3676 
f 4146//4146 4308//4308 4450//4450 
f 4092//4092 4461//4461 4401//4401 
f 4092//4092 4401//4401 4339//4339 
f 4014//4014 4011//4011 4066//4066 
f 4022//4022 4566//4566 3688//3688 
f 4566//4566 3935//3935 3688//3688 
f 3957//3957 3676//3676 4006//4006 
f 4489//4489 4092//4092 4339//4339 
f 4663//4663 3676//3676 3957//3957 
f 3934//3934 4014//4014 4066//4066 
f 4104//4104 4058//4058 4105//4105 
f 4104//4104 4105//4105 3977//3977 
f 3975//3975 4059//4059 4118//4118 
f 3977//3977 4057//4057 4161//4161 
f 4057//4057 4015//4015 4161//4161 
f 4015//4015 3935//3935 4068//4068 
f 4133//4133 4190//4190 4298//4298 
f 4111//4111 4062//4062 4204//4204 
f 4062//4062 3997//3997 4204//4204 
f 3997//3997 3999//3999 4204//4204 
f 3999//3999 3960//3960 4204//4204 
f 3886//3886 3745//3745 4106//4106 
f 3960//3960 3917//3917 4204//4204 
f 3917//3917 4042//4042 4204//4204 
f 4042//4042 4039//4039 4204//4204 
f 4039//4039 4108//4108 4204//4204 
f 4108//4108 4107//4107 4204//4204 
f 4190//4190 4245//4245 4304//4304 
f 4107//4107 4089//4089 4204//4204 
f 4200//4200 4201//4201 4150//4150 
f 4201//4201 4203//4203 4150//4150 
f 4203//4203 4202//4202 4150//4150 
f 4676//4676 3824//3824 3682//3682 
f 4112//4112 3656//3656 4342//4342 
f 4345//4345 3789//3789 3961//3961 
f 4334//4334 4333//4333 4335//4335 
f 4333//4333 4016//4016 4335//4335 
f 4333//4333 4162//4162 4016//4016 
f 4143//4143 4200//4200 4204//4204 
f 4067//4067 3976//3976 4334//4334 
f 4274//4274 4219//4219 4330//4330 
f 4274//4274 4330//4330 4214//4214 
f 4219//4219 4163//4163 4330//4330 
f 4163//4163 4109//4109 4392//4392 
f 4163//4163 4392//4392 4330//4330 
f 4109//4109 4271//4271 4272//4272 
f 4109//4109 4272//4272 4220//4220 
f 4373//4373 4504//4504 3940//3940 
f 4273//4273 4213//4213 4214//4214 
f 4272//4272 4167//4167 4220//4220 
f 4200//4200 4150//4150 4204//4204 
f 4405//4405 4213//4213 4067//4067 
f 4268//4268 4274//4274 4405//4405 
f 4089//4089 4143//4143 4204//4204 
f 4043//4043 3835//3835 4044//4044 
f 4264//4264 4265//4265 4164//4164 
f 4265//4265 4217//4217 4164//4164 
f 4206//4206 4166//4166 4218//4218 
f 3958//3958 3884//3884 4264//4264 
f 4265//4265 4206//4206 4217//4217 
f 4206//4206 4110//4110 4217//4217 
f 4206//4206 4218//4218 4110//4110 
f 4207//4207 4393//4393 4166//4166 
f 4264//4264 4164//4164 4332//4332 
f 4206//4206 4207//4207 4166//4166 
f 4241//4241 3680//3680 4622//4622 
f 4109//4109 4220//4220 4392//4392 
f 3919//3919 3888//3888 4654//4654 
f 3919//3919 4654//4654 4090//4090 
f 3888//3888 3959//3959 4592//4592 
f 3888//3888 4592//4592 4654//4654 
f 3959//3959 4651//4651 4592//4592 
f 3919//3919 4090//4090 4094//4094 
f 3958//3958 3941//3941 4574//4574 
f 4345//4345 4205//4205 3958//3958 
f 4445//4445 4326//4326 4325//4325 
f 4006//4006 3994//3994 3957//3957 
f 3994//3994 4036//4036 3957//3957 
f 4534//4534 3995//3995 4037//4037 
f 4036//4036 4037//4037 3957//3957 
f 4104//4104 3977//3977 4161//4161 
f 4036//4036 4534//4534 4037//4037 
# mm_gid 80
g mmGroup80
f 4262//4262 4714//4714 4263//4263 
f 3650//3650 3782//3782 4132//4132 
f 4444//4444 3782//3782 3671//3671 
f 4600//4600 3699//3699 4661//4661 
f 4381//4381 3982//3982 4250//4250 
f 3707//3707 3666//3666 4447//4447 
f 3679//3679 4367//4367 3866//3866 
f 4117//4117 4243//4243 4596//4596 
f 3747//3747 3671//3671 3666//3666 
f 3638//3638 4515//4515 4119//4119 
f 4346//4346 4542//4542 4716//4716 
f 4609//4609 4551//4551 4312//4312 
f 4085//4085 3783//3783 4681//4681 
f 4257//4257 4362//4362 3672//3672 
f 4376//4376 3756//3756 4234//4234 
f 3758//3758 3756//3756 4475//4475 
f 4666//4666 4714//4714 4542//4542 
f 3885//3885 3707//3707 3819//3819 
f 3675//3675 4548//4548 4196//4196 
f 3685//3685 3649//3649 4706//4706 
f 3711//3711 4552//4552 4177//4177 
f 4473//4473 4114//4114 3657//3657 
f 4575//4575 3694//3694 3707//3707 
f 4712//4712 4660//4660 4594//4594 
f 4430//4430 3848//3848 3692//3692 
f 4284//4284 4191//4191 3806//3806 
f 4660//4660 4343//4343 4594//4594 
f 4669//4669 3758//3758 4354//4354 
f 4491//4491 3534//3534 4726//4726 
f 3671//3671 3650//3650 3666//3666 
f 4312//4312 4430//4430 3692//3692 
f 3881//3881 4430//4430 3847//3847 
f 4250//4250 3982//3982 4188//4188 
f 4657//4657 4723//4723 4367//4367 
f 4575//4575 4447//4447 4284//4284 
f 4414//4414 4376//4376 3540//3540 
f 3657//3657 4527//4527 4282//4282 
f 3846//3846 4540//4540 4718//4718 
f 3657//3657 3654//3654 4433//4433 
f 4179//4179 3654//3654 4235//4235 
f 4527//4527 3657//3657 4114//4114 
f 4415//4415 3787//3787 3654//3654 
f 3687//3687 4657//4657 4382//4382 
f 4716//4716 4714//4714 4261//4261 
f 4723//4723 4259//4259 4406//4406 
f 3673//3673 4444//4444 4548//4548 
f 4346//4346 4406//4406 4259//4259 
f 3757//3757 4471//4471 4432//4432 
f 3757//3757 4432//4432 4513//4513 
f 3650//3650 3671//3671 3782//3782 
f 4261//4261 4714//4714 4262//4262 
f 4552//4552 4243//4243 4177//4177 
f 4681//4681 4605//4605 3924//3924 
f 4528//4528 4471//4471 4581//4581 
f 4681//4681 4609//4609 4605//4605 
f 4536//4536 4343//4343 4477//4477 
f 4173//4173 4546//4546 3634//3634 
f 4197//4197 4598//4598 4351//4351 
f 4675//4675 4424//4424 4515//4515 
f 4114//4114 3540//3540 4527//4527 
f 4687//4687 4655//4655 4706//4706 
f 3534//3534 3905//3905 4726//4726 
f 3652//3652 4374//4374 3783//3783 
f 4299//4299 4258//4258 4492//4492 
f 4258//4258 4260//4260 4492//4492 
f 3692//3692 3848//3848 4117//4117 
f 4513//4513 3982//3982 4293//4293 
f 4414//4414 4114//4114 4473//4473 
f 3539//3539 3904//3904 3990//3990 
f 4501//4501 4305//4305 4612//4612 
f 3638//3638 3679//3679 3818//3818 
f 3534//3534 4129//4129 3905//3905 
f 4020//4020 3851//3851 3920//3920 
f 3652//3652 4632//4632 3973//3973 
f 4596//4596 4020//4020 3792//3792 
f 4708//4708 3681//3681 4653//4653 
f 3699//3699 4600//4600 4500//4500 
f 3806//3806 4575//4575 4284//4284 
f 4681//4681 4374//4374 4609//4609 
f 3759//3759 4661//4661 3699//3699 
f 4115//4115 3787//3787 4415//4415 
f 3633//3633 4473//4473 4433//4433 
f 4377//4377 4434//4434 4653//4653 
f 3707//3707 3885//3885 3666//3666 
f 3638//3638 3819//3819 4675//4675 
f 4594//4594 3905//3905 4129//4129 
f 4085//4085 4186//4186 3783//3783 
f 3638//3638 4675//4675 4515//4515 
f 4020//4020 3920//3920 4605//4605 
f 3747//3747 4720//4720 4174//4174 
f 4513//4513 4188//4188 3982//3982 
f 4297//4297 4020//4020 4596//4596 
f 4424//4424 4612//4612 4299//4299 
f 4717//4717 4630//4630 4324//4324 
f 3685//3685 4706//4706 4655//4655 
f 3681//3681 3707//3707 3694//3694 
f 4528//4528 4290//4290 4471//4471 
f 3675//3675 4196//4196 4540//4540 
f 3848//3848 3778//3778 4177//4177 
f 3540//3540 4114//4114 4414//4414 
f 3539//3539 4281//4281 3904//3904 
f 4191//4191 4667//4667 4422//4422 
f 4305//4305 3672//3672 4362//4362 
f 4257//4257 4706//4706 3649//3649 
f 4653//4653 3681//3681 3694//3694 
f 4446//4446 4439//4439 4479//4479 
f 3747//3747 3666//3666 3885//3885 
f 4174//4174 4720//4720 4522//4522 
f 4235//4235 4282//4282 4180//4180 
f 4475//4475 3756//3756 4376//4376 
f 4675//4675 3819//3819 4501//4501 
f 3652//3652 4715//4715 4632//4632 
f 3657//3657 4433//4433 4473//4473 
f 4527//4527 4376//4376 4234//4234 
f 4260//4260 4259//4259 3687//3687 
f 4723//4723 3687//3687 4259//4259 
f 4598//4598 4500//4500 4600//4600 
f 4423//4423 4422//4422 4667//4667 
f 4573//4573 4115//4115 3631//3631 
f 4282//4282 4352//4352 3534//3534 
f 4491//4491 4180//4180 3534//3534 
f 4632//4632 4522//4522 3885//3885 
f 3633//3633 3787//3787 4173//4173 
f 3632//3632 4115//4115 4415//4415 
f 4115//4115 4173//4173 3787//3787 
f 4632//4632 4718//4718 4196//4196 
f 4415//4415 3654//3654 4476//4476 
f 3877//3877 3842//3842 3539//3539 
f 4542//4542 4026//4026 4242//4242 
f 4305//4305 4687//4687 3672//3672 
f 3905//3905 4594//4594 4343//4343 
f 4177//4177 4117//4117 3848//3848 
f 4282//4282 3534//3534 4180//4180 
f 4367//4367 4225//4225 4657//4657 
f 4263//4263 4666//4666 4323//4323 
f 4723//4723 4303//4303 3866//3866 
f 4491//4491 4726//4726 4490//4490 
f 4242//4242 4717//4717 4666//4666 
f 4720//4720 3885//3885 4522//4522 
f 4343//4343 4536//4536 4726//4726 
f 4423//4423 4667//4667 3844//3844 
f 3634//3634 3633//3633 4173//4173 
f 3739//3739 4573//4573 3631//3631 
f 4490//4490 4726//4726 4536//4536 
f 4179//4179 4476//4476 3654//3654 
f 4610//4610 4573//4573 3773//3773 
f 4542//4542 4346//4346 4026//4026 
f 4469//4469 4669//4669 4250//4250 
f 4469//4469 4234//4234 3756//3756 
f 3973//3973 4609//4609 4374//4374 
f 4351//4351 4661//4661 4141//4141 
f 3783//3783 4715//4715 3652//3652 
f 3921//3921 4681//4681 3924//3924 
f 3846//3846 3845//3845 4540//4540 
f 3844//3844 4667//4667 3842//3842 
f 4655//4655 4687//4687 4501//4501 
f 4664//4664 4324//4324 4630//4630 
f 4186//4186 4715//4715 3783//3783 
f 3814//3814 4716//4716 3813//3813 
f 4196//4196 4718//4718 4540//4540 
f 4382//4382 4119//4119 4515//4515 
f 4367//4367 3679//3679 4225//4225 
f 3747//3747 4174//4174 4444//4444 
f 3932//3932 3924//3924 4605//4605 
f 3813//3813 4716//4716 3776//3776 
f 4661//4661 3759//3759 4141//4141 
f 3885//3885 3973//3973 4632//4632 
f 3634//3634 4690//4690 3711//3711 
f 4717//4717 4242//4242 4630//4630 
f 4374//4374 4681//4681 3783//3783 
f 3776//3776 4716//4716 4261//4261 
f 3673//3673 3810//3810 3954//3954 
f 4362//4362 4612//4612 4305//4305 
f 4449//4449 4234//4234 4469//4469 
f 4439//4439 4422//4422 4585//4585 
f 4234//4234 4449//4449 4290//4290 
f 4381//4381 4293//4293 3982//3982 
f 4661//4661 4598//4598 4600//4600 
f 3921//3921 4085//4085 4681//4681 
f 4522//4522 4548//4548 4174//4174 
f 4690//4690 3634//3634 4546//4546 
f 4242//4242 4381//4381 4630//4630 
f 4259//4259 4293//4293 4026//4026 
f 3685//3685 3784//3784 3649//3649 
f 3707//3707 3681//3681 4655//4655 
f 4119//4119 4657//4657 4225//4225 
f 4500//4500 4598//4598 4256//4256 
f 4281//4281 3696//3696 4447//4447 
f 4723//4723 4657//4657 3687//3687 
f 3990//3990 3650//3650 4031//4031 
f 4381//4381 4250//4250 4669//4669 
f 4191//4191 4284//4284 4447//4447 
f 4446//4446 4477//4477 4343//4343 
f 3904//3904 4281//4281 3666//3666 
f 4303//4303 4723//4723 4406//4406 
f 3842//3842 3696//3696 3539//3539 
f 4377//4377 4086//4086 3759//3759 
f 4500//4500 4377//4377 3699//3699 
f 4446//4446 4343//4343 4660//4660 
f 4527//4527 3540//3540 4376//4376 
f 3973//3973 4551//4551 4609//4609 
f 4020//4020 4610//4610 3851//3851 
f 4429//4429 4667//4667 4191//4191 
f 4303//4303 4406//4406 4346//4346 
f 4726//4726 3905//3905 4343//4343 
f 4666//4666 4542//4542 4242//4242 
f 3711//3711 4177//4177 3778//3778 
f 3757//3757 4581//4581 4471//4471 
f 4540//4540 3810//3810 3675//3675 
f 4723//4723 3866//3866 4367//4367 
f 4186//4186 4718//4718 4715//4715 
f 4492//4492 4515//4515 4424//4424 
f 4174//4174 4548//4548 4444//4444 
f 4447//4447 3666//3666 4281//4281 
f 4548//4548 3675//3675 3673//3673 
f 4447//4447 4575//4575 3707//3707 
f 4720//4720 3747//3747 3885//3885 
f 4424//4424 4299//4299 4492//4492 
f 3972//3972 4605//4605 3920//3920 
f 4354//4354 4664//4664 4669//4669 
f 4522//4522 4196//4196 4548//4548 
f 4377//4377 3759//3759 3699//3699 
f 4581//4581 3757//3757 4077//4077 
f 4429//4429 3842//3842 4667//4667 
f 4434//4434 4377//4377 4500//4500 
f 3687//3687 4382//4382 4492//4492 
f 4439//4439 4660//4660 4712//4712 
f 4552//4552 4297//4297 4243//4243 
f 4690//4690 4297//4297 4552//4552 
f 4086//4086 4653//4653 3694//3694 
f 4449//4449 4250//4250 4188//4188 
f 4381//4381 4242//4242 4026//4026 
f 4596//4596 4243//4243 4297//4297 
f 3954//3954 3993//3993 3673//3673 
f 4117//4117 4596//4596 4312//4312 
f 3657//3657 4282//4282 3654//3654 
f 4303//4303 3818//3818 3679//3679 
f 3638//3638 4119//4119 4225//4225 
f 4444//4444 3673//3673 3782//3782 
f 3810//3810 4540//4540 4084//4084 
f 3973//3973 4374//4374 3652//3652 
f 3881//3881 3848//3848 4430//4430 
f 4492//4492 4382//4382 4515//4515 
f 4714//4714 4716//4716 4542//4542 
f 4708//4708 4653//4653 4434//4434 
f 3758//3758 4469//4469 3756//3756 
f 4609//4609 3792//3792 4605//4605 
f 4132//4132 3673//3673 4078//4078 
f 4501//4501 4612//4612 4675//4675 
f 4084//4084 4540//4540 4083//4083 
f 4661//4661 4351//4351 4598//4598 
f 3882//3882 3847//3847 4430//4430 
f 4610//4610 4297//4297 4690//4690 
f 4083//4083 4540//4540 3845//3845 
f 4432//4432 4290//4290 4449//4449 
f 3757//3757 4513//4513 4293//4293 
f 4447//4447 3696//3696 4429//4429 
f 4632//4632 4196//4196 4522//4522 
f 4500//4500 4256//4256 4434//4434 
f 4708//4708 4434//4434 3784//3784 
f 3650//3650 3990//3990 3904//3904 
f 4575//4575 3806//3806 4086//4086 
f 3951//3951 3539//3539 3990//3990 
f 3971//3971 3882//3882 4551//4551 
f 3993//3993 4078//4078 3673//3673 
f 4716//4716 4303//4303 4346//4346 
f 4492//4492 4260//4260 3687//3687 
f 4718//4718 4186//4186 3846//3846 
f 4259//4259 4026//4026 4346//4346 
f 3904//3904 3666//3666 3650//3650 
f 4354//4354 4324//4324 4664//4664 
f 3787//3787 4433//4433 3654//3654 
f 4475//4475 4354//4354 3758//3758 
f 3632//3632 3631//3631 4115//4115 
f 4573//4573 4610//4610 4546//4546 
f 4243//4243 4117//4117 4177//4177 
f 4086//4086 3694//3694 4575//4575 
f 3774//3774 3773//3773 4573//4573 
f 4293//4293 4077//4077 3757//3757 
f 3814//3814 3818//3818 4716//4716 
f 4281//4281 3539//3539 3696//3696 
f 4197//4197 4199//4199 4256//4256 
f 4086//4086 4141//4141 3759//3759 
f 4199//4199 4254//4254 4256//4256 
f 4254//4254 4255//4255 4593//4593 
f 4254//4254 4593//4593 4256//4256 
f 4255//4255 3543//3543 4652//4652 
f 4255//4255 4652//4652 4593//4593 
f 3543//3543 3545//3545 4486//4486 
f 3543//3543 4486//4486 4535//4535 
f 3545//3545 4704//4704 4486//4486 
f 4256//4256 4598//4598 4197//4197 
f 4704//4704 4703//4703 4486//4486 
f 3543//3543 4535//4535 4652//4652 
f 4299//4299 4697//4697 3546//3546 
f 4299//4299 4302//4302 4697//4697 
f 4302//4302 4700//4700 4696//4696 
f 4302//4302 4364//4364 4700//4700 
f 4364//4364 3544//3544 4700//4700 
f 4364//4364 4428//4428 3544//3544 
f 4428//4428 4426//4426 4427//4427 
f 4428//4428 4361//4361 4426//4426 
f 4428//4428 4427//4427 3544//3544 
f 4302//4302 4696//4696 4697//4697 
f 4299//4299 3546//3546 4258//4258 
f 4669//4669 4664//4664 4381//4381 
f 3707//3707 4655//4655 3819//3819 
f 4609//4609 4312//4312 3792//3792 
f 4432//4432 4471//4471 4290//4290 
f 4581//4581 4295//4295 4528//4528 
f 4295//4295 4080//4080 4528//4528 
f 4080//4080 4076//4076 4582//4582 
f 4080//4080 4582//4582 4528//4528 
f 4076//4076 4237//4237 4420//4420 
f 4076//4076 4420//4420 4584//4584 
f 4237//4237 4353//4353 4420//4420 
f 4416//4416 4290//4290 4528//4528 
f 4353//4353 4292//4292 4420//4420 
f 4480//4480 4477//4477 4446//4446 
f 4292//4292 4643//4643 4695//4695 
f 4292//4292 4695//4695 4420//4420 
f 4076//4076 4584//4584 4582//4582 
f 4641//4641 4416//4416 4528//4528 
f 4352//4352 4291//4291 3534//3534 
f 4291//4291 4539//4539 4129//4129 
f 4414//4414 4475//4475 4376//4376 
f 4642//4642 4181//4181 4474//4474 
f 4642//4642 4182//4182 4181//4181 
f 4181//4181 4526//4526 4474//4474 
f 4642//4642 4474//4474 4539//4539 
f 4474//4474 4418//4418 4539//4539 
f 4478//4478 4480//4480 4446//4446 
f 4291//4291 4583//4583 4539//4539 
f 4594//4594 4294//4294 4640//4640 
f 4294//4294 3950//3950 3873//3873 
f 4294//4294 3873//3873 4640//4640 
f 3950//3950 3989//3989 3873//3873 
f 3989//3989 4033//4033 3910//3910 
f 3989//3989 3910//3910 3873//3873 
f 4583//4583 4642//4642 4539//4539 
f 4640//4640 3806//3806 4191//4191 
f 4115//4115 4573//4573 4173//4173 
f 4362//4362 4299//4299 4612//4612 
f 4434//4434 4256//4256 4257//4257 
f 4718//4718 4632//4632 4715//4715 
f 4469//4469 4250//4250 4449//4449 
f 3638//3638 4225//4225 3679//3679 
f 4020//4020 4605//4605 3792//3792 
f 3673//3673 4132//4132 3782//3782 
f 4439//4439 4712//4712 4640//4640 
f 4257//4257 3784//3784 4434//4434 
f 4188//4188 4513//4513 4449//4449 
f 3877//3877 3539//3539 3911//3911 
f 4085//4085 3630//3630 4186//4186 
f 3630//3630 3815//3815 4186//4186 
f 3815//3815 3846//3846 4186//4186 
f 4282//4282 4527//4527 4352//4352 
f 4669//4669 4469//4469 3758//3758 
f 3784//3784 3685//3685 4708//4708 
f 3773//3773 3851//3851 4610//4610 
f 4132//4132 4031//4031 3650//3650 
f 4430//4430 4312//4312 4551//4551 
f 3933//3933 3971//3971 4551//4551 
f 4664//4664 4630//4630 4381//4381 
f 3842//3842 4429//4429 3696//3696 
f 3973//3973 3933//3933 4551//4551 
f 4706//4706 3672//3672 4687//4687 
f 4594//4594 4640//4640 4712//4712 
f 4381//4381 4026//4026 4293//4293 
f 4585//4585 4479//4479 4439//4439 
f 3747//3747 4444//4444 3671//3671 
f 4182//4182 4236//4236 4181//4181 
f 4282//4282 4235//4235 3654//3654 
f 4479//4479 4478//4478 4446//4446 
f 4432//4432 4449//4449 4513//4513 
f 3818//3818 4303//4303 4716//4716 
f 3739//3739 3774//3774 4573//4573 
f 4657//4657 4119//4119 4382//4382 
f 4020//4020 4297//4297 4610//4610 
f 4666//4666 4717//4717 4323//4323 
f 4324//4324 4323//4323 4717//4717 
f 3951//3951 3911//3911 3539//3539 
f 4666//4666 4263//4263 4714//4714 
f 3633//3633 4433//4433 3787//3787 
f 4129//4129 3534//3534 4291//4291 
f 4690//4690 4546//4546 4610//4610 
f 4655//4655 3681//3681 3685//3685 
f 4430//4430 4551//4551 3882//3882 
f 4596//4596 3792//3792 4312//4312 
f 4690//4690 4552//4552 3711//3711 
f 4687//4687 4305//4305 4501//4501 
f 4312//4312 3692//3692 4117//4117 
f 4191//4191 4422//4422 4640//4640 
f 4439//4439 4640//4640 4422//4422 
f 4446//4446 4660//4660 4439//4439 
f 4173//4173 4573//4573 4546//4546 
f 3819//3819 3638//3638 3818//3818 
f 4257//4257 3649//3649 3784//3784 
f 3810//3810 3673//3673 3675//3675 
f 4653//4653 4086//4086 4377//4377 
f 4424//4424 4675//4675 4612//4612 
f 4257//4257 3672//3672 4706//4706 
f 4429//4429 4191//4191 4447//4447 
f 3932//3932 4605//4605 3972//3972 
f 4655//4655 4501//4501 3819//3819 
f 3685//3685 3681//3681 4708//4708 
f 3679//3679 3866//3866 4303//4303 
# mm_gid 81
g mmGroup81
f 4251//4251 4510//4510 4606//4606 
f 4440//4440 3642//3642 3788//3788 
f 4607//4607 3788//3788 4545//4545 
f 3889//3889 4465//4465 4545//4545 
f 4607//4607 3833//3833 4555//4555 
f 3858//3858 3828//3828 3859//3859 
f 4514//4514 4555//4555 3833//3833 
f 3667//3667 4300//4300 4408//4408 
f 4368//4368 4045//4045 4047//4047 
f 4045//4045 4368//4368 4518//4518 
f 4608//4608 4315//4315 4378//4378 
f 4002//4002 4607//4607 4465//4465 
f 4047//4047 4045//4045 4005//4005 
f 3859//3859 3828//3828 4510//4510 
f 3828//3828 4608//4608 3981//3981 
f 4300//4300 3788//3788 3642//3642 
f 4518//4518 4131//4131 3668//3668 
f 4510//4510 4251//4251 4317//4317 
f 4386//4386 4045//4045 4518//4518 
f 4607//4607 3965//3965 3833//3833 
f 4366//4366 3889//3889 4545//4545 
f 4514//4514 4440//4440 3788//3788 
f 4545//4545 3667//3667 4366//4366 
f 3981//3981 4606//4606 4510//4510 
f 3981//3981 3668//3668 4131//4131 
f 3981//3981 3642//3642 4606//4606 
f 3829//3829 4608//4608 3828//3828 
f 4460//4460 4440//4440 4458//4458 
f 4253//4253 4510//4510 4317//4317 
f 4607//4607 4555//4555 3788//3788 
f 4131//4131 4518//4518 4368//4368 
f 3981//3981 4608//4608 3668//3668 
f 4607//4607 4002//4002 3965//3965 
f 4368//4368 4408//4408 4131//4131 
f 3889//3889 3962//3962 4465//4465 
f 4313//4313 4510//4510 4253//4253 
f 4545//4545 4465//4465 4607//4607 
f 4386//4386 4518//4518 4378//4378 
f 3788//3788 4300//4300 3667//3667 
f 4195//4195 4317//4317 4251//4251 
f 3929//3929 4537//4537 4366//4366 
f 3890//3890 4368//4368 4320//4320 
f 4131//4131 4408//4408 4300//4300 
f 4366//4366 4537//4537 3889//3889 
f 4514//4514 3788//3788 4555//4555 
f 4368//4368 4366//4366 4408//4408 
f 3898//3898 3962//3962 3899//3899 
f 4366//4366 4368//4368 3890//3890 
f 3899//3899 3962//3962 3889//3889 
f 4300//4300 3642//3642 3981//3981 
f 4608//4608 4378//4378 4518//4518 
f 3667//3667 4408//4408 4366//4366 
f 4002//4002 4465//4465 3962//3962 
f 3788//3788 3667//3667 4545//4545 
f 3925//3925 3889//3889 4537//4537 
f 4440//4440 4251//4251 3642//3642 
f 4251//4251 4440//4440 4460//4460 
f 4518//4518 3668//3668 4608//4608 
f 3781//3781 3962//3962 3898//3898 
f 3890//3890 3929//3929 4366//4366 
f 3926//3926 4320//4320 4368//4368 
f 3927//3927 3926//3926 4368//4368 
f 4595//4595 3927//3927 4368//4368 
f 4047//4047 4595//4595 4368//4368 
f 4387//4387 4045//4045 4386//4386 
f 4386//4386 4321//4321 4385//4385 
f 4385//4385 3891//3891 3966//3966 
f 4385//4385 4321//4321 3891//3891 
f 4315//4315 3830//3830 4316//4316 
f 4316//4316 4314//4314 4375//4375 
f 4386//4386 4378//4378 4321//4321 
f 4457//4457 4458//4458 4440//4440 
f 3829//3829 3828//3828 3826//3826 
f 3865//3865 4462//4462 4514//4514 
f 4113//4113 3865//3865 4514//4514 
f 4021//4021 4113//4113 4514//4514 
f 3833//3833 4021//4021 4514//4514 
f 3833//3833 3903//3903 3832//3832 
f 3832//3832 3903//3903 3902//3902 
f 3833//3833 4140//4140 3903//3903 
f 4608//4608 3829//3829 4315//4315 
f 4002//4002 3892//3892 3922//3922 
f 3922//3922 3892//3892 3963//3963 
f 4002//4002 3923//3923 3892//3892 
f 4002//4002 3962//3962 3923//3923 
f 4514//4514 3901//3901 4440//4440 
f 3901//3901 4457//4457 4440//4440 
f 4300//4300 3981//3981 4131//4131 
f 4251//4251 4606//4606 3642//3642 
f 4315//4315 3829//3829 3830//3830 
f 3828//3828 3981//3981 4510//4510 
f 3833//3833 3965//3965 4140//4140 
f 4316//4316 3830//3830 4314//4314 
f 4003//4003 3889//3889 3925//3925 
# mm_gid 82
g mmGroup82
f 4658//4658 3698//3698 4569//4569 
f 4310//4310 4344//4344 4710//4710 
f 3738//3738 4437//4437 4441//4441 
f 3996//3996 4024//4024 3698//3698 
f 4631//4631 4359//4359 4569//4569 
f 4082//4082 4187//4187 4310//4310 
f 4569//4569 3698//3698 4024//4024 
f 3738//3738 4698//4698 4437//4437 
f 4499//4499 4024//4024 4441//4441 
f 3955//3955 4694//4694 3996//3996 
f 4694//4694 4441//4441 4024//4024 
f 4649//4649 4310//4310 4019//4019 
f 4665//4665 4698//4698 4586//4586 
f 4665//4665 4499//4499 4437//4437 
f 4310//4310 4187//4187 4344//4344 
f 4658//4658 4569//4569 4359//4359 
f 4710//4710 4019//4019 4310//4310 
f 4648//4648 4421//4421 4483//4483 
f 4631//4631 4569//4569 4499//4499 
f 3738//3738 4441//4441 4192//4192 
f 4355//4355 4301//4301 4417//4417 
f 4359//4359 3695//3695 4710//4710 
f 3808//3808 4658//4658 3772//3772 
f 4658//4658 4359//4359 4344//4344 
f 4649//4649 4019//4019 4360//4360 
f 4310//4310 4647//4647 4650//4650 
f 4192//4192 4441//4441 4694//4694 
f 4647//4647 4310//4310 4649//4649 
f 4665//4665 4631//4631 4499//4499 
f 4658//4658 4137//4137 3698//3698 
f 4035//4035 4702//4702 4187//4187 
f 4441//4441 4437//4437 4499//4499 
f 4631//4631 4421//4421 3695//3695 
f 4658//4658 4344//4344 3772//3772 
f 4481//4481 4421//4421 4531//4531 
f 4710//4710 4344//4344 4359//4359 
f 4710//4710 4301//4301 4019//4019 
f 4421//4421 4631//4631 4483//4483 
f 3717//3717 4137//4137 4658//4658 
f 4481//4481 4357//4357 4421//4421 
f 4004//4004 3996//3996 4137//4137 
f 3714//3714 3717//3717 4658//4658 
f 4417//4417 4301//4301 4421//4421 
f 4301//4301 4710//4710 3695//3695 
f 4586//4586 4698//4698 4699//4699 
f 4301//4301 3695//3695 4421//4421 
f 4631//4631 3695//3695 4359//4359 
f 4694//4694 4024//4024 3996//3996 
f 4187//4187 3772//3772 4344//4344 
f 4569//4569 4024//4024 4499//4499 
f 3896//3896 3996//3996 3897//3897 
f 4530//4530 3772//3772 4187//4187 
f 4701//4701 4530//4530 4187//4187 
f 4485//4485 4701//4701 4187//4187 
f 4702//4702 4485//4485 4187//4187 
f 4082//4082 4035//4035 4187//4187 
f 4650//4650 4082//4082 4310//4310 
f 4650//4650 4591//4591 4590//4590 
f 4590//4590 4591//4591 4533//4533 
f 4650//4650 4588//4588 4591//4591 
f 4531//4531 4421//4421 4648//4648 
f 4645//4645 4644//4644 4665//4665 
f 4649//4649 4484//4484 4487//4487 
f 4487//4487 4484//4484 4532//4532 
f 4649//4649 4360//4360 4425//4425 
f 4650//4650 4647//4647 4588//4588 
f 4644//4644 4587//4587 4665//4665 
f 4649//4649 4425//4425 4484//4484 
f 3996//3996 3698//3698 4137//4137 
f 4358//4358 4301//4301 4355//4355 
f 4529//4529 4483//4483 4665//4665 
f 4587//4587 4529//4529 4665//4665 
f 4586//4586 4645//4645 4665//4665 
f 4698//4698 4589//4589 4646//4646 
f 4646//4646 4419//4419 4482//4482 
f 4698//4698 3738//3738 4589//4589 
f 4646//4646 4589//4589 4419//4419 
f 4192//4192 4034//4034 4138//4138 
f 4138//4138 4081//4081 4136//4136 
f 4192//4192 4694//4694 4034//4034 
f 4694//4694 3955//3955 3547//3547 
f 4665//4665 4437//4437 4698//4698 
f 3809//3809 4658//4658 3808//3808 
f 4296//4296 4301//4301 4358//4358 
f 4138//4138 4034//4034 4081//4081 
f 3714//3714 4658//4658 3809//3809 
f 4360//4360 4301//4301 4356//4356 
f 3953//3953 3996//3996 3896//3896 
f 3897//3897 3996//3996 4004//4004 
f 4665//4665 4483//4483 4631//4631 
f 4356//4356 4301//4301 4296//4296 
f 4360//4360 4019//4019 4301//4301 
